"Key","Item Type","Publication Year","Author","Title","Publication Title","ISBN","ISSN","DOI","Url","Abstract Note","Date","Date Added","Date Modified","Access Date","Pages","Num Pages","Issue","Volume","Number Of Volumes","Journal Abbreviation","Short Title","Series","Series Number","Series Text","Series Title","Publisher","Place","Language","Rights","Type","Archive","Archive Location","Library Catalog","Call Number","Extra","Notes","File Attachments","Link Attachments","Manual Tags","Automatic Tags","Editor","Series Editor","Translator","Contributor","Attorney Agent","Book Author","Cast Member","Commenter","Composer","Cosponsor","Counsel","Interviewer","Producer","Recipient","Reviewed Author","Scriptwriter","Words By","Guest","Number","Edition","Running Time","Scale","Medium","Artwork Size","Filing Date","Application Number","Assignee","Issuing Authority","Country","Meeting Name","Conference Name","Court","References","Reporter","Legal Status","Priority Numbers","Programming Language","Version","System","Code","Code Number","Section","Session","Committee","History","Legislative Body"
"T5D6RS3T","conferencePaper","2025","C. A. Galvis-Florez; A. Farooq; S. Särkkä","Quantum-Assisted Gaussian Process Regression Using Random Fourier Features","2025 IEEE International Conference on Quantum Software (QSW)","","","10.1109/QSW67625.2025.00012","","Probabilistic machine learning models are distinguished by their ability to integrate prior knowledge of noise statistics, smoothness parameters, and training data uncertainty. A common approach involves modeling data with Gaussian processes; however, their computational complexity quickly becomes intractable as the training dataset grows. To address this limitation, we introduce a quantum-assisted algorithm for sparse Gaussian process regression based on the random Fourier feature kernel approximation. We start by encoding the data matrix into a quantum state using a multi-controlled unitary operation, which encodes the classical representation of the random Fourier features matrix used for kernel approximation. We then employ a quantum principal component analysis along with a quantum phase estimation technique to extract the spectral decomposition of the kernel matrix. We apply a conditional rotation operator to the ancillary qubit based on the eigenvalue. We then use Hadamard and swap tests to compute the mean and variance of the posterior Gaussian distribution. We achieve a polynomialorder computational speedup relative to the classical method.","2025-07-07","2026-07-02 19:56:59","2026-07-10 00:57:28","","22-27","","","","","","","","","","","","","","","","","","","","Journal Abbreviation: 2025 IEEE International Conference on Quantum Software (QSW)","","","","Data models; Eigenvalues and eigenfunctions; Feature extraction; Gaussian process regression; Gaussian processes; Kernel; kernel function approximation; Matrix decomposition; Principal component analysis; quantum principal component analysis; Quantum state; Quantum-assisted algorithm; random Fourier features; Software algorithms; Sparse matrices","","","","","","","","","","","","","","","","","","","","","","","","","","","","","","","","2025 IEEE International Conference on Quantum Software (QSW)","","","","","","","","","","","","","","",""
"B8RB34E7","conferencePaper","2023","H. Kim","Evaluation of Entaglement-based Quantum Key Distribution for Genome Data Transmission","2023 IEEE MIT Undergraduate Research Technology Conference (URTC)","","","10.1109/URTC60662.2023.10534960","","Quantum Key Distribution (QKD) provides a method for two parties to communicate securely by generating a private key. Using IBM Qiskit, a python-based quantum software development kit, the Ekert 91 Protocol has been simulated on IBM's “qasm_simulator” using 864 maximally entangled states from a simulated photon source. Considering both cases where there is and is not an eavesdropper intercepting the entangled photons, the Clauser-Horne-Shimony-Holt (CHSH) inequality demonstrated that the use of entanglement-based QKD to encrypt genome data (length of 1 million bases) with one-time-pad encryption is theoretically highly viable.","2023-10-06","2026-07-02 19:56:59","2026-07-10 00:58:24","","1-4","","","","","","","","","","","","","","","","","","","","Journal Abbreviation: 2023 IEEE MIT Undergraduate Research Technology Conference (URTC)","","","","CHSH Inequality; Data communication; E91 Protocol; Encryption; Genomics; Protocols; Quantum Cryptography; Quantum entanglement; Quantum key distribution; Quantum Key Distribution; Software","","","","","","","","","","","","","","","","","","","","","","","","","","","","","","","","2023 IEEE MIT Undergraduate Research Technology Conference (URTC)","","","","","","","","","","","","","","",""
"H92EH399","conferencePaper","2023","A. M. K. Cheng","Work in Progress: Response Time Analysis of Real-Time Quantum Computing Systems","2023 IEEE 29th Real-Time and Embedded Technology and Applications Symposium (RTAS)","2642-7346","","10.1109/RTAS58335.2023.00033","","Despite the potential of quantum computing for drastically accelerating suitable real-time applications, response time analysis is still required to guarantee that quantum programs running on quantum computers satisfy application-specific timing requirements. This paper describes an inaugural project to determine whether a quantum program running on a quantum computer satisfies the timing constraints of a realtime application, that is, is quantum computing punctual and reliable in this time-sensitive application domain? Can this timing guarantee be formally verified? We leverage the existing work on the functional reactive programming (FRP) model to predict the worst-case response time (WCRT) of fault-tolerant classical computing systems since the timing analysis of re-executions for fault recovery plus transient-faults-induced wasted execution times is similar to determining the response time of FRP tasks. Ongoing work shows that accounting for wasted execution times due to errors in quantum computers resulting from quantum decoherence and state fidelity can be treated similarly and develops a mapping from quantum programs to FRP programs for efficient timing analysis.","2023-05-09","2026-07-02 19:56:59","2026-07-10 00:56:57","","329-332","","","","","","","","","","","","","","","","","","","","Journal Abbreviation: 2023 IEEE 29th Real-Time and Embedded Technology and Applications Symposium (RTAS)","","","","Computers; Fault tolerance; Fault tolerant systems; Formal verification; Programming; Quantum computing; Quantum decoherence; Real-time systems; Reliability; Response time analysis","","","","","","","","","","","","","","","","","","","","","","","","","","","","","","","","2023 IEEE 29th Real-Time and Embedded Technology and Applications Symposium (RTAS)","","","","","","","","","","","","","","",""
"TNA9ZI8V","conferencePaper","2025","J. J. Park; J. Seo; S. Bae; S. Y. -C. Chen; H. -H. Tseng; J. Cha; S. Yoo","Resting-State fMRI Analysis Using Quantum Time-Series Transformer","2025 IEEE International Conference on Quantum Computing and Engineering (QCE)","","","10.1109/QCE65121.2025.00256","","Resting-state functional magnetic resonance imaging (fMRI) has emerged as a pivotal tool for revealing intrinsic brain network connectivity and identifying neural biomarkers of neuropsychiatric conditions. However, classical self-attention transformer models—despite their formidable representational power—struggle with quadratic complexity, large parameter counts, and substantial data requirements. To address these barriers, we introduce a Quantum Time-series Transformer, a novel quantum-enhanced transformer architecture leveraging Linear Combination of Unitaries and Quantum Singular Value Transformation. Unlike classical transformers, Quantum Timeseries Transformer operates with polylogarithmic computational complexity, markedly reducing training overhead and enabling robust performance even with fewer parameters and limited sample sizes. Empirical evaluation on the largest-scale fMRI datasets from the Adolescent Brain Cognitive Development Study and the UK Biobank demonstrates that Quantum Time-series Transformer achieves comparable or superior predictive performance compared to state-of-the-art classical transformer models, with especially pronounced gains in small-sample scenarios. Interpretability analyses using SHapley Additive exPlanations further reveal that Quantum Time-series Transformer reliably identifies clinically meaningful neural biomarkers of attentiondeficit/hyperactivity disorder (ADHD). These findings underscore the promise of quantum-enhanced transformers in advancing computational neuroscience by more efficiently modeling complex spatio-temporal dynamics and improving clinical interpretability.","2025-09-30","2026-07-02 19:56:59","2026-07-10 00:58:39","","2352-2363","","","01","","","","","","","","","","","","","","","","","Journal Abbreviation: 2025 IEEE International Conference on Quantum Computing and Engineering (QCE)","","","","Quantum computing; Biological system modeling; Biomarkers; Brain modeling; computational efficiency; Computational modeling; Functional magnetic resonance imaging; generalizability in small sample size; Integrated circuit modeling; interpretability; Neuroimaging; quantum application in neuropsychopathology; quantum transformer; resting-state functional mri; spatio-temporal learning; Training; Transformers","","","","","","","","","","","","","","","","","","","","","","","","","","","","","","","","2025 IEEE International Conference on Quantum Computing and Engineering (QCE)","","","","","","","","","","","","","","",""
"NB3EQBLR","conferencePaper","2024","A. Świerkowska; J. Echavarria; L. Schulz; M. Schulz","Achieving Pareto-Optimality in Quantum Circuit Compilation via a Multi-Objective Heuristic Optimization Approach","2024 IEEE International Conference on Quantum Computing and Engineering (QCE)","","","10.1109/QCE60285.2024.10297","","High Performance Computing-Quantum Computing (HPCQC) integration presents a promising yet challenging opportunity, particularly in the area of quantum circuit compilation and optimization, requiring further advancements in the field of Quantum Computing (QC). To address this, we introduce the Munich Quantum Compiler, a key component of the Munich Quantum Software Stack (MQSS). This compiler employs a heuristic-based approach to select a Pareto-optimal subset of optimizations in the form of LLVM passes for quantum circuits described in an LLVM-compliant Intermediate Representation (IR).","2024-09-15","2026-07-02 19:56:59","2026-07-10 00:57:03","","306-310","","","02","","","","","","","","","","","","","","","","","Journal Abbreviation: 2024 IEEE International Conference on Quantum Computing and Engineering (QCE)","","","","Quantum circuit; Logic gates; Optimization; Benchmark testing; Encoding; Full stack; Genetic Algorithm; LLVM; MOEA; Multi-objective Optimization; NSGA-II; Parallel processing; QIR; Quantum Compilation; Quantum Computing","","","","","","","","","","","","","","","","","","","","","","","","","","","","","","","","2024 IEEE International Conference on Quantum Computing and Engineering (QCE)","","","","","","","","","","","","","","",""
"A4V7LNWC","journalArticle","2022","F. Chiti; R. Picchi; L. Pierucci","Metropolitan Quantum-Drone Networking and Computing: A Software-Defined Perspective","IEEE Access","","2169-3536","10.1109/ACCESS.2022.3226127","","Swarms of drones are utilized in a wide range of applications, considering that they can be deployed on-demand and are economically affordable. Furthermore, they can also have a significant role in the creation of future Quantum Networks (QNs). As a matter of fact, the use of drones allows deploying a non terrestrial Quantum Metropolitan Area Network (QMAN), overcoming Optical Fibers’ (OFs) limits, due to the large percentage of photons that scatters before reaching the receiver. However, random fluctuations of drones’ positions and atmospheric turbulence can affect the quality of the Free Space Optic (FSO) link with a significant impact on performance. Considering that Quantum Drone Networks (QDNs) require significant control, Software-Defined Networking (SDN) paradigm can play a key role in their provisioning. Specifically, an SDN Controller is responsible for managing the global strategies for the distribution of end-to-end (E2E) entangled pairs. Therefore, this paper provides the design of an SDN-based architecture for supporting high-performance Metropolitan Quantum Drone Networks (MQDNs) with a specific protocol for creating entanglement between two Ground Stations (GSs) through the swarm of drones. The proposed architecture can be employed for distributed quantum computing applications and entanglement-based Quantum Key Distribution (QKD) services. Moreover, a suited objective function to optimize the planning and operation of the swarm mission has been proposed. Finally, the paper provides a performance evaluation considering the most relevant metrics, such as fidelity, entanglement rate, and the overhead of the proposed protocol, pointing out that even higher performance than OFs is achievable.","2022","2026-07-02 19:56:59","2026-07-10 00:58:00","","126062-126073","","","10","","IEEE Access","","","","","","","","","","","","","","","","","","","Protocols; Quantum entanglement; Quantum computing; Qubit; Computer architecture; Drones; Quantum cloud; quantum drone swarms; quantum internet; quantum key distribution; quantum software-defined networking; Teleportation","","","","","","","","","","","","","","","","","","","","","","","","","","","","","","","","","","","","","","","","","","","","","","",""
"8R3YXK68","journalArticle","2025","D. Alvarez-Estevez","Benchmarking Quantum Machine Learning Kernel Training for Classification Tasks","IEEE Transactions on Quantum Engineering","","2689-1808","10.1109/TQE.2025.3541882","","Quantum-enhanced machine learning is a rapidly evolving field that aims to leverage the unique properties of quantum mechanics to enhance classical machine learning. However, the practical applicability of these methods remains an open question, particularly beyond the context of specifically crafted toy problems, and given the current limitations of quantum hardware. This study focuses on quantum kernel methods in the context of classification tasks. In particular, it examines the performance of quantum kernel estimation and quantum kernel training (QKT) in connection with two quantum feature mappings, namely, ZZFeatureMap and CovariantFeatureMap. Remarkably, these feature maps have been proposed in the literature under the conjecture of possible near-term quantum advantage and have shown promising performance in ad hoc datasets. This study aims to evaluate their versatility and generalization capabilities in a more general benchmark, encompassing both artificial and established reference datasets. Classical machine learning methods, specifically support vector machines and logistic regression, are also incorporated as baseline comparisons. Experimental results indicate that quantum methods exhibit varying performance across different datasets. Despite outperforming classical methods in ad hoc datasets, mixed results are obtained for the general case among standard classical benchmarks. The experimental data call into question a general added value of applying QKT optimization, for which the additional computational cost does not necessarily translate into improved classification performance. Instead, it is suggested that a careful choice of the quantum feature map in connection with proper hyperparameterization may prove more effective.","2025","2026-07-02 19:56:59","2026-07-10 00:57:36","","1-15","","","6","","IEEE Transactions on Quantum Engineering","","","","","","","","","","","","","","","","","","","Kernel; Quantum state; Vectors; Quantum computing; Training; Benchmark testing; Estimation; Benchmarking; Machine learning; quantum kernel estimation (QKE); quantum kernel training (QKT), quantum machine learning (QML); Quantum mechanics; Support vector machines","","","","","","","","","","","","","","","","","","","","","","","","","","","","","","","","","","","","","","","","","","","","","","",""
"25X2WPHN","conferencePaper","2023","J. Romero-Alvarez; J. Alvarado-Valiente; E. Moguel; J. Garcia-Alonso; J. M. Murillo","A Workflow for the Continuous Deployment of Quantum Services","2023 IEEE International Conference on Software Services Engineering (SSE)","","","10.1109/SSE60056.2023.00015","","The rapid advancements in quantum computing have opened new possibilities for solving complex problems in various fields, including cryptography, optimization, and simulation. However, the current approaches to quantum computing often require a deep understanding of quantum hardware and low-level programming languages, making it difficult for software developers to create and deploy quantum services. This paper argues for the adaptation of Service-Oriented Computing principles to quantum computing, enabling a level of abstraction from hardware that allows developers to focus on application development. This will allow developers to create and deploy quantum services, similarly to how Service-Oriented Computing has made it easier to develop traditional software services. This paper presents a Continuous Deployment approach for quantum service development, which involves the generation and deployment of quantum services. To do that, we propose an extension of the OpenAPI specification to generate services implementing a quantum algorithm. To validate the feasibility of the proposed process, we use a variety of quantum algorithm implementations to test their generation and deployment of quantum services.","2023-07-02","2026-07-02 19:56:59","2026-07-10 00:58:42","","1-8","","","","","","","","","","","","","","","","","","","","Journal Abbreviation: 2023 IEEE International Conference on Software Services Engineering (SSE)","","","","Software; Hardware; Quantum Computing; Codes; Quantum algorithm; Containers; Continuous Deployment; OpenAPI; Quantum Services; Quantum Software Development; Source coding; Uniform resource locators","","","","","","","","","","","","","","","","","","","","","","","","","","","","","","","","2023 IEEE International Conference on Software Services Engineering (SSE)","","","","","","","","","","","","","","",""
"ITR4PBVC","journalArticle","2024","F. Qi; K. N. Smith; T. LeCompte; N. -f. Tzeng; X. Yuan; F. T. Chong; L. Peng","Quantum Vulnerability Analysis to Guide Robust Quantum Computing System Design","IEEE Transactions on Quantum Engineering","","2689-1808","10.1109/TQE.2023.3343625","","While quantum computers provide exciting opportunities for information processing, they currently suffer from noise during computation that is not fully understood. Incomplete noise models have led to discrepancies between quantum program success rate (SR) estimates and actual machine outcomes. For example, the estimated probability of success (ESP) is the state-of-the-art metric used to gauge quantum program performance. The ESP suffers poor prediction since it fails to account for the unique combination of circuit structure, quantum state, and quantum computer properties specific to each program execution. Thus, an urgent need exists for a systematic approach that can elucidate various noise impacts and accurately and robustly predict quantum computer success rates, emphasizing application and device scaling. In this article, we propose quantum vulnerability analysis (QVA) to systematically quantify the error impact on quantum applications and address the gap between current success rate (SR) estimators and real quantum computer results. The QVA determines the cumulative quantum vulnerability (CQV) of the target quantum computation, which quantifies the quantum error impact based on the entire algorithm applied to the target quantum machine. By evaluating the CQV with well-known benchmarks on three 27-qubit quantum computers, the CQV success estimation outperforms the estimated probability of success state-of-the-art prediction technique by achieving on average six times less relative prediction error, with best cases at 30 times, for benchmarks with a real SR rate above 0.1%. Direct application of QVA has been provided that helps researchers choose a promising compiling strategy at compile time.","2024","2026-07-02 19:56:59","2026-07-10 00:58:10","","1-11","","","5","","IEEE Transactions on Quantum Engineering","","","","","","","","","","","","","","","","","","","Computers; Quantum computing; Logic gates; Computational modeling; Integrated circuit modeling; Benchmark testing; Error analysis; resilience; Resilience; success rate (SR); vulnerability analysis","","","","","","","","","","","","","","","","","","","","","","","","","","","","","","","","","","","","","","","","","","","","","","",""
"ACVKX8PV","conferencePaper","2025","A. Mjeda; H. Murray","Quantum Babel: Breaching the Notational and Conceptual Divide of Physics and Mathematics to Build Quantum Intuition in Computer Science Students","2025 IEEE International Conference on Quantum Computing and Engineering (QCE)","","","10.1109/QCE65121.2025.20534","","Quantum computing poses unique challenges for computer science students due to the field's reliance on mathematical formalism, abstract physical concepts, and unfamiliar notation. While computer science students are typically proficient in algorithmic thinking and systems design, they often lack the background in quantum mechanics and linear algebra necessary to navigate the field's conceptual landscape. This mismatch can result in a form of disciplinary dissonance, a ‘Quantum Babel', where understanding breaks down due to divergent cognitive and notational frameworks. This paper proposes a layered, analogy-driven pedagogical framework that re-contextualizes quantum concepts using metaphors and structures familiar to CS learners. Grounded in cognitive load theory and analogical reasoning, the approach aims to reduce extraneous cognitive load through metaphorical scaffolding. For example, the quantum Hamiltonian is recast as an operating system task scheduler, facilitating intuitive understanding of time evolution and energy landscapes in quantum systems. We present a series of conceptual mappings and illustrative examples that enable learners to build quantum intuition using analogies drawn from classical computing domains such as signal processing, debugging, and resource scheduling. Our goal is to foster quantum intuition in learners without requiring a deep background in physics, supporting the emergence of a new generation of quantum-literate computer scientists. This work contributes to the growing field of quantum software engineering education and lays the foundation for empirically validated, cross-disciplinary teaching tools.","2025-09-30","2026-07-02 19:56:59","2026-07-10 00:57:01","","119-128","","","03","","","","","","","","","","","","","","","","","Journal Abbreviation: 2025 IEEE International Conference on Quantum Computing and Engineering (QCE)","","","","Quantum computing; Software engineering; Education; Quantum mechanics; Computer science; analogies; Cognitive load; computer science; curriculum development; education; layered learning; Operating systems; pedagogy; quantum; scaffolding; Signal processing; Signal processing algorithms; System analysis and design; teaching","","","","","","","","","","","","","","","","","","","","","","","","","","","","","","","","2025 IEEE International Conference on Quantum Computing and Engineering (QCE)","","","","","","","","","","","","","","",""
"29MV75PV","conferencePaper","2023","A. M. Krol; K. Mesman; A. Sarkar; Z. Al-Ars","Efficient Parameterised Compilation for Hybrid Quantum Programming","2023 IEEE International Conference on Quantum Computing and Engineering (QCE)","","","10.1109/QCE57702.2023.10192","","Near term quantum devices have the potential to outperform classical computing through the use of hybrid classical-quantum algorithms such as Variational Quantum Eigensolvers. These iterative algorithms use a classical optimiser to update a parameterised quantum circuit. Each iteration, the circuit is executed on a physical quantum processor or quantum computing simulator, and the average measurement result is passed back to the classical optimiser. When many iterations are required, the whole quantum program is also recompiled many times. We have implemented explicit parameters that prevent recompilation of the whole program in the quantum programming framework OpenQL, called OpenQLPC. These parameters improve the compilation and therefore total runtime for hybrid quantum-classical algorithms. We compare the time required for compilation and simulation of the MAXCUT algorithm in OpenQLpcto the same algorithm in both PyQuil and Qiskit. We show that efficient handling of parameterised circuits results in up to 70 % reduction in total compilation time for the MAXCUT benchmark, and leads to a reduced total execution time. When using OpenQLPC, compilation of hybrid algorithms is up to two times faster than when using PyQuil or Qiskit.","2023-09-17","2026-07-02 19:56:59","2026-07-10 00:56:59","","103-111","","","02","","","","","","","","","","","","","","","","","Journal Abbreviation: 2023 IEEE International Conference on Quantum Computing and Engineering (QCE)","","","","Programming; Quantum computing; Benchmark testing; Runtime; Compilation techniques; Compilers; Control systems; Heuristic algorithms; Hybrid algorithms; Parameterisation; Programming languages; Proposals; Quantum programming; Time measurement","","","","","","","","","","","","","","","","","","","","","","","","","","","","","","","","2023 IEEE International Conference on Quantum Computing and Engineering (QCE)","","","","","","","","","","","","","","",""
"MBYZLFUC","conferencePaper","2025","J. John; L. Golla; Q. Wang","Stealthy Conditional Trojans in Quantum Circuits","2025 26th International Symposium on Quality Electronic Design (ISQED)","1948-3295","","10.1109/ISQED65160.2025.11014343","","Quantum computing has demonstrated superior efficiency compared to classical computing. Quantum circuits are essential for implementing functions and achieving correct computational outcomes. Quantum circuit compilers, which translate high-level quantum operations into hardware-specific gates while optimizing performance, serve as the interface between the quantum software stack and physical quantum machines. However, untrusted compilers can introduce malicious hardware Trojans into quantum circuits, altering their functionality and leading to incorrect results. In the world of classical computing, effective hardware Trojans are a critical threat to integrated circuits. This process often involves stealthily inserting conditional logic gates that activate under specific input conditions. In this paper, we propose a novel advanced quantum Trojan that is controllable, allowing it to be activated or deactivated under different circumstances. These Trojans remain dormant until triggered by predefined input conditions, making detection challenging. Through a series of benchmark experiments, we demonstrate the feasibility of this method by evaluating the effectiveness of embedding controlled trojans in quantum circuits and measuring their impact on circuit performance and security.","2025-04-23","2026-07-02 19:56:59","2026-07-10 00:58:39","","1-7","","","","","","","","","","","","","","","","","","","","Journal Abbreviation: 2025 26th International Symposium on Quality Electronic Design (ISQED)","","","","Quantum circuit; Hardware; Logic gates; Benchmark testing; Full stack; Circuit optimization; Integrated circuits; Security; Trojan horses","","","","","","","","","","","","","","","","","","","","","","","","","","","","","","","","2025 26th International Symposium on Quality Electronic Design (ISQED)","","","","","","","","","","","","","","",""
"5ZPH7WN4","journalArticle","2026","J. Kim; J. Kim; J. Choi; J. Cho; J. Hong; H. Jeong; D. Min; I. Byun; M. Tanaka; K. Inoue","Architecting a Full-Stack Superconducting Fault-Tolerant Quantum Computer","IEEE Micro","","1937-4143","10.1109/MM.2026.3665565","","To run a practical size of quantum program, computer architects have been making tremendous efforts to realize fault-tolerant quantum computing (FTQC), which constructs a fault-tolerant logical qubit by correcting many erroneous physical qubits during runtime. However, it is extremely challenging to build a full-stack FTQC system consisting of heterogeneous stacks, where each stack incurs unique challenges regarding fault tolerance, and the interplay of the challenges incurs very complicated overall design choice problem. Therefore, computer architects must fully understand stack-specific optimizations and their system-level tradeoffs and resolve all the challenges together. In this article, we first introduce critical design challenges in architecting an FTQC system built on superconducting technology, and then present our research outcomes to resolve the challenges to build an FTQC system capable of realizing thousands of logical qubits. We also outline near-future directions to resolve the remaining challenges and provide insights toward realizing more scalable future FTQC systems.","2026-04","2026-07-02 19:56:59","2026-07-10 00:58:40","","93-101","","2","46","","IEEE Micro","","","","","","","","","","","","","","","","","","","Scalability; Fault tolerant systems; Quantum computing; Logic gates; Qubit; Error analysis; Decoding; Lattices; Superconducting logic circuits","","","","","","","","","","","","","","","","","","","","","","","","","","","","","","","","","","","","","","","","","","","","","","",""
"PB5ZAI2B","journalArticle","2024","J. D. Malcolm; A. Roth; M. Radic; P. Martín-Ramiro; J. Oillarburu; B. Aizpurua; R. Orús; S. Mugel","Multidisk Clutch Optimization Using Quantum Annealing","IEEE Transactions on Quantum Engineering","","2689-1808","10.1109/TQE.2024.3441229","","In this article, we apply a quantum optimization algorithm to solve a combinatorial problem with significant practical relevance occurring in clutch manufacturing. It is demonstrated how quantum optimization can play a role in real industrial applications in the manufacturing sector. Using the quantum annealer provided by D-Wave Systems, we analyze the performance of the quantum and quantum–classical hybrid solvers and compare them to deterministic- and random-algorithm classical benchmark solvers. The continued evolution of the quantum technology, indicating an expectation for even greater relevance in the future, is discussed, and the revolutionary potential it could have in the manufacturing sector is highlighted.","2024","2026-07-02 19:56:59","2026-07-10 00:58:37","","1-10","","","5","","IEEE Transactions on Quantum Engineering","","","","","","","","","","","","","","","","","","","Quantum computing; Optimization; Quantum algorithm; Annealing; Clutch manufacturing; combinatorial optimization; Combinatorial testing; Friction; Manufacturing; quadratic unconstrained binary optimization (QUBO) formulations; quantum annealing; Quantum annealing; quantum computing applications; quantum–classical hybrid algorithms","","","","","","","","","","","","","","","","","","","","","","","","","","","","","","","","","","","","","","","","","","","","","","",""
"DUKUZ65M","journalArticle","2025","J. Li; P. Zheng; Z. Li; K. Xue; Z. Xie; N. Yu; Q. Sun; J. Lu","Integration of Quantum Key Distribution Networks and Classical Networks: An Evolution Perspective","IEEE Network","","1558-156X","10.1109/MNET.2025.3537691","","As a promising quantum application, Quantum Key Distribution (QKD) technology has been rapidly developed from point-to-point communication to a large-scale commercial network. However, considering the cost of QKD components and network infrastructure, building a QKD network is challenged by its expensive capital expenditure, which significantly hinders its future popularization. In this article, we envision an evolution roadmap consisting of three stages for the future development of QKD networks, aiming at achieving a fully integrated network architecture that combines QKD and telecommunications networks. Powered by several critical technologies, such as link multiplexing, miniaturized QKD, and transmission optimization, QKD is foreseen to be integrated into telecommunications networks as an add-on module that can be flexibly deployed. After that, we introduce the integrated network architecture design in detail, and respectively provide four QKD-related function implementations. At last, key technologies that should be concerned and further investigated are also discussed with performance evaluation, which can provide theoretical guidance for both industries and academia. Based on the proposed roadmap and integrated architecture, we believe a scalable, easy-to-use, and affordable QKD service can be brought to current telecommunication networks, and extensively applied by ordinary people while using daily applications.","2025-05","2026-07-02 19:56:59","2026-07-10 00:58:41","","180-187","","3","39","","IEEE Network","","","","","","","","","","","","","","","","","","","Protocols; Quantum key distribution; Hardware; Computer architecture; evolution roadmap; integrated network architecture; Internet; Network architecture; Optical fiber communication; Optical fiber networks; Optical switches; Quantum channels; Quantum key distribution networks; Telecommunications; telecommunications networks","","","","","","","","","","","","","","","","","","","","","","","","","","","","","","","","","","","","","","","","","","","","","","",""
"N4KRNR3W","journalArticle","2024","C. Sanavio; S. Tibaldi; E. Tignone; E. Ercolessi","Quantum Circuit for Imputation of Missing Data","IEEE Transactions on Quantum Engineering","","2689-1808","10.1109/TQE.2024.3447875","","The imputation of missing data is a common procedure in data analysis that consists in predicting missing values of incomplete data points. In this work, we analyze a variational quantum circuit for the imputation of missing data. We construct variational quantum circuits with gates complexity $\mathcal {O}(N)$ and $\mathcal {O}(N^{2})$ that return the last missing bit of a binary string for a specific distribution. We train and test the performance of the algorithms on a series of datasets finding good convergence of the results. Finally, we test the circuit for generalization to unseen data. For simple systems, we are able to describe the circuit analytically, making it possible to skip the tedious and unresolved problem of training the circuit with repetitive measurements. We find beforehand the optimal values of the parameters and make use of them to construct an optimal circuit suited to the generation of truly random data.","2024","2026-07-02 19:56:59","2026-07-10 00:57:30","","1-12","","","5","","IEEE Transactions on Quantum Engineering","","","","","","","","","","","","","","","","","","","Quantum circuit; Quantum computing; Logic gates; Training; Qubit; quantum computing; Probability distribution; Correlation; Data integrity; Imputation; Imputation missing data; variational quantum circuit","","","","","","","","","","","","","","","","","","","","","","","","","","","","","","","","","","","","","","","","","","","","","","",""
"DXIP2ZK6","journalArticle","2023","J. Guo; H. Lou; J. Yu; R. Li; W. Fang; J. Liu; P. Long; S. Ying; M. Ying","isQ: An Integrated Software Stack for Quantum Programming","IEEE Transactions on Quantum Engineering","","2689-1808","10.1109/TQE.2023.3275868","","We introduce isQ, a new software stack for quantum programming in an imperative programming language, also named isQ. The aim of isQ is to make programmers write quantum programs as conveniently as possible. In particular, 1) the isQ language and its compiler contain many useful features, including but not limited to classical control flow, such as recursion, decomposition of self-defined unitary gates, and oracle programming and its circuit realization. 2) To make it flexible, an isQ program can be compiled into several different kinds of intermediate representation and assemblies, including QIR, eQASM, OpenQASM 3.0, and QCIS (specially tailored for the superconducting quantum hardware at the University of Science and Technology of China). 3) Besides interfacing isQ with real superconducting hardware, a QIR simulator is also developed for the demonstration and testing of isQ programs. The isQ software stack encompasses abundant compiler optimizations of high-level quantum programs. To realize it, a distinct multilevel intermediate representation (MLIR) dialect name isQ-IR is proposed.","2023","2026-07-02 19:56:59","2026-07-10 00:58:38","","1-16","","","4","","IEEE Transactions on Quantum Engineering","","","","","","","","","","","","","","","","","","","Quantum computing; Real-time systems; Hardware; Qubit; Full stack; Program processors; Compilers; Computer languages; programming languages; quantum computing stacks","","","","","","","","","","","","","","","","","","","","","","","","","","","","","","","","","","","","","","","","","","","","","","",""
"HS8H8UHP","journalArticle","2026","J. Drewniok; M. Walter; S. Sze Hang Ng; K. Walus; R. Wille","QuickCell: Fast Automatic Design of Standard Cells for Silicon Dangling Bond Logic","IEEE Transactions on Computer-Aided Design of Integrated Circuits and Systems","","1937-4151","10.1109/TCAD.2025.3605537","","In recent years, Silicon Dangling Bond (SiDB) logic has emerged as a promising beyond-CMOS technology due to its integration density and operating frequency. This advancement is driving the development of comprehensive design automation workflows, including physical simulators and gate design tools. Unlike conventional circuit technology, where logic is implemented through transistors, SiDB logic utilizes quantum dots with variable charge states. By strategically arranging these dots, standard logic functions like or, and, nand, and so on can be implemented, which are usually provided as standard cells in design processes. However, finding such arrangements that implement a given Boolean function is a tremendously complex task that involves considering numerous candidates and verifying them through computationally expensive physical simulation. Hence, the automatic obtainment of SiDB logic layouts is thus far limited to simple two-input functions only, which already require substantial computation resources. In contrast, conventional physical design algorithms for VLSI have long transitioned from single-gate considerations to multiinput standard cells. To address this challenge, this article proposes QuickCell, a fast algorithm for automatic standard cell design for SiDB logic that uses dedicated search space pruning techniques. In an extensive experimental evaluation, it is demonstrated that combining these pruning techniques yields: 1) a drastic reduction of the search space amounting to up to six orders of magnitude; 2) a corresponding decrease of the runtime by up to a factor of 91; 3) the capability to handle more complex functionality, as, for example, utilized in standard cells, for the first time, significantly narrowing the gap between SiDB logic and conventional CMOS design paradigms; and 4) a significant speedup compared to physical simulation (up to a factor of 10000), with near independence from the number of input–output (I/O) pins when determining the nonoperationality of a given layout. This efficiency makes these techniques—and by extension QuickCell—a powerful enabler for the design of complex standard cells.","2026-04","2026-07-02 19:57:59","2026-07-10 00:58:38","","1769-1781","","4","45","","IEEE Transactions on Computer-Aided Design of Integrated Circuits and Systems","","","","","","","","","","","","","","","","","","","Logic gates; Layout; Atomic-scale computing; design space pruning; Electric potential; Electrostatics; Libraries; Logic; Logic design; Pins; silicon dangling bonds (SiDBs); standard cell design methodology; Standards; Wire","","","","","","","","","","","","","","","","","","","","","","","","","","","","","","","","","","","","","","","","","","","","","","",""
"I3GT4T8W","journalArticle","2026","J. Yu; Y. Wu; Q. Wang; C. Song; K. Mao; J. Cai","Double-Sided Funnel-Shaped Through Silicon Via Interposer by Wet-Etching Method for Superconducting Quantum Application","IEEE Electron Device Letters","","1558-0563","10.1109/LED.2026.3703907","","In this work, a wet-etching method utilizing the different etch rates on various silicon crystal planes is adopted to fabricate fully superconducting partially-filled double-sided funnel-shaped niobium through silicon via (TSV) with highly smooth sidewall. To evaluate the fabrication quality of TSVs, scanning electron microscopy (SEM), focused ion beam (FIB), and energy dispersive spectroscopy (EDS) are employed to examine the conformality of sputtered Nb and photoresist (PR) on TSV sidewalls for different openings. Daisy chain test vehicle (TV) containing 288 TSVs with 200, 300, and 400μmopening all exhibit highly consistent transition temperature (Tc). Wide-range thermal cycling (TC) under 300-1.68-300K has been performed for 22 times without obvious degradation of superconducting transition property. Moerover, the critical current (Ic) measured using the Gifford-McMahon cryocooler is 354 mA. Based on this structure, the comprehensive simulations are further investigated including novel 3D lumped resonator design with interdigitated capacitor (IDC) and meander inductor, electrical response varied with different opening values, and mechanical stress distribution after TC, providing a useful reference for future 3D quantum processor design.","2026","2026-07-02 19:57:59","2026-07-10 00:58:43","","1-1","","","","","IEEE Electron Device Letters","","","","","","","","","","","","","","","","","","","Routing; Design methodology; Electrons; Filling; Light emitting diodes; Niobium; Resonators; Sputtering; Superconducting; Through-silicon vias; TSV; wet etching; Wet etching","","","","","","","","","","","","","","","","","","","","","","","","","","","","","","","","","","","","","","","","","","","","","","",""
"I7R6UNNK","conferencePaper","2026","L. Burgholzer; D. Haag; Y. Stade; D. Rovara; P. Hopf; R. Wille","Focus Session Paper: The MQT Compiler Collection : A Blueprint for a Future-Proof Quantum-Classical Compilation Framework","2026 Design, Automation & Test in Europe Conference (DATE)","1558-1101","","10.23919/DATE69613.2026.11539504","","As the capabilities of quantum computing hardware continue to rise, algorithms that exploit them are becoming increasingly complex. These developments increase the need for sophisticated compilation frameworks that translate high-level algorithms into executable code. In the past, most solutions were built with a quantum-first approach and handled mostly pure quantum programs without classical elements such as structured control flow. However, developments in quantum algorithms, error correction, and optimization, as well as the integration into high-performance computing (HPC) environments, depend on such classical elements. As quantum-first approaches increasingly struggle to handle these concepts, classical-first approaches are becoming a promising alternative. In this work, we present the MQT Compiler Collection, a blueprint for a future-proof quantum-classical compilation framework built on the Multi-Level Intermediate Representation (MLIR). After years of experience with the quantum-first approach and its shortcomings, we propose a framework that embraces core MLIR concepts to support the full compilation pipeline from high-level algorithms to hardware-specific instructions. The proposed architecture is designed from the ground up to support complex optimizations beyond, e.g., simple gate cancellation. It is publicly available at github.com/munich-quantum-toolkit/core.","2026-04-20","2026-07-02 19:57:59","2026-07-10 00:59:13","","1-7","","","","","","","","","","","","","","","","","","","","Journal Abbreviation: 2026 Design, Automation & Test in Europe Conference (DATE)","","","","Programming; Hardware; Optimization; Qubit; Program processors; High performance computing; Printing; Design methodology; Algorithms; Fluid flow","","","","","","","","","","","","","","","","","","","","","","","","","","","","","","","","2026 Design, Automation & Test in Europe Conference (DATE)","","","","","","","","","","","","","","",""
"EI6JBP5T","conferencePaper","2023","Á. M. Aparicio-Morales; J. L. Herrera; E. Moguel; J. Berrocal; J. Garcia-Alonso; J. M. Murillo","Minimizing Deployment Cost of Hybrid Applications","2023 IEEE International Conference on Quantum Computing and Engineering (QCE)","","","10.1109/QCE57702.2023.10209","","Within Quantum Software Engineering, the development of hybrid classical-quantum applications is an active research topic. Concretely, there is a focus on the usage of microservices architectures to offer quantum functionalities through classical service gateways. However, while there are methodologies and tools to automatically determine the best deployment for classical applications, this is not the case for hybrid applications, which are especially complicated to deploy due to their specific quantum-requirements. In this paper, we propose Cost Minimizer, a tool to determine the most cost-effective classical and quantum machines to deploy hybrid microservice-based applications. We believe Cost Minimizer will be a step towards achieving a better interaction between classical and quantum computing systems.","2023-09-17","2026-07-02 19:57:59","2026-07-10 00:56:41","","191-194","","","02","","","","","","","","","","","","","","","","","Journal Abbreviation: 2023 IEEE International Conference on Quantum Computing and Engineering (QCE)","","","","Quantum computing; Software engineering; Logic gates; Computer architecture; Costs; Cost Minimizer; Microservice architectures; Quantum; Software Engineering","","","","","","","","","","","","","","","","","","","","","","","","","","","","","","","","2023 IEEE International Conference on Quantum Computing and Engineering (QCE)","","","","","","","","","","","","","","",""
"9M6VM7CT","journalArticle","2023","J. Guo; M. Ying","Software Pipelining for Quantum Loop Programs","IEEE Transactions on Software Engineering","","1939-3520","10.1109/TSE.2022.3232623","","We propose a method for performing software pipelining on quantum for-loop programs to exploit parallelism in and across iterations. We redefined concepts useful in program optimization, including array aliasing, instruction dependency, and resource conflict required in optimizing quantum programs. Using these concepts, we present a software pipelining framework exploiting instruction-level parallelism in quantum loop programs. This method is further enhanced with several improvements to reduce total gate count and program depth. The optimization method is then evaluated on some popular quantum algorithms like Grover and QAOA, and compared under different configurations and with several baseline compilers. The evaluation results show that our approach can schedule loop programs with depth close to the depth of the entire loop unrolling while generating smaller code sizes and consuming much less time. This is the first step towards optimization of a quantum program with such loop control flow, as far as we know.","2023-04-01","2026-07-02 19:57:59","2026-07-10 00:58:38","","2815-2828","","4","49","","IEEE Transactions on Software Engineering","","","","","","","","","","","","","","","","","","","Software; Logic gates; Optimization; Qubit; Task analysis; Topology; quantum program compilation; Quantum program scheduling; Timing","","","","","","","","","","","","","","","","","","","","","","","","","","","","","","","","","","","","","","","","","","","","","","",""
"JTNAVQZG","conferencePaper","2026","D. Rovara; L. Burgholzer; R. Wille","Quantum Hardware-Efficient Selection of Auxiliary Variables for QUBO Formulations","2026 Design, Automation & Test in Europe Conference (DATE)","1558-1101","","10.23919/DATE69613.2026.11539407","","The Quantum Approximate Optimization Algorithm (QAOA) requires considered optimization problems to be translated into a compatible format. A popular transformation step in this pipeline involves the quadratization of higher-order binary optimization problems, translating them into Quadratic Unconstrained Binary Optimization (QUBO) formulations through the introduction of auxiliary variables. Conventional algorithms for the selection of auxiliary variables often aim to minimize the total number of required variables without taking the constraints of the underlying quantum computer—in particular, the connectivity of its qubits—into consideration. This quickly results in interaction graphs that are incompatible with the target device, resulting in a substantial compilation overhead even with highly optimized compilers. To address this issue, this work presents a novel approach for the selection of auxiliary variables tailored for architectures with limited connectivity. By specifically constructing an interaction graph with a regular structure and a limited maximal degree of vertices, we find a way to construct QAOA circuits that can be mapped efficiently to a variety of architectures. We show that, compared to circuits constructed from a QUBO formulation using conventional auxiliary selection methods, the proposed approach reduces the circuit depth by almost 40%. An implementation of all proposed methods is publicly available at https://github.com/munich-quantum-toolkit/problemsolver.","2026-04-20","2026-07-02 19:57:59","2026-07-10 00:57:38","","1-7","","","","","","","","","","","","","","","","","","","","Journal Abbreviation: 2026 Design, Automation & Test in Europe Conference (DATE)","","","","Hardware; Optimization; Qubit; Circuits; Costs; Printing; Algorithms; Cost function; Costing; Joining processes","","","","","","","","","","","","","","","","","","","","","","","","","","","","","","","","2026 Design, Automation & Test in Europe Conference (DATE)","","","","","","","","","","","","","","",""
"IECGK52S","conferencePaper","2025","J. Zappin; T. Stalnaker; O. Chaparro; D. Poshyvanyk","Bridging the Quantum Divide: Aligning Academic and Industry Goals in Software Engineering","2025 IEEE/ACM International Workshop on Quantum Software Engineering (Q-SE)","","","10.1109/Q-SE66736.2025.00013","","This position paper examines the substantial divide between academia and industry within quantum software engineering. For example, while academic research related to debugging and testing predominantly focuses on a limited subset of primarily quantum-specific issues, industry practitioners face a broader range of practical concerns, including software integration, compatibility, and real-world implementation hurdles. This disconnect mainly arises due to academia's limited access to industry practices and the often confidential, competitive nature of quantum development in commercial settings. As a result, academic advancements often fail to translate into actionable tools and methodologies that meet industry needs. By analyzing discussions within quantum developer forums, we identify key gaps in focus and resource availability that hinder progress on both sides. We propose collaborative efforts aimed at developing practical tools, methodologies, and best practices to bridge this divide, enabling academia to address the application-driven needs of industry and fostering a more aligned, sustainable ecosystem for quantum software development.","2025-05-03","2026-07-02 19:57:59","2026-07-10 00:58:44","","43-47","","","","","","","","","","","","","","","","","","","","Journal Abbreviation: 2025 IEEE/ACM International Workshop on Quantum Software Engineering (Q-SE)","","","","Software; Debugging; Software development management; Software engineering; Quantum mechanics; Testing; Industries; Collaboration; Ecosystems; Faces","","","","","","","","","","","","","","","","","","","","","","","","","","","","","","","","2025 IEEE/ACM International Workshop on Quantum Software Engineering (Q-SE)","","","","","","","","","","","","","","",""
"HGNEH5LB","conferencePaper","2025","F. Pratibha; P. Ganeriwala; N. Mahmud","Integrating Reconfigurable Accelerators with Quantum Computing","2025 IEEE International Conference on Quantum Computing and Engineering (QCE)","","","10.1109/QCE65121.2025.10329","","In hybrid quantum-classical (HQC) computing, the coherent execution of algorithms on quantum and classical resources is a critical challenge. Most HQC algorithms involve iterative exchanges of data between quantum and classical processors, causing system bottlenecks and leading to high latency in applications. In this paper, we propose a novel framework that unifies quantum and reconfigurable resources for HQC algorithms, to mitigate system bottlenecks and latency. The proposed framework integrates Field-Programmable Gate Arrays (FPGAs) with quantum processing units (QPUs) for deploying HQC algorithms. Classical subroutines of the algorithms are accelerated on FPGA fabric using a high-throughput processing pipeline, while quantum subroutines are executed on QPUs. High-level software is used to seamlessly facilitate workload distribution and data exchange between classical and quantum processors. To evaluate the proposed framework, an HQC algorithm, namely variational quantum classification and MNIST dataset are used as a test case. The results demonstrate that the FPGA pipeline achieves up to $8 \times$ improvement in runtime compared to the baseline of a state-of-the-art quantum software framework running on a server-grade CPU.","2025-09-30","2026-07-02 19:57:59","2026-07-10 00:58:09","","256-259","","","02","","","","","","","","","","","","","","","","","Journal Abbreviation: 2025 IEEE International Conference on Quantum Computing and Engineering (QCE)","","","","Software algorithms; Software; Quantum computing; Program processors; Runtime; Iterative algorithms; Classification algorithms; Fabrics; Field programmable gate arrays; Field-Programmable Gate Arrays; Hybrid Quantum-Classical Computing; Pipelines; Reconfigurable Computing","","","","","","","","","","","","","","","","","","","","","","","","","","","","","","","","2025 IEEE International Conference on Quantum Computing and Engineering (QCE)","","","","","","","","","","","","","","",""
"8REJUMEF","conferencePaper","2025","H. Reiter; A. R. Hamid; F. Schlösser; M. B. Kjærgaard; W. Hasselbring","Ecoscape: Fault Tolerance Benchmark for Adaptive Remediation Strategies in Real-Time Edge ML","2025 IEEE International Conference on Quantum Software (QSW)","","","10.1109/QSW67625.2025.00041","","Edge computing offers significant advantages for real-time data processing tasks, such as object recognition, by reducing network latency and bandwidth usage. However, edge environments are susceptible to various types of fault. A remediator is an automated software component designed to adjust the configuration parameters of a software service dynamically. Its primary function is to maintain the service's operational state within predefined Service Level Objectives by applying corrective actions in response to deviations from these objectives. Remediators can be implemented based on the Kubernetes container orchestration tool by implementing remediation strategies such as rescheduling or adjusting application parameters. However, currently, there is no method to compare these remediation strategies fairly. This paper introduces Ecoscape, a comprehensive benchmark designed to evaluate the performance of remediation strategies in fault-prone environments. Using Chaos Engineering techniques, Ecoscape simulates realistic fault scenarios and provides a quantifiable score to assess the efficacy of different remediation approaches. In addition, it is configurable to support domainspecific Service Level Objectives. We demonstrate the capabilities of Ecoscape in edge machine learning inference, offering a clear framework to optimize fault tolerance in these systems without needing a physical edge testbed.","2025-07-07","2026-07-02 19:57:59","2026-07-10 00:58:24","","275-280","","","","","","","","","","","","","","","","","","","","Journal Abbreviation: 2025 IEEE International Conference on Quantum Software (QSW)","","","","Software; Fault tolerance; Fault tolerant systems; Quantum computing; Real-time systems; Benchmark testing; Machine learning; Autoscaling; Benchmark; Edge computing; Edge Computing; Fault Tolerance; Kubernetes; Machine Learning Inference; Object recognition; Real-Time; Refining; Remediation; Scheduling","","","","","","","","","","","","","","","","","","","","","","","","","","","","","","","","2025 IEEE International Conference on Quantum Software (QSW)","","","","","","","","","","","","","","",""
"835SBM8E","conferencePaper","2024","D. Ferrari; M. Bandini; M. Amoretti","Execution Management of Distributed Quantum Computing Jobs","2024 IEEE International Conference on Quantum Computing and Engineering (QCE)","","","10.1109/QCE60285.2024.10269","","In a distributed quantum computation, a large quantum circuit gets sliced into sub-circuits that must be executed at the same time on a quantum computing cluster. The interactions between the sub-circuits are usually defined in terms of non-local gates that require shared entangled pairs and classical communication between different nodes. Assuming that multiple end users submit distributed quantum computing (DQC) jobs to the cluster, an execution management problem arises. This is actually a parallel job scheduling problem, in which a set of jobs of varying processing times need to be scheduled on multiple machines while trying to minimize the length of the schedule. In a previous work, we started investigating the problem considering random circuits and approximating the length of each DQC job with the number of layers of the circuit. In this work, we put forward the study by considering a more realistic model for estimating DQC job lengths and by performing evaluations with circuits of practical interest.","2024-09-15","2026-07-02 19:57:59","2026-07-10 00:57:36","","150-154","","","02","","","","","","","","","","","","","","","","","Journal Abbreviation: 2024 IEEE International Conference on Quantum Computing and Engineering (QCE)","","","","Quantum circuit; Quantum entanglement; Logic gates; Computational modeling; Integrated circuit modeling; Quantum networks; Measurement; Processor scheduling; Schedules; Scheduling; distributed quantum computing; execution management; job scheduling; quantum network","","","","","","","","","","","","","","","","","","","","","","","","","","","","","","","","2024 IEEE International Conference on Quantum Computing and Engineering (QCE)","","","","","","","","","","","","","","",""
"U85MA7ZY","conferencePaper","2025","B. Hien; M. Walter; S. Hofmann; R. Wille","A Fully Planar Approach to Field-Coupled Nanocomputing: Scalable Placement and Routing Without Wire Crossings","2025 IEEE 25th International Conference on Nanotechnology (NANO)","1944-9380","","10.1109/NANO63165.2025.11113822","","Field-coupled Nanocomputing (FCN) is a class of promising post-CMOS technologies that transmit information through electric or magnetic fields instead of current flow. They utilize basic building blocks called cells, which can form gates that implement Boolean functions. However, the design constraints for FCN circuits differ significantly from those for CMOS. One major challenge is that wires in FCN have to be realized as gates, i. e., they are constructed from cells and incur the same costs as gates. Additionally, all FCN technologies are fabricated on a single layer, e.g., a silicon surface, requiring all elements-gates and wires-to be placed within that same layer. Consequently, FCN employs special gates, called wire crossings, to enable signals to cross. While existing wirecrossing implementations are complex and were previously considered costly, initial efforts have aimed at minimizing their use. However, recent physical simulations and experiments on a quantum annealing platform have shown that currently used wire crossings in FCN significantly compromise signal stability, to the extent that circuits cannot function reliably. This work addresses that issue by introducing the first placement and routing algorithm that produces fully planar FCN circuits, eliminating the need for all wire crossings. For a comparative evaluation, a state-of-the-art placement and routing algorithm was also modified to enforce planarity. However, our proposed algorithm is more scalable and can handle inputs with up to $149 k$ gates, enabling it to process circuits that are $182 \times$ more complex than those handled by the modified state-of-theart algorithm.","2025-07-13","2026-07-02 19:57:59","2026-07-10 00:57:22","","649-654","","","","","","","","","","","","","","","","","","","","Journal Abbreviation: 2025 IEEE 25th International Conference on Nanotechnology (NANO)","","","","Scalability; Logic gates; Routing; Circuits; Quantum annealing; Silicon; Simulated annealing; Refining; Stability analysis; Wires","","","","","","","","","","","","","","","","","","","","","","","","","","","","","","","","2025 IEEE 25th International Conference on Nanotechnology (NANO)","","","","","","","","","","","","","","",""
"DLT59DU5","conferencePaper","2025","H. Higuchi; Y. Ito; K. Sakamoto; K. Fujii; J. W. Pedersen; A. Yoshikawa","A Quantum Algorithm for Nonlinear Electromagnetic Fluid Dynamics via Koopman-Von Neumann Linearization: 1D Numerical Evaluation Using Qulacs","2025 IEEE International Conference on Quantum Software (QSW)","","","10.1109/QSW67625.2025.00014","","We focus on the electromagnetic fluid dynamics governing plasmas and develop a quantum algorithm for nonlinear partial differential equations. Specifically, we apply Koopman-von Neumann (KvN) linearization to transform the electromagnetic fluid dynamics into a Schrödinger equation. The time evolution of this system is then computed using Hamiltonian simulation via Quantum Singular Value Transformation (QSVT). The proposed quantum algorithm has the potential to significantly reduce computational complexity compared to an ideal classical high-precision scheme, which scales as $O\left(N_{x}^{4}\right)$ where $N_{x}$ is the number of grid points per direction. By leveraging quantum computation, this complexity is reduced to $O\left(N_{x} \log N_{x}\right)$ offering a potential advantage in large-scale simulations. To assess the feasibility and performance of quantum computing in plasma simulations, we implement the proposed quantum algorithm and conduct numerical validations. Specifically, we present results for two test cases: one with a linear solution and the other with a nonlinear solution. As a result, the behavior of composite numerical errors arising from discretization, KvN, and QSVT is elucidated, demonstrating the effectiveness of the proposed quantum algorithm. The novelty of this study lies in the application of a promising quantum algorithm for nonlinear partial differential equations to plasma simulations, along with a concrete numerical evaluation of its computational performance. Furthermore, this work presents a novel direction by identifying a nonlinear, high- degree-of-freedom physical system that can be efficiently solved by a quantum algorithm under theoretical guarantees.","2025-07-07","2026-07-02 19:57:59","2026-07-10 00:58:23","","35-40","","","","","","","","","","","","","","","","","","","","Journal Abbreviation: 2025 IEEE International Conference on Quantum Software (QSW)","","","","Quantum computing; Quantum algorithm; Mathematical models; Electric potential; Object recognition; Computational complexity; Electromagnetics; Fluid dynamics; Hamiltonian simulation; Nonlinear partial differential equations; Partial differential equations; Plasma simulation","","","","","","","","","","","","","","","","","","","","","","","","","","","","","","","","2025 IEEE International Conference on Quantum Software (QSW)","","","","","","","","","","","","","","",""
"IAAVSVKG","conferencePaper","2024","G. Belli; M. Mordacci; M. Amoretti","A Scalable Quantum Neural Network for Approximate Unitary Synthesis","2024 IEEE International Conference on Quantum Computing and Engineering (QCE)","","","10.1109/QCE60285.2024.10251","","In this work, scalable quantum neural networks are introduced to approximate unitary evolutions through the Standard Recursive Block Basis (SRBB) and, subsequently, redesigned with a reduced number of CNOTs. This algebraic approach to the problem of unitary synthesis exploits Lie algebras and their topological features to obtain a continuous parameterization of unitary operators. First, we implemented the recursive construction of the SRBB to provide a starting tool for quickly verifying the mathematical properties needed to guarantee the original scalability scheme, already known to the literature only from a theoretical point of view. Unexpectedly, 2-qubit systems emerge as a special case outside this scheme. Furthermore, we present a method to reduce the number of CNOT gates, thus deriving a new implementable scaling scheme, which requires only one single layer and whose performance has been tested with a variety of different unitary matrices via the PennyLane library.","2024-09-15","2026-07-02 19:57:59","2026-07-10 00:58:16","","49-54","","","02","","","","","","","","","","","","","","","","","Journal Abbreviation: 2024 IEEE International Conference on Quantum Computing and Engineering (QCE)","","","","Scalability; Quantum computing; Logic gates; Solids; Measurement; Libraries; Standards; Neural networks; Quantum Neural Network; Algebra; Approximate Unitary Synthesis; Approximation algorithms; Gate Synthesis; Lie Algebra; Parameterized Quantum Circuit; Variational Quantum Algorithm","","","","","","","","","","","","","","","","","","","","","","","","","","","","","","","","2024 IEEE International Conference on Quantum Computing and Engineering (QCE)","","","","","","","","","","","","","","",""
"KCIJJUTG","conferencePaper","2024","J. Klamroth; B. Beckert","Bounding Rounding Errors in the Simulation of Quantum Circuits","2024 IEEE International Conference on Quantum Software (QSW)","","","10.1109/QSW62656.2024.00024","","Quantum simulators are a ubiquitous part of quantum software development. This is especially true for the current NISQ-era but will probably remain true for a long time as error-free controlled testing is hardly possible on real devices. However, quantum simulators are implemented in classical languages and thus fall prey to rounding errors. We present bounds on these errors based on the number of gates and qubits alone. This can be crucial to rule out rounding errors prior to executing the circuit. Additionally, we show that these theoretical bounds are sufficient to essentially rule out relevant rounding errors for the simulation of small to medium-sized circuits and even for larger circuits under the assumption that only 1- and 2-qubit gates are used.","2024-07-07","2026-07-02 19:57:59","2026-07-10 00:58:40","","99-106","","","","","","","","","","","","","","","","","","","","Journal Abbreviation: 2024 IEEE International Conference on Quantum Software (QSW)","","","","Quantum circuit; Software; Software development management; Logic gates; Qubit; quantum simulation; Upper bound; Testing; error-bounds; floating-point arithmetic","","","","","","","","","","","","","","","","","","","","","","","","","","","","","","","","2024 IEEE International Conference on Quantum Software (QSW)","","","","","","","","","","","","","","",""
"926VF8UJ","conferencePaper","2021","G. O’Brien; J. A. Clark","Using Genetic Improvement to Retarget quantum Software on Differing Hardware","2021 IEEE/ACM International Workshop on Genetic Improvement (GI)","","","10.1109/GI52543.2021.00015","","Quantum computers are rapidly developing to a point where they can solve problems faster than any classical computation. In addition, competing standards for languages, models and architectures are also being created. These standards are often bespoke and aimed at optimizing around a single algorithm or problem. This can make it very difficult to reuse these them should the original hardware become unavailable or obsolete. We demonstrate a method that can compile circuits more generally across hardware constraints with the use of a genetic improvement inspired search technique that includes a realistic model of the hardware. We show that this method is effective at selecting gates that can be more easily implemented and run compared to generic optimization. This method reduces the total chance of failure. To ensure that these results are practical, empirical results are generated using different IBM hardware and a selection of real algorithms.","2021-05-30","2026-07-02 19:57:59","2026-07-10 00:58:18","","31-38","","","","","","","","","","","","","","","","","","","","Journal Abbreviation: 2021 IEEE/ACM International Workshop on Genetic Improvement (GI)","","","","Software algorithms; Quantum circuit; Software; Computers; Hardware; Quantum Computing; Genetic Improvement; Genetics; Program Synthesis; Tools","","","","","","","","","","","","","","","","","","","","","","","","","","","","","","","","2021 IEEE/ACM International Workshop on Genetic Improvement (GI)","","","","","","","","","","","","","","",""
"6IP4KKF5","journalArticle","2023","D. Ferrari; S. Carretta; M. Amoretti","A Modular Quantum Compilation Framework for Distributed Quantum Computing","IEEE Transactions on Quantum Engineering","","2689-1808","10.1109/TQE.2023.3303935","","For most practical applications, quantum algorithms require large resources in terms of qubit number, much larger than those available with current noisy intermediate-scale quantum processors. With the network and communication functionalities provided by the quantum Internet, distributed quantum computing (DQC) is considered as a scalable approach for increasing the number of available qubits for computational tasks. For DQC to be effective and efficient, a quantum compiler must find the best partitioning for the quantum algorithm and then perform smart remote operation scheduling to optimize Einstein–Podolsky–Rosen (EPR) pair consumption. At the same time, the quantum compiler should also find the best local transformation for each partition. In this article, we present a modular quantum compilation framework for DQC that takes into account both network and device constraints and characteristics. We implemented and tested a quantum compiler based on the proposed framework with some circuits of interest, such as the VQE and QFT ones, considering different network topologies, with quantum processors characterized by heavy-hexagon coupling maps. We also devised a strategy for remote scheduling that can exploit both TeleGate and TeleData operations and tested the impact of using either only TeleGates or both. The evaluation results show that TeleData operations can have a positive impact on the number of consumed EPR pairs, depending on the characteristic of compiled circuit. Meanwhile, choosing a more connected network topology helps reduce the number of layers dedicated to remote operations.","2023","2026-07-02 19:57:59","2026-07-10 00:57:37","","1-13","","","4","","IEEE Transactions on Quantum Engineering","","","","","","","","","","","","","","","","","","","Quantum circuit; Quantum computing; Logic gates; Qubit; Program processors; Distributed quantum computing (DQC); Network topology; quantum compilation; quantum Internet","","","","","","","","","","","","","","","","","","","","","","","","","","","","","","","","","","","","","","","","","","","","","","",""
"UEBEYDFN","conferencePaper","2023","J. Ammermann; T. Bittner; D. Eichhorn; I. Schaefer; C. Seidl","Can Quantum Computing Improve Uniform Random Sampling of Large Configuration Spaces?","2023 IEEE/ACM 4th International Workshop on Quantum Software Engineering (Q-SE)","","","10.1109/Q-SE59154.2023.00012","","A software product line models the variability of highly configurable systems. Complete exploration of all valid configurations (the configuration space) is infeasible as it grows exponentially with the number of features in the worst case. In practice, few representative configurations are sampled instead, which may be used for software testing or hardware verification. Pseudo-randomness of modern computers introduces statistical bias into these samples. Quantum computing enables truly random, uniform configuration sampling based on inherently random quantum physical effects. We propose a method to encode the entire configuration space in a superposition and then measure one random sample. We show the method's uniformity over multiple samples and investigate its scale for different feature models. We discuss the possibilities and limitations of quantum computing for uniform random sampling regarding current and future quantum hardware.","2023-05-17","2026-07-02 19:58:00","2026-07-10 00:58:36","","34-41","","","","","","","","","","","","","","","","","","","","Journal Abbreviation: 2023 IEEE/ACM 4th International Workshop on Quantum Software Engineering (Q-SE)","","","","Scalability; Computers; Quantum computing; Computational modeling; Quantum algorithm; Quantum mechanics; Software product lines; Software testing; Uniform sampling","","","","","","","","","","","","","","","","","","","","","","","","","","","","","","","","2023 IEEE/ACM 4th International Workshop on Quantum Software Engineering (Q-SE)","","","","","","","","","","","","","","",""
"6J5BH948","journalArticle","2022","K. Korzekwa; Z. Puchała; M. Tomamichel; K. Życzkowski","Encoding Classical Information Into Quantum Resources","IEEE Transactions on Information Theory","","1557-9654","10.1109/TIT.2022.3157440","","We introduce and analyse the problem of encoding classical information into different resources of a quantum state. More precisely, we consider a general class of communication scenarios characterised by encoding operations that commute with a unique resource destroying map and leave free states invariant. Our motivating example is given by encoding information into coherences of a quantum system with respect to a fixed basis (with unitaries diagonal in that basis as encodings and the decoherence channel as a resource destroying map), but the generality of the framework allows us to explore applications ranging from super-dense coding to thermodynamics. For any state, we find that the number of messages that can be encoded into it using such operations in a one-shot scenario is upper bounded in terms of the information spectrum relative entropy between the given state and its version with erased resources. Furthermore, if the resource destroying map is the twirling channel over some unitary group, we find matching one-shot lower bounds as well. In the asymptotic setting where we encode into many copies of the resource state, our bounds yield an operational interpretation of resource monotones such as the relative entropy of coherence and its corresponding relative entropy variance.","2022-07","2026-07-02 19:58:00","2026-07-10 00:59:05","","4518-4530","","7","68","","IEEE Transactions on Information Theory","","","","","","","","","","","","","","","","","","","Quantum system; Encoding; Testing; Decoding; Entropy; Extraterrestrial measurements; quantum entanglement; quantum mechanics; Thermodynamics","","","","","","","","","","","","","","","","","","","","","","","","","","","","","","","","","","","","","","","","","","","","","","",""
"WTJ92XHF","conferencePaper","2025","A. Tudisco; D. Volpe; G. Turvani","Multi-VQC: A Novel QML Approach for Enhancing Healthcare Classification","2025 IEEE International Conference on Quantum Software (QSW)","","","10.1109/QSW67625.2025.00013","","Accurate and reliable diagnosis of diseases is crucial in enabling timely medical treatment and enhancing patient survival rates. In recent years, Machine Learning has revolutionized diagnostic practices by creating classification models capable of identifying diseases. However, these classification problems often suffer from significant class imbalances, which can inhibit the effectiveness of traditional models. Therefore, the interest in Quantum models has arisen, driven by the captivating promise of overcoming the limitations of the classical counterpart thanks to their ability to express complex patterns by mapping data in a higher-dimensional computational space. This work proposes a novel approach for enhancing the classification performance of Quantum Neural Networks (QNN) consisting of multiple Variational Quantum Circuits (VQCs) arranged sequentially. This strategy increases the nonlinearity of the model by exploiting the measurement operation and improving its ability to capture complex patterns. In this analysis, the proposed method is compared against classical models while varying its degrees of freedom, specifically the number of involved VQCs, on three well-known healthcare datasets - Prostate Cancer, Heart Failure, and Diabetes. The results prove the potential of the quantum model and demonstrate the validity of the proposed approach, showing that its advantage increases with the complexity of the classification.","2025-07-07","2026-07-02 19:58:00","2026-07-10 00:57:04","","28-34","","","","","","","","","","","","","","","","","","","","Journal Abbreviation: 2025 IEEE International Conference on Quantum Software (QSW)","","","","Quantum circuit; Software; Computational modeling; Integrated circuit modeling; Machine learning; Topology; Quantum Machine Learning; Classification; Neural networks; Quantum Neural Network; Cardiovascular diseases; Diabetes; Healthcare; Prostate cancer; Variational Quantum Circuits","","","","","","","","","","","","","","","","","","","","","","","","","","","","","","","","2025 IEEE International Conference on Quantum Software (QSW)","","","","","","","","","","","","","","",""
"LMYEDVJH","conferencePaper","2023","H. T. Nguyen; M. Usman; R. Buyya","iQuantum: A Case for Modeling and Simulation of Quantum Computing Environments","2023 IEEE International Conference on Quantum Software (QSW)","","","10.1109/QSW59989.2023.00013","","Today’s quantum computers are primarily accessible through the cloud and are expected to be deployed in edge networks in the near future. With the rapid advancement and proliferation of quantum computing research worldwide, there has been a considerable increase in demand for using cloud-based quantum computation resources. This demand has highlighted the need for designing efficient and adaptable resource management strategies and service models for quantum computing. However, the limited quantity, quality, and accessibility of quantum resources pose significant challenges to practical research in quantum software and systems. To address these challenges, we propose iQuantum, a first-of-its-kind simulation toolkit that can model quantum computing environments for prototyping and evaluating system design and scheduling algorithms. This paper presents the quantum computing system model, architectural design, proof-of-concept implementation, potential use cases, and future development of iQuantum. Our proposed iQuantum simulator is anticipated to boost research in quantum software and systems, particularly in the creation and evaluation of policies and algorithms for resource management, job scheduling, and hybrid quantum-classical task orchestration in quantum computing environments integrating edge and cloud resources.","2023-07-02","2026-07-02 19:58:00","2026-07-10 00:58:25","","21-30","","","","","","","","","","","","","","","","","","","","Journal Abbreviation: 2023 IEEE International Conference on Quantum Software (QSW)","","","","Software algorithms; Software; Computers; Quantum computing; Computational modeling; quantum computing; Adaptation models; hybrid quantum computing; quantum cloud modeling; quantum job scheduling; Scheduling algorithms; simulation","","","","","","","","","","","","","","","","","","","","","","","","","","","","","","","","2023 IEEE International Conference on Quantum Software (QSW)","","","","","","","","","","","","","","",""
"3TLVKL3M","conferencePaper","2021","H. -C. Cheng; A. Winter; N. Yu","Discrimination of quantum states under locality constraints in the many-copy setting","2021 IEEE International Symposium on Information Theory (ISIT)","","","10.1109/ISIT45174.2021.9518100","","We study the discrimination of a pair of orthogonal quantum states in the many-copy setting. This is not a problem when arbitrary quantum measurements are allowed, as then the states can be distinguished perfectly even with one copy. However, it becomes highly nontrivial when we consider states of a multipartite system and locality constraints are imposed. We hence focus on the restricted families of measurements such as local operation and classical communication (LOCC), separable operations (SEP), and the positive-partial-transpose operations (PPT) in this paper. We first study asymptotic discrimination of an arbitrary multipartite entangled pure state against its orthogonal complement using LOCC/SEP/PPT measurements. We prove that the incurred optimal average error probability always decays exponentially in the number of copies, by proving upper and lower bounds on the exponent. In the special case of discriminating a maximally entangled state against its orthogonal complement, we determine the explicit expression for the optimal average error probability, thus establishing the associated Chernoff exponent. Our technique is based on the idea of using PPT operations to approximate LOCC. Then, we show an infinite asymptotic separation between SEP and PPT operations by providing a pair of states constructed from an unextendible product basis (UPB): they can be distinguished perfectly by PPT measurements, while the optimal error probability using SEP measurements admits an exponential lower bound. On the technical side, we prove this result by providing a quantitative version of the well-known statement that the tensor product of UPBs is UPB.","2021-07-12","2026-07-02 19:58:00","2026-07-10 00:58:23","","1188-1193","","","","","","","","","","","","","","","","","","","","Journal Abbreviation: 2021 IEEE International Symposium on Information Theory (ISIT)","","","","Quantum state; Quantum entanglement; Error probability; Measurement uncertainty; Tensors; Information theory","","","","","","","","","","","","","","","","","","","","","","","","","","","","","","","","2021 IEEE International Symposium on Information Theory (ISIT)","","","","","","","","","","","","","","",""
"G69HNDMQ","conferencePaper","2024","A. Sander; I. -A. Florea; L. Burgholzer; R. Wille","Stripping Quantum Decision Diagrams of their Identity","2024 IEEE International Conference on Quantum Software (QSW)","","","10.1109/QSW62656.2024.00032","","Classical representations of quantum states and operations as vectors and matrices are plagued by an exponential growth in memory and runtime requirements for increasing system sizes. Based on their use in classical computing, an alternative data structure known as Decision Diagrams (DDs) has been proposed, which, in many cases, provides both a more compact representation and more efficient computation. In the classical realm, decades of research have been conducted on DDs and numerous variations tailored for specific applications exist. However, DDs for quantum computing are just in their infancy and there is still room for tailoring them to this new technology. In particular, existing representations of DDs require extending all operations in a quantum circuit to the full system size through extension by nodes representing identity matrices. In this work, we make an important step forward for quantum DDs by stripping these identity structures from quantum operations. This significantly reduces the number of nodes required to represent them as well as eases the pressure on key building blocks of their implementation. As a result, we obtain a structure that is more natural for quantum computing and significantly speeds up computations—with a runtime improvement of up to 70 × compared to the state-of-the-art.","2024-07-07","2026-07-02 19:58:00","2026-07-10 00:57:02","","168-174","","","","","","","","","","","","","","","","","","","","Journal Abbreviation: 2024 IEEE International Conference on Quantum Software (QSW)","","","","Quantum state; Vectors; Software; Quantum Computing; Memory management; Runtime; Quantum Circuit Simulation; Circuit simulation; Data structures; Decision Diagrams","","","","","","","","","","","","","","","","","","","","","","","","","","","","","","","","2024 IEEE International Conference on Quantum Software (QSW)","","","","","","","","","","","","","","",""
"VA3W7TFM","conferencePaper","2024","M. Kölle; G. Stenzel; J. Stein; S. Zielinski; B. Ommer; C. Linnhoff-Popien","Quantum Denoising Diffusion Models","2024 IEEE International Conference on Quantum Software (QSW)","","","10.1109/QSW62656.2024.00023","","In recent years, machine learning models like DALL-E, Craiyon, and Stable Diffusion have gained significant attention for their ability to generate high-resolution images from concise descriptions. Concurrently, quantum computing is showing promising advances, especially with quantum machine learning which capitalizes on quantum mechanics to meet the increasing computational requirements of traditional machine learning algorithms. This paper explores the integration of quantum machine learning and variational quantum circuits to augment the efficacy of diffusion-based image generation models. Specifically, we address two challenges of classical diffusion models: their low sampling speed and the extensive parameter requirements. We introduce two quantum diffusion models and benchmark their capabilities against their classical counterparts using MNIST digits, Fashion MNIST, and CIFAR-10. Our models surpass the classical models with similar parameter counts in terms of performance metrics FID, SSIM, and PSNR. Moreover, we introduce a consistency model unitary single sampling architecture that combines the diffusion procedure into a single step, enabling a fast one-step image generation.","2024-07-07","2026-07-02 19:58:00","2026-07-10 00:59:26","","88-98","","","","","","","","","","","","","","","","","","","","Journal Abbreviation: 2024 IEEE International Conference on Quantum Software (QSW)","","","","Computational modeling; Benchmark testing; Computer architecture; Measurement; Quantum Machine Learning; Variational Quantum Circuits; Denoising Diffusion; Diffusion models; Image synthesis; Noise reduction; Quantum Convolutions; Quantum Diffusion Models","","","","","","","","","","","","","","","","","","","","","","","","","","","","","","","","2024 IEEE International Conference on Quantum Software (QSW)","","","","","","","","","","","","","","",""
"2L9FD6H2","conferencePaper","2024","K. J. Mesman; F. Battistel; E. Reehuis; D. d. Jong; M. J. Tiggelman; J. Gloudemans; J. C. v. Oven; C. C. Bultink","Q-Profile: Profiling Tool for Quantum Control Stacks applied to the Quantum Approximate Optimization Algorithm","2024 IEEE International Conference on Quantum Software (QSW)","","","10.1109/QSW62656.2024.00026","","Scaling up the number of qubits and accelerating quantum algorithms are important steps towards reaching quantum advantage. This poses heavy demands, as pulses need to be distributed to an increasing number of control channels and variational algorithms require rapid interleaving of quantum and classical computation. Assessing the bottlenecks in the control stack is therefore key to prepare it for reaching quantum advantage. However, existing benchmark suites suffer from indirect access to control hardware, limiting accuracy. In this work, we present Q-Profile, a tool to profile quantum control stacks using a direct connection from the host CPU to the control stack, providing fine accuracy in measuring runtime and allowing to identify performance bottlenecks. We demonstrate our tool by benchmarking the Quantum Approximate Optimization Algorithm on a Qblox Cluster for a virtual 4 to 14-qubit transmon system and identify the major execution bottlenecks. We estimate a 1.40x total runtime speedup by using an active qubit reset, and demonstrate a further 1.37x speedup by parallel control module initialization. The presented method of profiling is included in the open-source Quantify quantum control software, making it applicable to other control-stack providers and to other benchmarks, while still providing detailed information. By extension, this tool will enable identifying and eliminating bottlenecks for future quantum acceleration.","2024-07-07","2026-07-02 19:58:00","2026-07-10 00:59:05","","116-124","","","","","","","","","","","","","","","","","","","","Journal Abbreviation: 2024 IEEE International Conference on Quantum Software (QSW)","","","","Software algorithms; Accuracy; NISQ; Benchmark testing; Qubit; Quantum algorithm; Benchmarking; Runtime; Accelerating; Profiling; Quantum advantage; Quantum control stacks","","","","","","","","","","","","","","","","","","","","","","","","","","","","","","","","2024 IEEE International Conference on Quantum Software (QSW)","","","","","","","","","","","","","","",""
"XYNALK6V","conferencePaper","2026","L. Schmid; K. Staudacher; R. Wille","Alternating ZX Circuit Extraction for Hardware-Adaptive Compilation","2026 Design, Automation & Test in Europe Conference (DATE)","1558-1101","","10.23919/DATE69613.2026.11539068","","We present a novel quantum circuit extraction scheme that tightly integrates graph-like ZX diagrams with hardware-adaptive routing. The method utilizes the degrees of freedom during the conversion from a ZX diagram to a quantum circuit (extraction). It alternates between generating multiple extraction options and evaluating them based on hardware constraints, allowing the routing algorithm to inform and guide the extraction process. This feedback loop extends existing graph-like ZX extraction and supports modular integration of different extraction algorithms, routing strategies, and target hardware, making it a versatile building block during compilation. To perform numerical evaluations, a reference instance of the scheme is implemented with SWAP-based routing for neutral atom hardware and evaluated using various benchmark collections on small-to mid-scale circuits. The reference code is available as open-source, allowing fast integration of other extraction and/or routing tools to stimulate further research and foster improvements of the proposed scheme.","2026-04-20","2026-07-02 19:58:00","2026-07-10 00:59:15","","1-7","","","","","","","","","","","","","","","","","","","","Journal Abbreviation: 2026 Design, Automation & Test in Europe Conference (DATE)","","","","Quantum circuit; Hardware; Routing; Qubit; Circuits; Printing; Wire; Algorithms; Wires; Aluminum","","","","","","","","","","","","","","","","","","","","","","","","","","","","","","","","2026 Design, Automation & Test in Europe Conference (DATE)","","","","","","","","","","","","","","",""
"T8DXQ5V5","conferencePaper","2024","J. Romero-Alvarez; J. Alvarado-Valiente; J. Casco-Seco; E. Moguel; J. Garcia-Alonso; J. M. Murillo","Scheduling Process of Quantum Circuits to Optimize Tasks Execution on Quantum Computers","2024 IEEE International Conference on Quantum Computing and Engineering (QCE)","","","10.1109/QCE60285.2024.10275","","Quantum computing holds significant potential across various fields such as cybersecurity, finance, and health-care, among many others. However, we currently face multiple limitations such as the low availability of computers, the underutilization of available qubits, and the ever-increasing number of users, which results in prolonged waiting times. This, combined with the cost of executions, limits access to quantum computing. To address these challenges, we propose a scheduling process to optimize task execution on quantum computers. The proposed scheduling process unifies multiple circuits to enhance the efficiency of resource utilization in quantum machines. This approach allows for better use of available qubits and reduces the associated execution costs. We validate the proposed method employing various quantum algorithms by systematically examining the scheduling process through a comparative case study between two quantum service providers: IBM Quantum and Amazon Braket. This validation has shown that the scheduling process does not generate a significant impact on the results, ensuring similar results to single circuit executions with a fraction of the cost.","2024-09-15","2026-07-02 19:58:00","2026-07-10 00:58:42","","182-186","","","02","","","","","","","","","","","","","","","","","Journal Abbreviation: 2024 IEEE International Conference on Quantum Computing and Engineering (QCE)","","","","Quantum circuit; Software; Computers; Quantum computing; Qubit; Quantum Computing; Quantum algorithm; Costs; Processor scheduling; Scheduling; Quantum Circuit Scheduling; Quantum Software Engineering; Resource management","","","","","","","","","","","","","","","","","","","","","","","","","","","","","","","","2024 IEEE International Conference on Quantum Computing and Engineering (QCE)","","","","","","","","","","","","","","",""
"J8BTSKLH","conferencePaper","2025","J. Alvarado-Valiente; J. Romero-Alvarez; J. Casco-Seco; E. Moguel; J. Garcia-Alonso; J. M. Murillo","A Service for the Parallelization of Quantum Circuits","2025 IEEE CHILEAN Conference on Electrical, Electronics Engineering, Information and Communication Technologies (CHILECON)","2832-1537","","10.1109/CHILECON66915.2025.11476574","","Current quantum computing platforms often exhibit suboptimal hardware utilization, with most circuits engaging only a fraction of the available qubits. This inefficiency inflates execution costs, extends queueing times, and hampers scalability, particularly in shared, cloud-based environments. This paper introduces a service-oriented architecture for the parallel execution of quantum circuits that jointly schedules and executes logically independent circuits within a single task. The service supports multiple configurable scheduling policies, based on criteria such as circuit depth, number of qubits, and number of shots, and ensures logical separation of circuits with accurate result demultiplexing. Extensive validation on real quantum hardware, including IBM and AWS processors, demonstrates significant improvements: task submission reductions of up to 95%, cost savings of up to 93%, and fidelity levels exceeding 97% even under high utilization. This solution offers a reusable, extensible approach that enhances resource efficiency and performance in Quantum Computing as a Service platforms.","2025-10-28","2026-07-02 19:58:00","2026-07-10 00:58:35","","1-4","","","","","","","","","","","","","","","","","","","","Journal Abbreviation: 2025 IEEE CHILEAN Conference on Electrical, Electronics Engineering, Information and Communication Technologies (CHILECON)","","","","Quantum circuit; Quantum Computing; Circuits; Circuits and systems; Communications technology; Information and communication technology; Quantum communication; Quantum Software Engineering; Circuit synthesis; Parallel Execution; Quantum Computing as a Service; Service-oriented architecture; Web services","","","","","","","","","","","","","","","","","","","","","","","","","","","","","","","","2025 IEEE CHILEAN Conference on Electrical, Electronics Engineering, Information and Communication Technologies (CHILECON)","","","","","","","","","","","","","","",""
"JR5CCKLN","conferencePaper","2025","L. S. Herzog; L. Burgholzer; C. Ufrecht; D. D. Scherer; R. Wille","Joint Cutting for Hybrid Schrödinger-Feynman Simulation of Quantum Circuits","2025 62nd ACM/IEEE Design Automation Conference (DAC)","","","10.1109/DAC63849.2025.11133287","","Despite the continuous advancements in size and robustness of real quantum devices, reliable large-scale quantum computers are not yet available. Hence, classical simulation of quantum algorithms remains crucial for testing new methods and estimating quantum advantage. Pushing classical simulation methods to their limit is essential, particularly due to their inherent exponential complexity. Besides the established Schrödinger-style full statevector simulation, so-called Hybrid Schrödinger-Feynman (HSF) approaches have shown promise to make simulations more efficient. HSF simulation employs the idea of “cutting” the circuit into smaller parts, reducing their execution times. This, however, comes at the cost of an exponential overhead in the number of cuts. Inspired by the domain of Quantum Circuit Cutting, we propose an HSF simulation method based on the idea of “joint cutting” to significantly reduce the aforementioned overhead. This means that, prior to the cutting procedure, gates are collected into “blocks” and all gates in a block are jointly cut instead of individually. We investigate how the proposed refinement can help decrease simulation times and highlight the remaining challenges. Experimental evaluations show that “joint cutting” can outperform the standard HSF simulation by up to a factor $\approx 4000 \times$ and the Schrödinger-style simulation by a factor $\approx 200 \times$ for suitable instances. The implementation is available at https://github.com/cda-tum/mqt-qsim-joint-cutting.","2025-06-22","2026-07-02 19:58:00","2026-07-10 00:59:15","","1-7","","","","","","","","","","","","","","","","","","","","Journal Abbreviation: 2025 62nd ACM/IEEE Design Automation Conference (DAC)","","","","Design automation; Quantum circuit; Logic gates; Qubit; quantum computing; Quantum algorithm; Testing; circuit cutting; Standards; Robustness; Quantum advantage; classical simulation; hybrid Schrödinger-Feynman; joint cutting; Shape","","","","","","","","","","","","","","","","","","","","","","","","","","","","","","","","2025 62nd ACM/IEEE Design Automation Conference (DAC)","","","","","","","","","","","","","","",""
"RGSEXL4E","conferencePaper","2025","J. Alvarado-Valiente; J. Romero-Alvarez; J. Casco-Seco; E. Moguel; J. Garcia-Alonso","Quantum Island Mapping: Optimizing Multi-Circuit Execution in Quantum Processors","2025 IEEE International Conference on Quantum Computing and Engineering (QCE)","","","10.1109/QCE65121.2025.00091","","Currently, quantum processors offered by quantum service providers are significantly underutilized, resulting in high execution costs and limited scalability. Various approaches have explored parallelization and circuit scheduling techniques to improve resource utilization. While these methods can significantly reduce both cost and execution times, they often have an impact on the results' noise. Addressing this challenge, this emerging study proposes a technique called Quantum Island Mapping, which enables the execution of multiple quantum circuits by separating them into “islands” within the qubit topology of a processor. The goal is to schedule multiple circuits into a single task to reduce execution costs and queuing, while maintaining a controlled separation of qubits between circuits to minimize interferences. To achieve this, separation distance parameters are defined, specifying the minimum number of qubits between different islands. This allows for configurations ranging from zero separation (maximum processor utilization) to maximum separation (single-circuit execution). The technique has been validated through experiments on a real quantum computer using well-known quantum algorithms, achieving optimal results.","2025-09-30","2026-07-02 19:58:00","2026-07-10 00:58:35","","791-796","","","01","","","","","","","","","","","","","","","","","Journal Abbreviation: 2025 IEEE International Conference on Quantum Computing and Engineering (QCE)","","","","Quantum circuit; Scalability; Quantum computing; Software engineering; Qubit; Quantum Computing; Costs; Program processors; Topology; Schedules; Quantum Software Engineering; Resource management; Circuit Mapping; Quantum Topologies","","","","","","","","","","","","","","","","","","","","","","","","","","","","","","","","2025 IEEE International Conference on Quantum Computing and Engineering (QCE)","","","","","","","","","","","","","","",""
"NQTG83H3","journalArticle","2021","D. Leung; A. Nayak; A. Shayeghi; D. Touchette; P. Yao; N. Yu","Capacity Approaching Coding for Low Noise Interactive Quantum Communication Part I: Large Alphabets","IEEE Transactions on Information Theory","","1557-9654","10.1109/TIT.2021.3086221","","We consider the problem of implementing two-party interactive quantum communication over noisy channels, a necessary endeavor if we wish to fully reap quantum advantages for communication. For an arbitrary protocol with n messages, designed for a noiseless qudit channel over a poly (n ) size alphabet, our main result is a simulation method that fails with probability less than 2-Θ(nϵ) and uses a qudit channel over the same alphabet n(1 + Θ(√{ϵ} )) times, of which an ϵ fraction can be corrupted adversarially. The simulation is thus capacity achieving to leading order, and we conjecture that it is optimal up to a constant factor in the √{ϵ} term. Furthermore, the simulation is in a model that does not require pre-shared resources such as randomness or entanglement between the communicating parties. Our work improves over the best previously known quantum result where the overhead is a non-explicit large constant [Brassard et al., SICOMP'19] for low ϵ.","2021-08","2026-07-02 19:58:00","2026-07-10 00:57:37","","5443-5490","","8","67","","IEEE Transactions on Information Theory","","","","","","","","","","","","","","","","","","","Quantum state; Protocols; Quantum computing; Noise measurement; Error analysis; Quantum communication; channel capacity; Channel coding; interactive quantum communication; two-party computation","","","","","","","","","","","","","","","","","","","","","","","","","","","","","","","","","","","","","","","","","","","","","","",""
"433YFJ3N","conferencePaper","2025","D. Schoenberger; R. Wille","Orchestrating Multi-Zone Shuttling in Trapped-Ion Quantum Computers","2025 IEEE International Conference on Quantum Computing and Engineering (QCE)","","","10.1109/QCE65121.2025.00119","","Trapped-ion quantum computers are a promising platform, offering high-quality qubits with long coherence times and high-fidelity gate operations. The Quantum Charge Coupled Device (QCCD) architecture provides a scalable blueprint by leveraging the ability to shuttle ions between distinct zones. However, realizing such architectures in practice requires software support to manage ion movement across multi-zone layouts. In this work, we propose a compilation strategy for QCCD architectures with multiple processing zones located outside a grid-type memory zone. Unlike previous approaches that treat processing zones as black-boxes, our method explicitly models their structural constraints, enabling optimized ion movement to and through them. It combines qubit partitioning with dependency-aware gate selection to reduce inter-zone shuttling while enabling simultaneous gate execution. We implemented the method in an open-source tool and empirically demonstrated its effectiveness across several QCCD layouts, laying a foundation for the compilation of multi-zone trapped-ion systems.","2025-09-30","2026-07-02 19:58:00","2026-07-10 00:57:39","","1069-1075","","","01","","","","","","","","","","","","","","","","","Journal Abbreviation: 2025 IEEE International Conference on Quantum Computing and Engineering (QCE)","","","","Quantum circuit; Computers; Logic gates; Computational modeling; Qubit; Computer architecture; Layout; Ions; shuttling; Closed box; compilation; Dynamic scheduling; ion trap; qccd","","","","","","","","","","","","","","","","","","","","","","","","","","","","","","","","2025 IEEE International Conference on Quantum Computing and Engineering (QCE)","","","","","","","","","","","","","","",""
"LSUTILRG","journalArticle","2026","M. Huang; J. Guan; W. Fang; M. Ying","Approximation Methods for Simulation and Equivalence Checking of Noisy Quantum Circuits","IEEE Transactions on Computer-Aided Design of Integrated Circuits and Systems","","1937-4151","10.1109/TCAD.2025.3623498","","In the current noisy intermediate-scale quantum (NISQ) era, simulating and verifying noisy quantum circuits is crucial but faces challenges such as quantum state explosion and complex noise representations, constraining simulation and equivalence checking to circuits with a limited number of qubits. This article introduces an approximation algorithm for simulating and assessing the equivalence of noisy quantum circuits, specifically designed to improve scalability under low-noise conditions. The approach utilizes a novel tensor network (TN) diagram combined with singular value decomposition to approximate the tensors of quantum noises. The implementation is based on Google’s TensorNetwork Python package for contraction. Experimental results on realistic quantum circuits with realistic hardware noise models indicate that our algorithm can simulate and check the equivalence of quantum approximate optimization algorithm (QAOA) circuits with around 200 qubits and 20 noise operators, outperforming state-of-the-art approaches in scalability and speed.","2026-06","2026-07-02 19:58:00","2026-07-10 00:59:25","","2679-2692","","6","45","","IEEE Transactions on Computer-Aided Design of Integrated Circuits and Systems","","","","","","","","","","","","","","","","","","","Quantum circuit; Quantum computing; Logic gates; Noise measurement; Qubit; Tensors; Approximation algorithms; Approximation algorithm; Circuit faults; equivalence checking; noisy simulation; quantum circuits; tensor network (TN)","","","","","","","","","","","","","","","","","","","","","","","","","","","","","","","","","","","","","","","","","","","","","","",""
"VBIDZP8R","book","2022","Johan Vos","Quantum Computing in Action","","978-1-61729-632-1","","","http://ieeexplore.ieee.org/document/10280445","Quantum computing is on the horizon and you can get started today! This practical, clear-spoken guide shows you don’t need a physics degree to write your first quantum software.  In Quantum Computing in Action you will learn:  An introduction to the core concepts of quantum computing Qubits and quantum gates Superposition, entanglement, and hybrid computing Quantum algorithms including Shor’s, Deutsch-jozsa, and Grover’s search  Quantum Computing in Action shows you how to leverage your existing Java skills into writing your first quantum software, so you’re ready for the quantum revolution. This book is focused on practical implementations of quantum computing algorithms—there’s no deep math or confusing theory. Using Strange, a Java-based quantum computer simulator, you’ll go hands-on with quantum computing’s core components including qubits and quantum gates.","2022","2026-07-02 19:58:00","2026-07-10 00:58:58","","","1","","","","","","","","","","Manning","","","","","","","","","","","","","","","","","","","","","","","","","","","","","","","","","","","","","","","","","","","","","","","","","","","","","","","","","","","",""
"HHE2WX6P","conferencePaper","2023","K. Mato; S. Hillmich; R. Wille","Compression of Qubit Circuits: Mapping to Mixed-Dimensional Quantum Systems","2023 IEEE International Conference on Quantum Software (QSW)","","","10.1109/QSW59989.2023.00027","","Quantum computers are becoming a reality thanks to the accomplishments made in recent years. The quantum computers available today offer hundreds of qubits but are still limited in the number of operations they can perform before errors accumulate and the quantum state decays. In regard to the error accumulation, non-local operations such as CX or CZ are main contributors. One promising solution to reduce the number of required non-local operations is to make a more efficient use of the quantum hardware by exploiting the inherent high-dimensional capabilities of quantum systems. In a process called circuit compression, non-local operations between qubits are mapped to local operations in qudits, i.e., higher-dimensional systems. In this work, we present a strategy for enabling quantum circuit compression with the aim of mapping clusters of qubits in a given circuit to the mixed-dimensional qudits of the target hardware. Further, we discuss the principles of circuit compression as well as the physical structure of qubits and qudits, before introducing a new representation that captures the essence of quantum operations, affecting the different logical levels in the quantum states in nodes and edges of a graph. Based on this, we propose an automated approach for mapping qubit circuits of arbitrary gate sets to mixed-dimensional quantum systems, lowering the number of non-local operations. Empirical evaluations confirm the effectiveness of the proposed approach reducing the number of non-local operations by up to 50% for almost half of the cases. Finally, the corresponding source code is available freely at github.com/cda-tdum/qudit-compression.","2023-07-02","2026-07-02 19:58:00","2026-07-10 00:59:06","","155-161","","","","","","","","","","","","","","","","","","","","Journal Abbreviation: 2023 IEEE International Conference on Quantum Software (QSW)","","","","Quantum state; Computers; Hardware; Logic gates; Quantum system; Qubit; quantum computing; Source coding; circuit compression; qudits","","","","","","","","","","","","","","","","","","","","","","","","","","","","","","","","2023 IEEE International Conference on Quantum Software (QSW)","","","","","","","","","","","","","","",""
"FIV8W42R","conferencePaper","2024","A. Wright; M. Lewis; P. Zuliani; S. Soudjani","T-Count Optimizing Genetic Algorithm for Quantum State Preparation","2024 IEEE International Conference on Quantum Software (QSW)","","","10.1109/QSW62656.2024.00020","","Quantum state preparation is a crucial process within numerous quantum algorithms, and the need for efficient initialization of quantum registers is ever increasing as demand for useful quantum computing grows. The problem arises as the number of qubits to be initialized grows, the circuits required to implement the desired state also exponentially increase in size leading to loss of fidelity to noise. This is mainly due to the susceptibility to environmental effects of the non-Clifford T gate, whose use should thus be reduced as much as possible. In this paper, we present and utilize a genetic algorithm for state preparation circuits consisting of gates from the Clifford + T gate set and optimize them in T-Count as to reduce the impact of noise. Whilst the method presented here does not always produce the most accurate circuits in terms of fidelity, it can generate high-fidelity, non-trivial quantum states such as quantum Fourier transform states. In addition, our algorithm does automatically generate fault tolerantly implementable solutions where the number of the most error prone components is reduced. We present an evaluation of the algorithm when trialed against preparing random, Poisson probability distribution, W, GHZ, and quantum Fourier transform states. We also experimentally demonstrate the scalability issues as qubit count increases, which highlights the need for further optimization of the search process.","2024-07-07","2026-07-02 19:58:00","2026-07-10 00:57:04","","58-68","","","","","","","","","","","","","","","","","","","","Journal Abbreviation: 2024 IEEE International Conference on Quantum Software (QSW)","","","","Scalability; Logic gates; Qubit; Quantum Computing; Circuits; Noise; Clifford + T; Evolutionary computation; Fourier transforms; Genetic Algorithms; State Preparation; T-Count","","","","","","","","","","","","","","","","","","","","","","","","","","","","","","","","2024 IEEE International Conference on Quantum Software (QSW)","","","","","","","","","","","","","","",""
"SI7CC4VQ","conferencePaper","2025","F. Farsian; T. Trombetti; C. Burigana; F. Schilliró; A. Bulgarelli; V. Cardone; L. Cappelli; M. Meneghetti; G. Murante; A. Rizzo; G. Sarracino; I. Graziotti; R. Scaramella; V. Testa","The Application of Quantum Fourier Transform in Cosmic Microwave Background Data Analysis","2025 IEEE International Conference on Quantum Software (QSW)","","","10.1109/QSW67625.2025.00037","","The Cosmic Microwave Background (CMB) data analysis and the map-making process rely heavily on the use of spherical harmonics. For suitable pixelizations of the sphere, the (forward and inverse) Fourier transform plays a crucial role in computing all-sky map from spherical harmonic expansion coefficients - or from angular power spectrum - and vice versa. While the Fast Fourier Transform (FFT) is traditionally employed in these computations, the Quantum Fourier Transform (QFT) offers a theoretical advantage in terms of computational efficiency and potential speedup. In this work, we study the potential advantage of using the QFT in this context by exploring the substitution of the FFT with the QFT within the healpy package. Performance evaluations are conducted using the Aer simulator. Our results indicate that QFT exhibits potential advantages over FFT that are particularly relevant at high-resolution. However, classical-to-quantum data encoding overhead represents a limitation to current efficiency. In this work, we adopted amplitude encoding, due to its efficiency on encoding maximum data to minimum number of qubits. We identify data encoding as a potential significant bottleneck and discuss its impact on quantum speedup. Future improvements in quantum encoding strategies and algorithmic optimizations could further enhance the feasibility of QFT in CMB data analysis.","2025-07-07","2026-07-02 19:58:00","2026-07-10 00:58:01","","250-256","","","","","","","","","","","","","","","","","","","","Journal Abbreviation: 2025 IEEE International Conference on Quantum Software (QSW)","","","","Software algorithms; Software; Qubit; Encoding; Quantum mechanics; Computational efficiency; Quantum advantage; Cosmic Microwave Background; Data analysis; Data-Analysis; Fast Fourier transforms; Harmonic analysis; Quantum Fourier Transform","","","","","","","","","","","","","","","","","","","","","","","","","","","","","","","","2025 IEEE International Conference on Quantum Software (QSW)","","","","","","","","","","","","","","",""
"TKFU8VWW","conferencePaper","2025","J. Alnas; A. S. Dalvi; K. R. Brown","Towards a Pulse-Level Intermediate Representation for Diverse Quantum Control Systems","2025 IEEE International Conference on Quantum Computing and Engineering (QCE)","","","10.1109/QCE65121.2025.00057","","A system-independent intermediate representation (IR) for pulse-level programming of quantum control systems is required to enable rapid development and reuse of quantum software across diverse platforms. In this work, we demonstrate the utility of pulselib [1] as a candidate for such an IR. We implement graph-based IRs and transpilation pipelines for two unique frequency synthesizers and benchmark performance against existing IRs. Key elements of these pipelines are munchers and parametrizable pulse schedules. The former encodes targetspecific constraints and allows translation of fundamentally system-agnostic pulse descriptions to arbitrary low-level representations, and the latter enables schedule reuse that produces savings in transpilation time relative to device-specific alternatives. Benchmarks reveal that pulselib provides performance comparable to fast, device-specific IRs while providing a speedup of up to $4.5 x$ over existing IRs. For highly parametrized applications, pulselib provides favorable scaling of transpilation times with respect to the number of parameters and can exhibit speedups relative to existing IRs up to 69% larger than speedups provided by optimized, device-specific techniques.","2025-09-30","2026-07-02 19:58:00","2026-07-10 00:58:34","","448-458","","","01","","","","","","","","","","","","","","","","","Journal Abbreviation: 2025 IEEE International Conference on Quantum Computing and Engineering (QCE)","","","","Programming; Real-time systems; Performance evaluation; Benchmark testing; Control systems; Extensibility; Standards; Schedules; Pipelines; intermediate representation; pulse-level; quantum control; RFSoC; Signal generators","","","","","","","","","","","","","","","","","","","","","","","","","","","","","","","","2025 IEEE International Conference on Quantum Computing and Engineering (QCE)","","","","","","","","","","","","","","",""
"NNX3VGZI","conferencePaper","2023","H. D. Menendez; L. Bello; D. Clark","Dynamic Output State Classification for Quantum Computers","2023 IEEE/ACM 4th International Workshop on Quantum Software Engineering (Q-SE)","","","10.1109/Q-SE59154.2023.00009","","Quantum computers promise a potentially disruptive approach to improving computation in fields such as physics, chemistry, cryptography, optimisation, and machine learning. However, testing quantum computations for faults is currently impractical because of the existence of noise and errors associated with the output. Executing in a quantum system a circuit with only a few valid output states can generate a significant number of implausible states that have zero probability in an ideal computation. Among other sources of noise, readout errors come from the difficulty of discriminating a measurement between 0 and 1 for the different qubits. These issues are affected by readout drift, requiring regular recalibration of the process. In this paper, we provide a novel technique for post-computation analysis of the output probability distributions that permits better discrimination of kerneled data, delaying the need for recalibration. We achieve this by altering the linear discrimination of the final output states by way of a dynamic state selection process that combines Gaussian mixture models with a probability threshold. As an initial assessment of the technique we examine its effect on three to five qubits GHZ states. Our results on almost every one of nine IBM quantum computers show that the number of implausible states is reduced significantly and that the resulting probability distribution is closer to the expected one.","2023-05-17","2026-07-02 19:58:00","2026-07-10 00:58:23","","16-23","","","","","","","","","","","","","","","","","","","","Journal Abbreviation: 2023 IEEE/ACM 4th International Workshop on Quantum Software Engineering (Q-SE)","","","","Computers; Noise measurement; Quantum system; Qubit; Physics; Measurement uncertainty; Probability distribution; clustering; error mitigation; quantum computation","","","","","","","","","","","","","","","","","","","","","","","","","","","","","","","","2023 IEEE/ACM 4th International Workshop on Quantum Software Engineering (Q-SE)","","","","","","","","","","","","","","",""
"CHB8EQCY","conferencePaper","2025","G. Bisicchia; A. Bocci; J. García-Alonso; J. M. Murillo; A. Brogi","QSimBench: An Execution-Level Benchmark Suite for Quantum Software Engineering","2025 IEEE International Conference on Quantum Computing and Engineering (QCE)","","","10.1109/QCE65121.2025.10315","","Reproducibility and comparability remain fundamental challenges in the empirical evaluation of Quantum Software Engineering (QSE) tools. These challenges arise from the intrinsic probabilistic behavior of quantum programs and the variability introduced by quantum hardware and simulator backends. While existing quantum benchmarks typically offer only static circuit definitions, they often leave researchers responsible for data generation and execution, hindering the creation of standardized and reproducible experiments. In this paper, we introduce QSimBench, a novel, open-source benchmark suite and accompanying Python library designed to address these limitations. QSimBench provides over 20 million precomputed shot-level execution traces: $\mathbf{2 0, 0 0 0}$ measurements each, across $\mathbf{1 4}$ quantum algorithms, multiple circuit sizes ($4-15$ qubits), and six Qiskit-based backends including both ideal and noise-injected simulations. Each configuration includes not only detailed measurement histories but also the original circuit in OpenQASM, the backend's noise model, and configuration metadata, ensuring full transparency and enabling in-depth analysis. QSimBench empowers researchers to conduct scalable, reproducible, and statistically rigorous evaluations of QSE tools, such as those for monitoring, orchestration, and statistical post-processing, without the need for expensive or difficult-to-reproduce quantum executions. The benchmark is distributed with a lightweight Python API that facilitates fast data retrieval, flexible sampling strategies, and seamless integration into experimental pipelines. QSimBench is publicly available, aiming to foster collaborative and reproducible research within the quantum software community.","2025-09-30","2026-07-02 19:58:26","2026-07-10 00:58:16","","175-180","","","02","","","","","","","","","","","","","","","","","Journal Abbreviation: 2025 IEEE International Conference on Quantum Computing and Engineering (QCE)","","","","Software algorithms; Software; Quantum computing; Software engineering; Hardware; Noise measurement; Benchmark testing; Quantum Computing; Analytical models; Python; Quantum Simulation; Quantum Software Engineering; Quantum Benchmark; Reproducibility of results","","","","","","","","","","","","","","","","","","","","","","","","","","","","","","","","2025 IEEE International Conference on Quantum Computing and Engineering (QCE)","","","","","","","","","","","","","","",""
"83SX6ABP","conferencePaper","2025","G. Pontolillo; A. Muqeet; S. Ali; M. R. Mousavi","From Ideal to Noisy: Adapting Property-Based Testing for Real-World Noisy Quantum Computers","2025 IEEE International Conference on Quantum Computing and Engineering (QCE)","","","10.1109/QCE65121.2025.00053","","Quantum software testing is essential for the quality assurance of quantum programs. However, existing techniques face many challenges, such as constructing test oracles and distinguishing genuine faults from noise-induced errors. Propertybased testing is a promising solution for dealing with the test oracle issue, which verifies general properties rather than requiring inputs and outputs. However, its effectiveness in noisy quantum environments has not been studied. To this end, we evaluate the feasibility of applying property-based testing in noisy quantum computers by integrating it with a state-of-the-art machine learning-based noise mitigation method called QOIN. Our results show that on average, QOIN mitigates noise for individual circuits, though it may introduce outliers. Crucially, this does not guarantee property preservation: we show that some properties align better with QOIN, while others remain closer under unmitigated noise. To address this, we apply a hybrid approach that selectively applies QOIN during property-based testing. We show that this hybrid approach improves alignment with the ideal execution and significantly reduces false positives in assertion outcomes across most executed mutants. This provides a solid foundation for applying property-based testing to noisy quantum systems.","2025-09-30","2026-07-02 19:58:26","2026-07-10 00:58:18","","405-416","","","01","","","","","","","","","","","","","","","","","Journal Abbreviation: 2025 IEEE International Conference on Quantum Computing and Engineering (QCE)","","","","Computers; Noise measurement; Integrated circuit modeling; Qubit; Quantum Computing; Solids; Machine learning; Testing; Noise; Prevention and mitigation; Software testing; Machine Learning; Quantum Software Testing; Noise Mitigation; Property-Based Testing","","","","","","","","","","","","","","","","","","","","","","","","","","","","","","","","2025 IEEE International Conference on Quantum Computing and Engineering (QCE)","","","","","","","","","","","","","","",""
"7IDY7GQE","conferencePaper","2023","C. O’Meara; M. Fernández-Campoamor; G. Cortiana; J. Bernabé-Moreno","Quantum Software Architecture Blueprints for the Cloud: Overview and Application to Peer-2-Peer Energy Trading","2023 IEEE Conference on Technologies for Sustainability (SusTech)","","","10.1109/SusTech57309.2023.10129617","","Applied quantum computing research has often focused on determining business-driven use-cases and applications of quantum algorithms which may provide advantage, either runtime or solution quality, over their classical counterparts. Often missed, yet equally important, is the discussion on how to actually run quantum software applications or models in a production environment where they run in an event-based or scheduled manner thereby providing the results to the enterprise which has spent time upskilling their development team and developing the quantum software solution.In this paper, we introduce a hybrid classical-quantum cloud architecture blueprint which starts from the code-level software development level, and extends to the production-ready quantum software application level. We then, for the first time, introduce a novel sample optimization application used in the energy industry for Peer-2-Peer energy trading and deploy it using the proposed cloud architecture blueprint. We demonstrate sample output of the live-running application where trading optimizations occurs on an hourly basis via remote connection to a quantum computing cloud backend.","2023-04-19","2026-07-02 19:58:26","2026-07-10 00:57:30","","191-198","","","","","","","","","","","","","","","","","","","","Journal Abbreviation: 2023 IEEE Conference on Technologies for Sustainability (SusTech)","","","","Software algorithms; Quantum algorithm; Computer architecture; Cloud computing; Runtime; QUBO; Software architecture; cloud environment; Hyrbid quantum-classical application; Production; quantum algorithm; software architecture","","","","","","","","","","","","","","","","","","","","","","","","","","","","","","","","2023 IEEE Conference on Technologies for Sustainability (SusTech)","","","","","","","","","","","","","","",""
"SRJWYFPW","conferencePaper","2025","J. Shen; J. Ammermann; C. König; I. Schaefer","Quantum Pattern Detection: Accurate State- and Circuit-Based Analyses","2025 IEEE/ACM International Workshop on Quantum Software Engineering (Q-SE)","","","10.1109/Q-SE66736.2025.00008","","Quantum computers have the potential to solve certain problems faster than classical computers by exploiting quantum mechanical effects such as superposition. However, building high-quality quantum software is challenging due to the fundamental differences between quantum and traditional programming and the lack of abstraction mechanisms. To mitigate this challenge, researchers have introduced quantum patterns to capture common high-level design solutions to recurring problems in quantum software engineering. In order to utilize patterns as an abstraction level for implementation, a mapping between the theoretical patterns and the source code is required, which has only been addressed to a limited extent. To close this gap, we propose a framework for the automatic detection of quantum patterns using state- and circuit-based code analysis. Furthermore, we contribute a dataset for benchmarking quantum pattern detection approaches. In an empirical evaluation, we show that our framework is able to detect quantum patterns very accurately and that it outperforms existing quantum pattern detection approaches in terms of detection accuracy.","2025-05-03","2026-07-02 19:58:27","2026-07-10 00:58:42","","9-16","","","","","","","","","","","","","","","","","","","","Journal Abbreviation: 2025 IEEE/ACM International Workshop on Quantum Software Engineering (Q-SE)","","","","Accuracy; Software; Computers; Programming; Quantum computing; Software engineering; Quantum Computing; Codes; Quantum mechanics; Source coding; Conferences; Quantum Software Engineering; Pattern Detection; Quantum Computing Patterns","","","","","","","","","","","","","","","","","","","","","","","","","","","","","","","","2025 IEEE/ACM International Workshop on Quantum Software Engineering (Q-SE)","","","","","","","","","","","","","","",""
"EPUDPASQ","journalArticle","2025","B. Rosendo; D. Fortunato; R. Abreu","Quantum Approaches for Vehicle Routing Optimization on Noisy Intermediate Scale Quantum Platforms: Applications of QAOA and Quantum Annealing for Vehicle Routing Problems [Focus: Quantum Software and its Engineering]","IEEE Software","","1937-4194","10.1109/MS.2025.3547874","","Transportation significantly impacts urban energy consumption and environmental sustainability, making optimization critical. Quantum computing provides a promising approach to improving transportation systems by tackling vehicle routing problem variations using the quadratic unconstrained binary optimization model.","2025-10","2026-07-02 19:58:27","2026-07-10 00:57:22","","43-50","","5","42","","IEEE Software","","","","","","","","","","","","","","","","","","","Noise measurement; Optimization; Benchmark testing; Qubit; Costs; Mathematical models; Annealing; Quantum annealing; Transportation; Vehicle routing","","","","","","","","","","","","","","","","","","","","","","","","","","","","","","","","","","","","","","","","","","","","","","",""
"WQLZGJ5W","conferencePaper","2022","J. Luo; P. Zhao; Z. Miao; S. Lan; J. Zhao","A Comprehensive Study of Bug Fixes in Quantum Programs","2022 IEEE International Conference on Software Analysis, Evolution and Reengineering (SANER)","1534-5351","","10.1109/SANER53432.2022.00147","","As quantum programming evolves, more and more quantum programming languages are being developed. As a result, debugging and testing quantum programs have become increasingly important. While bug fixing in classical programs has come a long way, there is a lack of research in quantum programs. To this end, this paper presents a comprehensive study on bug fixing in quantum programs. We collect and investigate 96 real-world bugs and their fixes from four popular quantum programming languages (Qiskit, Cirq, Q#, and ProjectQ). Our study shows that a high proportion of bugs in quantum programs are quantum-specific bugs (over 80%), which requires further research in the bug fixing domain. We also summarize and extend the bug patterns in quantum programs and subdivide the most critical part, math-related bugs, to make it more applicable to the study of quantum programs. Our findings summarize the characteristics of bugs in quantum programs and provide a basis for studying testing and debugging quantum programs.","2022-03-15","2026-07-02 19:58:27","2026-07-10 00:58:41","","1239-1246","","","","","","","","","","","","","","","","","","","","Journal Abbreviation: 2022 IEEE International Conference on Software Analysis, Evolution and Reengineering (SANER)","","","","Software; Programming; Computer bugs; Debugging; Testing; Conferences; Computer languages; empirical study; quantum software testing; quantum program debugging; Bug fixing","","","","","","","","","","","","","","","","","","","","","","","","","","","","","","","","2022 IEEE International Conference on Software Analysis, Evolution and Reengineering (SANER)","","","","","","","","","","","","","","",""
"274HYYGW","conferencePaper","2025","L. Remme; A. Weinert; A. Waschk","Optimization of Hybrid Quantum-Classical Algorithms","2025 IEEE International Conference on Quantum Software (QSW)","","","10.1109/QSW67625.2025.00033","","Quantum computers do not run in isolation; rather, they are embedded in quantum-classical hybrid architectures. In these setups, a quantum processing unit communicates with a classical device in near-real time. To enable efficient hybrid computations, it is mandatory to optimize quantum-classical hybrid code. To the best of our knowledge, no previous work on the optimization of hybrid code nor on metrics for which to optimize such code exists. In this work, we take a step towards optimization of hybrid programs by introducing seven optimization routines and three metrics to evaluate the effectiveness of the optimization. We implement these routines for the hybrid quantum language Quil and show that our optimizations improve programs according to our metrics. This lays the foundation for new kinds of hybrid optimizers that enable real-time collaboration between quantum and classical devices.","2025-07-07","2026-07-02 19:58:27","2026-07-10 00:59:14","","215-226","","","","","","","","","","","","","","","","","","","","Journal Abbreviation: 2025 IEEE International Conference on Quantum Software (QSW)","","","","Quantum circuit; Software; Computers; Quantum computing; Real-time systems; Optimization; Performance evaluation; Codes; Measurement; Collaboration; compilers; evaluation; hybrid quantum software; optimization; optimization operations; quantum-classical; quantum-classical metrics; Quil","","","","","","","","","","","","","","","","","","","","","","","","","","","","","","","","2025 IEEE International Conference on Quantum Software (QSW)","","","","","","","","","","","","","","",""
"IG6MQF7F","journalArticle","2026","K. Chen; Q. Wang; Z. Zhang","Local Test for Unitarily Invariant Properties of Bipartite Quantum States","IEEE Transactions on Information Theory","","1557-9654","10.1109/TIT.2026.3697790","","We study the power of local test for bipartite quantum states. Our central result is that, for properties of bipartite pure states, unitary invariance on one part implies an optimal (over all global testers) local tester acting only on the other part. As an application, we demonstrate • Purified samples offer no advantage in property testing of mixed states. • A matching lower bound Ω(r2/ε2) for testing the Schmidt rank of bipartite states with perfect completeness, settling an open question raised in the survey of Montanaro and de Wolf (ToC 2016). • A lower bound Ω(( √ n+ √ r)· √ r/ε2) for testing whether an n-partite state is a matrix product state of bond dimension r or ε-far, improving the prior lower bounds Ω( √ n/ε2) by Soleimanifar and Wright (SODA 2022) and Ω( √ r) by Aaronson et al. (ITCS 2024). • A matching lower bound Ω(d/ε2) for testing whether a d-dimensional bipartite state is maximally entangled or ε-far, showing that the algorithm of O’Donnell and Wright (STOC 2015) is optimal for this task. • A query lower bound Ω(d/ √ Δ) for the d-dimensional entanglement entropy problem with gap Δ, improving the prior lower bounds Ω( 4 √ d) by She and Yuen (ITCS 2023) and Ω(1/ √ Δ) by Wang and Zhang (SICOMP 2025) and Weggemans (Quantum 2025). Moreover, we extend our central result to a robust version where the tested states are subject to noise and are not guaranteed to be pure: in this case, one-way LOCC is sufficient to realize the optimal tester.","2026","2026-07-02 19:58:27","2026-07-10 00:59:03","","1-1","","","","","IEEE Transactions on Information Theory","","","","","","","","","","","","","","","","","","","Quantum state; Testing; Complexity theory; Equations; Entropy; bipartite states; Lower bound; quantum lower bounds; quantum property testing; quantum query complexity; quantum sample complexity; Ranking (statistics); Terminology; Tin; unitary invariance; Weighted sum model","","","","","","","","","","","","","","","","","","","","","","","","","","","","","","","","","","","","","","","","","","","","","","",""
"5UVQRCQZ","journalArticle","2025","L. Windgätter; E. Lobe","Quantum Optimization Applications With Quark and Quapps: Bridging the Gap Between Application and Hardware [Focus: Quantum Software and its Engineering]","IEEE Software","","1937-4194","10.1109/MS.2025.3564146","","Solving discrete optimization problems is one of the most promising use cases on quantum computers. The libraries quark and quapps provide an easily usable, modular workflow to encode discrete optimization problems and interface them to both classical and quantum hardware.","2025-10","2026-07-02 19:58:27","2026-07-10 00:59:16","","34-42","","5","42","","IEEE Software","","","","","","","","","","","","","","","","","","","Software algorithms; Computers; Quantum computing; Hardware; Optimization; Benchmark testing; Quantum annealing; Libraries; Approximation algorithms; Linear programming","","","","","","","","","","","","","","","","","","","","","","","","","","","","","","","","","","","","","","","","","","","","","","",""
"CV4IUI6E","conferencePaper","2024","M. -T. Lau; C. -Y. Cheng; C. -H. Lu; C. -H. Chuang; Y. -H. Kuo; H. -C. Yang; C. -T. Kuo; H. -Y. Chen; C. -Y. Tung; C. -E. Tsai; G. -H. Chen; L. -K. Lin; C. -H. Wang; T. -H. Wang; C. -Y. R. Huang","Qsyn: A Developer-Friendly Quantum Circuit Synthesis Framework for NISQ Era and Beyond","2024 IEEE International Conference on Quantum Computing and Engineering (QCE)","","","10.1109/QCE60285.2024.10392","","In this paper, we introduce Qsyn, a novel quantum circuit synthesis (QCS) framework designed to facilitate the research, development, testing, and experimentation of QCS algorithms and tools. Our framework is more developer-friendly than other modern QCS frameworks in three aspects: (1) Qsyn provides a comprehensive command-line interface that enables developers to design various testing scenarios with ease and conduct flexible experiments on their algorithms. This feature significantly streamlines the development process, making it more efficient and user-friendly. (2) Qsyn offers detailed access to multiple data representations at different abstraction levels of quantum circuits. This capability allows developers to optimize their algorithms extensively, gaining deeper insights and control over the structure and behavior of quantum circuits. By understanding the intricacies of circuit design, developers can achieve higher levels of optimization and performance in their algorithms. (3) Qsyn implements a rigorous development flow and environment to help developers maintain high-quality standards using modern software engineering practices, including robust quality assurance measures like regression testing, continuous integration and continuous delivery (CI/CD) pipelines, and code linting. We demonstrate Qsyn's superior performance through fair comparisons with PyZX [1], highlighting its efficiency and optimization capabilities. By providing a unified and user-friendly development environment, Qsyn empowers researchers and developers to prototype, implement, and evaluate their QCS algorithms effectively.","2024-09-15","2026-07-02 19:58:27","2026-07-10 00:59:23","","535-536","","","02","","","","","","","","","","","","","","","","","Journal Abbreviation: 2024 IEEE International Conference on Quantum Computing and Engineering (QCE)","","","","Software algorithms; Quantum circuit; Software; Software engineering; Optimization; Quantum system; Quantum Computing; Testing; Standards; Quantum Software Engineering; Quality assurance; Software measurement; Quantum Systems Software","","","","","","","","","","","","","","","","","","","","","","","","","","","","","","","","2024 IEEE International Conference on Quantum Computing and Engineering (QCE)","","","","","","","","","","","","","","",""
"SR4KSXAF","journalArticle","2025","Luis Jiménez-NavajasRicardo Pérez-CastilloMario Piattini","Code generation for classical-quantum software systems modeled in UML","Software and Systems Modeling","","","10.1007/s10270-024-01259-w","https://link.springer.com/article/10.1007/s10270-024-01259-w","","2025","2026-07-02 19:59:09","2026-07-10 00:59:22","","","","","","","Software and Systems Modeling","","","","","","","","","","","","","","","","","","","","","","","","","","","","","","","","","","","","","","","","","","","","","","","","","","","","","","","","","","","","","","","","","",""
"EZWTSP9L","journalArticle","2024","Harriet ApelToby CubittPatrick HaydenTamara KohlerDavid Pérez-García","Security of quantum position-verification limits Hamiltonian simulation via holography","Journal of High Energy Physics","","","10.1007/JHEP08(2024)152","https://link.springer.com/article/10.1007/JHEP08(2024)152","","2024","2026-07-02 19:59:09","2026-07-10 00:58:27","","","","","","","Journal of High Energy Physics","","","","","","","","","","","","","","","","","","","","","","","","","","","","","","","","","","","","","","","","","","","","","","","","","","","","","","","","","","","","","","","","","",""
"FCC5V5AR","journalArticle","2024","Arif Ali KhanMuhammad Azeem AkbarValtteri LahtinenMarko PaavolaMahmood NiaziMohammed Naif AlatawiShoayee Dlaim Alotaibi","Correction: Agile meets quantum: a novel genetic algorithm model for predicting the success of quantum software development project","Automated Software Engineering","","","10.1007/s10515-024-00474-5","https://link.springer.com/article/10.1007/s10515-024-00474-5","","2024","2026-07-02 19:59:09","2026-07-10 00:57:20","","","","","","","Automated Software Engineering","","","","","","","","","","","","","","","","","","","","","","","","","","","","","","","","","","","","","","","","","","","","","","","","","","","","","","","","","","","","","","","","","",""
"BD8A5CEM","bookSection","2026","Chuanqi XuJakub Szefer","Security Attacks Abusing Pulse-Level Quantum Circuits","Design Automation for Quantum Computing","","","10.1007/978-3-032-09303-5_11","https://link.springer.com/chapter/10.1007/978-3-032-09303-5_11","","2026","2026-07-02 19:59:09","2026-07-10 00:57:34","","","","","","","","","","","","","","","","","","","","","","","","","","","","","","","","","","","","","","","","","","","","","","","","","","","","","","","","","","","","","","","","","","","","","","","","",""
"LYI5SQ6W","conferencePaper","2024","Ji GuanYuan FengAndrea TurriniMingsheng Ying","Measurement-Based Verification of Quantum Markov Chains","","","","10.1007/978-3-031-65633-0_24","https://link.springer.com/chapter/10.1007/978-3-031-65633-0_24","","2024","2026-07-02 19:59:09","2026-07-10 00:58:53","","","","","","","","","","","","","","","","","","","","","","","","","","","","","","","","","","","","","","","","","","","","","","","","","","","","","","","","","","Computer Aided Verification","","","","","","","","","","","","","","",""
"ANPAGLHH","bookSection","2024","José Luis HeviaEzequiel MurinaAurelio MartínezGuido Peterssen","Quantum Software Engineering and Programming Applied to Personalized Pharmacogenomics","Quantum Software","","","10.1007/978-3-031-64136-7_11","https://link.springer.com/chapter/10.1007/978-3-031-64136-7_11","","2024","2026-07-02 19:59:09","2026-07-10 00:59:00","","","","","","","","","","","","","","","","","","","","","","","","","","","","","","","","","","","","","","","","","","","","","","","","","","","","","","","","","","","","","","","","","","","","","","","","",""
"PFKD4T5W","journalArticle","2026","Jian-Wei YinZi-Rong ChenShun PengHao-Chen LuoChen-Ning TaoSi-Wei TanLi-Qiang Lu","A Review of Quantum Computing Systems and Software","Journal of Computer Science and Technology","","","10.1007/s11390-025-5953-3","https://link.springer.com/article/10.1007/s11390-025-5953-3","","2026","2026-07-02 19:59:09","2026-07-10 00:58:54","","","","","","","Journal of Computer Science and Technology","","","","","","","","","","","","","","","","","","","","","","","","","","","","","","","","","","","","","","","","","","","","","","","","","","","","","","","","","","","","","","","","","",""
"C7INZUEZ","conferencePaper","2025","F. Javier CardamaJorge Vázquez-PérezTomás F. PenaJuan C. PichelAndrés Gómez","Quantum Compilation Process: A Survey","","","","10.1007/978-3-031-90200-0_9","https://link.springer.com/chapter/10.1007/978-3-031-90200-0_9","","2025","2026-07-02 19:59:09","2026-07-10 00:58:02","","","","","","","","","","","","","","","","","","","","","","","","","","","","","","","","","","","","","","","","","","","","","","","","","","","","","","","","","","Euro-Par 2024: Parallel Processing Workshops","","","","","","","","","","","","","","",""
"TNWZFX2D","bookSection","2022","Luis Jiménez-NavajasRicardo Pérez-CastilloMario Piattini","Quantum Software Modernization","Quantum Software Engineering","","","10.1007/978-3-031-05324-5_11","https://link.springer.com/chapter/10.1007/978-3-031-05324-5_11","","2022","2026-07-02 19:59:09","2026-07-10 00:59:21","","","","","","","","","","","","","","","","","","","","","","","","","","","","","","","","","","","","","","","","","","","","","","","","","","","","","","","","","","","","","","","","","","","","","","","","",""
"SQY38IA3","bookSection","2024","Iaakov Exman","Simulating Quantum Software with Density Matrices: Reading Feynman on Fast-Forward","Quantum Software","","","10.1007/978-3-031-64136-7_2","https://link.springer.com/chapter/10.1007/978-3-031-64136-7_2","","2024","2026-07-02 19:59:09","2026-07-10 00:58:32","","","","","","","","","","","","","","","","","","","","","","","","","","","","","","","","","","","","","","","","","","","","","","","","","","","","","","","","","","","","","","","","","","","","","","","","",""
"9QBDISZZ","bookSection","2026","Lukas BurgholzerRobert Wille","Introduction","Design Automation Tools and Software for Quantum Computing","","","10.1007/978-3-032-06770-8_1","https://link.springer.com/chapter/10.1007/978-3-032-06770-8_1","","2026","2026-07-02 19:59:09","2026-07-10 00:59:23","","","","","","","","","","","","","","","","","","","","","","","","","","","","","","","","","","","","","","","","","","","","","","","","","","","","","","","","","","","","","","","","","","","","","","","","",""
"4SNJCTKA","conferencePaper","2025","Kean ChenYuhao LiuWang FangJennifer PaykinXin-Chuan WuAlbert SchmitzSteve ZdancewicGushu Li","Verifying Fault-Tolerance of Quantum Error Correction Codes","","","","10.1007/978-3-031-98685-7_1","https://link.springer.com/chapter/10.1007/978-3-031-98685-7_1","","2025","2026-07-02 19:59:09","2026-07-10 00:59:09","","","","","","","","","","","","","","","","","","","","","","","","","","","","","","","","","","","","","","","","","","","","","","","","","","","","","","","","","","Computer Aided Verification","","","","","","","","","","","","","","",""
"KA2K38BG","bookSection","2022","Johnny Hooyberghs","Your First Quantum Program","Introducing Microsoft Quantum Computing for Developers","","","10.1007/978-1-4842-7246-6_5","https://link.springer.com/chapter/10.1007/978-1-4842-7246-6_5","","2022","2026-07-02 19:59:09","2026-07-10 00:58:59","","","","","","","","","","","","","","","","","","","","","","","","","","","","","","","","","","","","","","","","","","","","","","","","","","","","","","","","","","","","","","","","","","","","","","","","",""
"QRJYSWF6","bookSection","2026","Lukas BurgholzerRobert Wille","Conclusion","Design Automation Tools and Software for Quantum Computing","","","10.1007/978-3-032-06770-8_21","https://link.springer.com/chapter/10.1007/978-3-032-06770-8_21","","2026","2026-07-02 19:59:09","2026-07-10 00:59:22","","","","","","","","","","","","","","","","","","","","","","","","","","","","","","","","","","","","","","","","","","","","","","","","","","","","","","","","","","","","","","","","","","","","","","","","",""
"HPV22VBV","conferencePaper","2025","Jaime Alvarado-ValienteJavier Romero-ÁlvarezJorge Casco-SecoEnrique MoguelJose Garcia-AlonsoJuan M. Murillo","Circuit Scheduling Policies on Current QPUs: QCRAFT Scheduler","","","","10.1007/978-981-96-0808-9_15","https://link.springer.com/chapter/10.1007/978-981-96-0808-9_15","","2025","2026-07-02 19:59:09","2026-07-10 00:58:46","","","","","","","","","","","","","","","","","","","","","","","","","","","","","","","","","","","","","","","","","","","","","","","","","","","","","","","","","","Service-Oriented Computing","","","","","","","","","","","","","","",""
"EY537AB5","journalArticle","2026","Lukas BurgholzerRobert Wille","Design Automation Tools and Software for Quantum Computing","","","","10.1007/978-3-032-06770-8","https://link.springer.com/book/10.1007/978-3-032-06770-8","","2026","2026-07-02 19:59:09","2026-07-10 00:59:23","","","","","","","","","","","","","","","","","","","","","","","","","","","","","","","","","","","","","","","","","","","","","","","","","","","","","","","","","","","","","","","","","","","","","","","","",""
"ETVPXDGM","bookSection","2024","Luis Jiménez-NavajasRicardo Pérez-CastilloMario Piattini","Engineering Hybrid Software Systems","Quantum Software","","","10.1007/978-3-031-64136-7_9","https://link.springer.com/chapter/10.1007/978-3-031-64136-7_9","","2024","2026-07-02 19:59:09","2026-07-10 00:59:21","","","","","","","","","","","","","","","","","","","","","","","","","","","","","","","","","","","","","","","","","","","","","","","","","","","","","","","","","","","","","","","","","","","","","","","","",""
"9MDWXX9N","bookSection","2026","Archisman GhoshSatwik KunduSwaroop Ghosh","Adversarial Threats in Quantum Machine Learning: A Survey of Attacks and Defenses","Quantum Robustness in Artificial Intelligence","","","10.1007/978-3-032-11153-1_3","https://link.springer.com/chapter/10.1007/978-3-032-11153-1_3","","2026","2026-07-02 19:59:10","2026-07-10 00:57:20","","","","","","","","","","","","","","","","","","","","","","","","","","","","","","","","","","","","","","","","","","","","","","","","","","","","","","","","","","","","","","","","","","","","","","","","",""
"YMF25CDI","bookSection","2023","Kumar PrateekSoumyadev Maity","Quantum Programming on Azure Quantum—An Open Source Tool for Quantum Developers","Quantum Computing: A Shift from Bits to Qubits","","","10.1007/978-981-19-9530-9_16","https://link.springer.com/chapter/10.1007/978-981-19-9530-9_16","","2023","2026-07-02 19:59:10","2026-07-10 00:59:12","","","","","","","","","","","","","","","","","","","","","","","","","","","","","","","","","","","","","","","","","","","","","","","","","","","","","","","","","","","","","","","","","","","","","","","","",""
"5WLGCMCG","bookSection","2022","Filipa Ramos FerreiraJoão Paulo FernandesRui Abreu","Quantum Software Frameworks for Deep Learning","Quantum Software Engineering","","","10.1007/978-3-031-05324-5_15","https://link.springer.com/chapter/10.1007/978-3-031-05324-5_15","","2022","2026-07-02 19:59:10","2026-07-10 00:58:12","","","","","","","","","","","","","","","","","","","","","","","","","","","","","","","","","","","","","","","","","","","","","","","","","","","","","","","","","","","","","","","","","","","","","","","","",""
"YGWWTKG7","journalArticle","2025","F. Javier CardamaJorge Vázquez-PérezCésar PiñeiroJuan C. PichelTomás F. PenaAndrés Gómez","Review of intermediate representations for quantum computing","The Journal of Supercomputing","","","10.1007/s11227-024-06892-2","https://link.springer.com/article/10.1007/s11227-024-06892-2","","2025","2026-07-02 19:59:10","2026-07-10 00:58:02","","","","","","","The Journal of Supercomputing","","","","","","","","","","","","","","","","","","","","","","","","","","","","","","","","","","","","","","","","","","","","","","","","","","","","","","","","","","","","","","","","","",""
"K2549ZS4","conferencePaper","2026","Anne BroadbentAlex B. GriloSupartha PodderJamie Sikora","The Role of Piracy in Quantum Proofs","","","","10.1007/978-3-032-06754-8_10","https://link.springer.com/chapter/10.1007/978-3-032-06754-8_10","","2026","2026-07-02 19:59:10","2026-07-10 00:57:18","","","","","","","","","","","","","","","","","","","","","","","","","","","","","","","","","","","","","","","","","","","","","","","","","","","","","","","","","","Progress in Cryptology – LATINCRYPT 2025","","","","","","","","","","","","","","",""
"RZPDAK3N","conferencePaper","2025","Gonzalo FerroOluwatosin OdubanjoDiego AndradeAndrés Gómez","TNBS: A Kernel-Based Benchmarking for Digital Quantum Computers","","","","10.1007/978-3-031-90200-0_3","https://link.springer.com/chapter/10.1007/978-3-031-90200-0_3","","2025","2026-07-02 19:59:10","2026-07-10 00:58:21","","","","","","","","","","","","","","","","","","","","","","","","","","","","","","","","","","","","","","","","","","","","","","","","","","","","","","","","","","Euro-Par 2024: Parallel Processing Workshops","","","","","","","","","","","","","","",""
"E5TAWI9M","conferencePaper","2026","Fuyuki KitagawaRyo NishimakiNikhil Pappu","Collusion-Resistant Quantum Secure Key Leasing Beyond Decryption","","","","10.1007/978-3-032-25291-3_20","https://link.springer.com/chapter/10.1007/978-3-032-25291-3_20","","2026","2026-07-02 19:59:10","2026-07-10 00:58:15","","","","","","","","","","","","","","","","","","","","","","","","","","","","","","","","","","","","","","","","","","","","","","","","","","","","","","","","","","Advances in Cryptology – EUROCRYPT 2026","","","","","","","","","","","","","","",""
"MXNZLX3W","bookSection","2026","Gabriela LenarczykTimo MinssenMateo Aboy","IP in Superposition: Patents, Trade Secrets, and Open Innovation in Quantum Information Technology","Quantum Technology Governance I","","","10.1007/978-981-95-8371-3_3","https://link.springer.com/chapter/10.1007/978-981-95-8371-3_3","","2026","2026-07-02 19:59:10","2026-07-10 00:58:19","","","","","","","","","","","","","","","","","","","","","","","","","","","","","","","","","","","","","","","","","","","","","","","","","","","","","","","","","","","","","","","","","","","","","","","","",""
"5UD4IPTI","bookSection","2024","Enrique MoguelJose Garcia-AlonsoJuan M. Murillo","Development and Deployment of Quantum Services","Quantum Software","","","10.1007/978-3-031-64136-7_8","https://link.springer.com/chapter/10.1007/978-3-031-64136-7_8","","2024","2026-07-02 19:59:10","2026-07-10 00:57:58","","","","","","","","","","","","","","","","","","","","","","","","","","","","","","","","","","","","","","","","","","","","","","","","","","","","","","","","","","","","","","","","","","","","","","","","",""
"EQ5ZQLRT","conferencePaper","2024","Javier Sanchez-RiveroDaniel TalavánJose Garcia-AlonsoAntonio Ruiz-CortésJuan Manuel Murillo","Some Initial Guidelines for Building Reusable Quantum Oracles","","","","10.1007/978-981-97-0989-2_16","https://link.springer.com/chapter/10.1007/978-981-97-0989-2_16","","2024","2026-07-02 19:59:10","2026-07-10 00:58:51","","","","","","","","","","","","","","","","","","","","","","","","","","","","","","","","","","","","","","","","","","","","","","","","","","","","","","","","","","Service-Oriented Computing – ICSOC 2023 Workshops","","","","","","","","","","","","","","",""
"A4PPKID6","journalArticle","2026","Aruna RaniSatveer Kour","Green quantum computing: evaluating energy efficient error correction mechanisms","Proceedings of the Indian National Science Academy","","","10.1007/s43538-026-00737-7","https://link.springer.com/article/10.1007/s43538-026-00737-7","","2026","2026-07-02 19:59:10","2026-07-10 00:57:21","","","","","","","Proceedings of the Indian National Science Academy","","","","","","","","","","","","","","","","","","","","","","","","","","","","","","","","","","","","","","","","","","","","","","","","","","","","","","","","","","","","","","","","","",""
"7VDG6M6E","bookSection","2026","Kali Charan ModakKumkum SinhaKavita TiwariMiguel A. Sahagun","Green Quantum Finance: Leveraging Quantum AI and HPC for Sustainable Climate Investment Strategies","Quantum AI-Powered and HPC Applications for Sustainable Environment and Climate Change","","","10.1007/978-3-032-15188-9_6","https://link.springer.com/chapter/10.1007/978-3-032-15188-9_6","","2026","2026-07-02 19:59:10","2026-07-10 00:59:07","","","","","","","","","","","","","","","","","","","","","","","","","","","","","","","","","","","","","","","","","","","","","","","","","","","","","","","","","","","","","","","","","","","","","","","","",""
"FIVTTGJ4","conferencePaper","2024","Jaime Alvarado-ValienteJavier Romero-ÁlvarezEnrique MoguelJosé Garcia-AlonsoJuan M. Murillo","Task Manager of Quantum Web Services Through a Load Balancing Solution","","","","10.1007/978-3-031-62362-2_24","https://link.springer.com/chapter/10.1007/978-3-031-62362-2_24","","2024","2026-07-02 19:59:10","2026-07-10 00:58:45","","","","","","","","","","","","","","","","","","","","","","","","","","","","","","","","","","","","","","","","","","","","","","","","","","","","","","","","","","Web Engineering","","","","","","","","","","","","","","",""
"WLWXP44A","journalArticle","2025","M. Bagus AndraAsri R. YulianiJimmy A. KadarAde RamdanHilman F. Pardede","Data augmentation in cancer image classification problem with quantum GAN","Quantum Machine Intelligence","","","10.1007/s42484-025-00315-y","https://link.springer.com/article/10.1007/s42484-025-00315-y","","2025","2026-07-02 19:59:10","2026-07-10 00:59:25","","","","","","","Quantum Machine Intelligence","","","","","","","","","","","","","","","","","","","","","","","","","","","","","","","","","","","","","","","","","","","","","","","","","","","","","","","","","","","","","","","","","",""
"VNI3UN8M","journalArticle","2025","Diego García-VegaFernando Plou-LlorenteAlejandro Leal-CastañoElías F. CombarroJosé Ranilla","pLazyQML: a parallel package for efficient execution of QML models on classical computers","The Journal of Supercomputing","","","10.1007/s11227-025-07714-9","https://link.springer.com/article/10.1007/s11227-025-07714-9","","2025","2026-07-02 19:59:10","2026-07-10 00:57:44","","","","","","","The Journal of Supercomputing","","","","","","","","","","","","","","","","","","","","","","","","","","","","","","","","","","","","","","","","","","","","","","","","","","","","","","","","","","","","","","","","","",""
"7T3R34DM","journalArticle","2025","Evandro RosaEduardo LussiJerusa MarchiRafael de SantiagoEduardo Duzzioni","Full Quantum Stack: Ket Platform","Brazilian Journal of Physics","","","10.1007/s13538-025-01981-w","https://link.springer.com/article/10.1007/s13538-025-01981-w","","2025","2026-07-02 19:59:10","2026-07-10 00:57:59","","","","","","","Brazilian Journal of Physics","","","","","","","","","","","","","","","","","","","","","","","","","","","","","","","","","","","","","","","","","","","","","","","","","","","","","","","","","","","","","","","","","",""
"IFFMZJRV","journalArticle","2025","Jorge Vázquez-PérezF. Javier CardamaCésar PiñeiroJuan C. PichelTomás F. PenaAndrés Gómez","Inqasm: InQuIR compiler to NetQASM","The Journal of Supercomputing","","","10.1007/s11227-025-06955-y","https://link.springer.com/article/10.1007/s11227-025-06955-y","","2025","2026-07-02 19:59:10","2026-07-10 00:58:59","","","","","","","The Journal of Supercomputing","","","","","","","","","","","","","","","","","","","","","","","","","","","","","","","","","","","","","","","","","","","","","","","","","","","","","","","","","","","","","","","","","",""
"6A7PCK5A","journalArticle","2025","Kavita R. SinghSagarkumar S. BadhiyeKapil GuptaPravinkumar M. SonsareRoshni S. KhedgaonkarMukesh M. Raghuwanshi","A Survey of Quantum Machine Learning: Understanding the Current Landscape and Future Opportunities","Operations Research Forum","","","10.1007/s43069-025-00569-z","https://link.springer.com/article/10.1007/s43069-025-00569-z","","2025","2026-07-02 19:59:10","2026-07-10 00:59:09","","","","","","","Operations Research Forum","","","","","","","","","","","","","","","","","","","","","","","","","","","","","","","","","","","","","","","","","","","","","","","","","","","","","","","","","","","","","","","","","",""
"HDQYY5TL","journalArticle","2025","Khaoula ElBedouiNeila Ben LakhalWalid Barhoumi","Medical image analysis: a systematization of knowledge on the convergence of AI and quantum computing","The Journal of Supercomputing","","","10.1007/s11227-025-07789-4","https://link.springer.com/article/10.1007/s11227-025-07789-4","","2025","2026-07-02 19:59:10","2026-07-10 00:59:10","","","","","","","The Journal of Supercomputing","","","","","","","","","","","","","","","","","","","","","","","","","","","","","","","","","","","","","","","","","","","","","","","","","","","","","","","","","","","","","","","","","",""
"5KT3IIGM","bookSection","2026","Ilgın ŞafakTapio FranttiFatih AlagözTommi MikkonenMajid Haghparast","Quantum Adversarial Artificial Intelligence in Secure Internet of Things Networks","Adversarial Example Detection and Mitigation Using Machine Learning","","","10.1007/978-3-031-99447-0_9","https://link.springer.com/chapter/10.1007/978-3-031-99447-0_9","","2026","2026-07-02 19:59:10","2026-07-10 00:58:33","","","","","","","","","","","","","","","","","","","","","","","","","","","","","","","","","","","","","","","","","","","","","","","","","","","","","","","","","","","","","","","","","","","","","","","","",""
"Z2Q5JQ8S","journalArticle","2024","Antonio TrovatoManuel De StefanoFabiano PecorelliDario Di NucciAndrea De Lucia","Reformulating regression test suite optimization using quantum annealing - an empirical study","International Journal on Software Tools for Technology Transfer","","","10.1007/s10009-024-00775-w","https://link.springer.com/article/10.1007/s10009-024-00775-w","","2024","2026-07-02 19:59:10","2026-07-10 00:57:19","","","","","","","International Journal on Software Tools for Technology Transfer","","","","","","","","","","","","","","","","","","","","","","","","","","","","","","","","","","","","","","","","","","","","","","","","","","","","","","","","","","","","","","","","","",""
"JE4P2IZ3","journalArticle","2024","Ashis Kumar MandalBasabi Chakraborty","Quantum computing and quantum-inspired techniques for feature subset selection: a review","Knowledge and Information Systems","","","10.1007/s10115-024-02282-5","https://link.springer.com/article/10.1007/s10115-024-02282-5","","2024","2026-07-02 19:59:10","2026-07-10 00:57:21","","","","","","","Knowledge and Information Systems","","","","","","","","","","","","","","","","","","","","","","","","","","","","","","","","","","","","","","","","","","","","","","","","","","","","","","","","","","","","","","","","","",""
"ILAYVDVW","bookSection","2022","Iaakov ExmanAlon Tsalik Shmilovich","Quantum Software Models: Density Matrix for Universal Software Design","Quantum Software Engineering","","","10.1007/978-3-031-05324-5_7","https://link.springer.com/chapter/10.1007/978-3-031-05324-5_7","","2022","2026-07-02 19:59:10","2026-07-10 00:58:32","","","","","","","","","","","","","","","","","","","","","","","","","","","","","","","","","","","","","","","","","","","","","","","","","","","","","","","","","","","","","","","","","","","","","","","","",""
"RKRAVGN9","conferencePaper","2026","Amana LiaqatAhmed DarwishAdrian RomanStephen DiAdamo","QAOA in Quantum Datacenters: Parallelization, Simulation, and Orchestration","","","","10.1007/978-3-032-13855-2_5","https://link.springer.com/chapter/10.1007/978-3-032-13855-2_5","","2026","2026-07-02 19:59:10","2026-07-10 00:57:15","","","","","","","","","","","","","","","","","","","","","","","","","","","","","","","","","","","","","","","","","","","","","","","","","","","","","","","","","","Quantum Engineering Sciences and Technologies for Industry and Services","","","","","","","","","","","","","","",""
"7ETYL6B2","conferencePaper","2026","Le ChangSaitej YavvariRance CleavelandSamik BasuRunzhou TaoLiyi Li","DisQ: A Model of Distributed Quantum Processors","","","","10.1007/978-3-032-28079-4_2","https://link.springer.com/chapter/10.1007/978-3-032-28079-4_2","","2026","2026-07-02 19:59:10","2026-07-10 00:59:17","","","","","","","","","","","","","","","","","","","","","","","","","","","","","","","","","","","","","","","","","","","","","","","","","","","","","","","","","","NASA Formal Methods","","","","","","","","","","","","","","",""
"B4MWRIEM","bookSection","2025","K. VijayalakshmiB. G. DeepaVijayalakshmi A. LepakshiRahul Laxman Pawar","Understanding the Fundamentals of Quantum Computing","Quantum Machine Learning in Industrial Automation","","","10.1007/978-3-031-99786-0_18","https://link.springer.com/chapter/10.1007/978-3-031-99786-0_18","","2025","2026-07-02 19:59:10","2026-07-10 00:59:06","","","","","","","","","","","","","","","","","","","","","","","","","","","","","","","","","","","","","","","","","","","","","","","","","","","","","","","","","","","","","","","","","","","","","","","","",""
"W3PET28N","conferencePaper","2023","Julian MartensIndika KumaraGeert MonsieurWillem-Jan Van Den HeuvelDamian Andrew Tamburri","QuantumShare: Towards an Ontology for Bridging the Quantum Divide","","","","10.1007/978-3-031-47262-6_22","https://link.springer.com/chapter/10.1007/978-3-031-47262-6_22","","2023","2026-07-02 19:59:10","2026-07-10 00:59:01","","","","","","","","","","","","","","","","","","","","","","","","","","","","","","","","","","","","","","","","","","","","","","","","","","","","","","","","","","Conceptual Modeling","","","","","","","","","","","","","","",""
"MV4QQHS2","journalArticle","2025","F. El AyachiM. El Baz","Software bug prediction using entanglement-enhanced quantum support vector machines (E-QSVM)","Quantum Machine Intelligence","","","10.1007/s42484-025-00334-9","https://link.springer.com/article/10.1007/s42484-025-00334-9","","2025","2026-07-02 19:59:10","2026-07-10 00:58:00","","","","","","","Quantum Machine Intelligence","","","","","","","","","","","","","","","","","","","","","","","","","","","","","","","","","","","","","","","","","","","","","","","","","","","","","","","","","","","","","","","","","",""
"WQJGIYMQ","journalArticle","2025","Javier TroyaAlfonso Pierantonio","Special section on uncertainty, modeling, CPSs and AI: honoring Prof. Antonio Vallecillo","Software and Systems Modeling","","","10.1007/s10270-025-01285-2","https://link.springer.com/article/10.1007/s10270-025-01285-2","","2025","2026-07-02 19:59:10","2026-07-10 00:58:51","","","","","","","Software and Systems Modeling","","","","","","","","","","","","","","","","","","","","","","","","","","","","","","","","","","","","","","","","","","","","","","","","","","","","","","","","","","","","","","","","","",""
"QRBVJ43R","bookSection","2025","Anisha KumariRanjan Kumar BeheraBibhudatta Sahoo","Quantum Cloud Computing: Key Technologies, Challenges, and Opportunities","Advances in Quantum Inspired Artificial Intelligence","","","10.1007/978-3-031-89905-8_6","https://link.springer.com/chapter/10.1007/978-3-031-89905-8_6","","2025","2026-07-02 19:59:10","2026-07-10 00:57:17","","","","","","","","","","","","","","","","","","","","","","","","","","","","","","","","","","","","","","","","","","","","","","","","","","","","","","","","","","","","","","","","","","","","","","","","",""
"SLNHI5FX","bookSection","2026","Elija PerrierMateo Aboy","Quantum Information Technology and the Law","Quantum Technology Governance I","","","10.1007/978-981-95-8371-3_2","https://link.springer.com/chapter/10.1007/978-981-95-8371-3_2","","2026","2026-07-02 19:59:10","2026-07-10 00:57:48","","","","","","","","","","","","","","","","","","","","","","","","","","","","","","","","","","","","","","","","","","","","","","","","","","","","","","","","","","","","","","","","","","","","","","","","",""
"Z8U4RA5B","journalArticle","2025","Adarsh KumarAli Ismail AwadGaurav SharmaRajalakshmi KrishnamurthiSaurabh JainP. SrikanthKriti SharmaMustapha HedabouSurinder Sood","Artificial intelligence and blockchain for quantum satellites and UAV-based communications: a review","Quantum Machine Intelligence","","","10.1007/s42484-025-00271-7","https://link.springer.com/article/10.1007/s42484-025-00271-7","","2025","2026-07-02 19:59:10","2026-07-10 00:57:07","","","","","","","Quantum Machine Intelligence","","","","","","","","","","","","","","","","","","","","","","","","","","","","","","","","","","","","","","","","","","","","","","","","","","","","","","","","","","","","","","","","","",""
"AH7CQ3P2","bookSection","2023","Dhairyya AgarwalShalini DSrinjoy Ganguly","Integrating Quantum Computing into an Existing System","Productizing Quantum Computing","","","10.1007/978-1-4842-9985-2_7","https://link.springer.com/chapter/10.1007/978-1-4842-9985-2_7","","2023","2026-07-02 19:59:10","2026-07-10 00:57:43","","","","","","","","","","","","","","","","","","","","","","","","","","","","","","","","","","","","","","","","","","","","","","","","","","","","","","","","","","","","","","","","","","","","","","","","",""
"WVQXWNT3","conferencePaper","2026","Álvaro M. Aparicio-MoralesEnrique MoguelJose Garcia-Alonso","Designing Hybrid Quantum-Classical Web Applications Across the Computing Continuum","","","","10.1007/978-3-031-97207-2_36","https://link.springer.com/chapter/10.1007/978-3-031-97207-2_36","","2026","2026-07-02 19:59:10","2026-07-10 00:57:15","","","","","","","","","","","","","","","","","","","","","","","","","","","","","","","","","","","","","","","","","","","","","","","","","","","","","","","","","","Web Engineering","","","","","","","","","","","","","","",""
"M5Q5FRPZ","journalArticle","2026","Gaurav SarinYogendra Sai ReddyManya Sarin","Leveraging quantum computing business applications: a B-SLR approach and future research directions","EPJ Quantum Technology","","","10.1140/epjqt/s40507-026-00475-1","https://link.springer.com/article/10.1140/epjqt/s40507-026-00475-1","","2026","2026-07-02 19:59:10","2026-07-10 00:58:20","","","","","","","EPJ Quantum Technology","","","","","","","","","","","","","","","","","","","","","","","","","","","","","","","","","","","","","","","","","","","","","","","","","","","","","","","","","","","","","","","","","",""
"NCB6CJVS","bookSection","2025","Ajay Kumar BadhanAbhishek BhattacharjeeRamandeep SandhuRita RoyDeepika Ghai","Cutting-Edge Quantum Computing Technologies: A Focus on Cybersecurity Applications","Quantum Computing, Cyber Security and Cryptography","","","10.1007/978-981-96-4948-8_2","https://link.springer.com/chapter/10.1007/978-981-96-4948-8_2","","2025","2026-07-02 19:59:10","2026-07-10 00:57:08","","","","","","","","","","","","","","","","","","","","","","","","","","","","","","","","","","","","","","","","","","","","","","","","","","","","","","","","","","","","","","","","","","","","","","","","",""
"VP65FLF5","bookSection","2024","Eric BoddenMichael FeldererWilhelm HasselbringPaula HerberHeiko KoziolekCarola LilienthalFlorian MatthesLutz PrecheltBernhard RumpeIna Schaefer","Ernst Denert Software Engineering Award 2022","Ernst Denert Award for Software Engineering 2022","","","10.1007/978-3-031-44412-8_1","https://link.springer.com/chapter/10.1007/978-3-031-44412-8_1","","2024","2026-07-02 19:59:10","2026-07-10 00:57:58","","","","","","","","","","","","","","","","","","","","","","","","","","","","","","","","","","","","","","","","","","","","","","","","","","","","","","","","","","","","","","","","","","","","","","","","",""
"UFV6FVMT","conferencePaper","2025","Eneko OsabaMatic PetričIzaskun OregiRaphael SeidelAlejandra RuizSebastian BockMichail-Alexandros Kourtis","Eclipse Qrisp QAOA: Description and Preliminary Comparison with Qiskit Counterparts","","","","10.1007/978-3-031-85884-0_12","https://link.springer.com/chapter/10.1007/978-3-031-85884-0_12","","2025","2026-07-02 19:59:10","2026-07-10 00:57:57","","","","","","","","","","","","","","","","","","","","","","","","","","","","","","","","","","","","","","","","","","","","","","","","","","","","","","","","","","Grid, Cloud, and Cluster Computing; Quantum Technologies; and Modeling, Simulation and Visualization Methods","","","","","","","","","","","","","","",""
"F5Q3UQVJ","journalArticle","2025","Aisha N. GriffithJulia PryceDavid L. DuBoisTimothy BrezinaKelly E. StewartMichael Garringer","Supplementing Program Profiles in Evidence Clearinghouses with Insights for Practice: a Qualitative Investigation of Application to Youth Mentoring Programs in CrimeSolutions","Prevention Science","","","10.1007/s11121-025-01841-8","https://link.springer.com/article/10.1007/s11121-025-01841-8","","2025","2026-07-02 19:59:10","2026-07-10 00:57:07","","","","","","","Prevention Science","","","","","","","","","","","","","","","","","","","","","","","","","","","","","","","","","","","","","","","","","","","","","","","","","","","","","","","","","","","","","","","","","",""
"I2LMPRZK","bookSection","2025","Chitra Ravi","Quantum Computing and Cybersecurity: Systematic Review of Algorithms, Challenges, and Emerging Solutions","Quantum Computing, Cyber Security and Cryptography","","","10.1007/978-981-96-4948-8_16","https://link.springer.com/chapter/10.1007/978-981-96-4948-8_16","","2025","2026-07-02 19:59:10","2026-07-10 00:57:32","","","","","","","","","","","","","","","","","","","","","","","","","","","","","","","","","","","","","","","","","","","","","","","","","","","","","","","","","","","","","","","","","","","","","","","","",""
"FZCLCQVS","bookSection","2026","Kinjal GandhiDweepna GargMilind ShahParth GoelShilpa Gite","Quantum Computing in Healthcare: A New Frontier","Advancements in IoT Sensors and Security","","","10.1007/978-3-032-05507-1_26","https://link.springer.com/chapter/10.1007/978-3-032-05507-1_26","","2026","2026-07-02 19:59:10","2026-07-10 00:59:10","","","","","","","","","","","","","","","","","","","","","","","","","","","","","","","","","","","","","","","","","","","","","","","","","","","","","","","","","","","","","","","","","","","","","","","","",""
"ZH955H8V","conferencePaper","2022","Danel AriasBorja SanzJosé Gaviria de la PuertaIker PastorPablo García Bringas","A Repeated Mistake is a Choice: Considering Security Issues and Risks in Quantum Computing from Scratch","","","","10.1007/978-3-030-87872-6_16","https://link.springer.com/chapter/10.1007/978-3-030-87872-6_16","","2022","2026-07-02 19:59:10","2026-07-10 00:57:40","","","","","","","","","","","","","","","","","","","","","","","","","","","","","","","","","","","","","","","","","","","","","","","","","","","","","","","","","","14th International Conference on Computational Intelligence in Security for Information Systems and 12th International Conference on European Transnational Educational (CISIS 2021 and ICEUTE 2021)","","","","","","","","","","","","","","",""
"XXDSNNUC","journalArticle","2022","Enrique MoguelJavier RojoDavid ValenciaJavier BerrocalJose Garcia-AlonsoJuan M. Murillo","Quantum service-oriented computing: current landscape and challenges","Software Quality Journal","","","10.1007/s11219-022-09589-y","https://link.springer.com/article/10.1007/s11219-022-09589-y","","2022","2026-07-02 19:59:10","2026-07-10 00:57:57","","","","","","","Software Quality Journal","","","","","","","","","","","","","","","","","","","","","","","","","","","","","","","","","","","","","","","","","","","","","","","","","","","","","","","","","","","","","","","","","",""
"AV9TTITT","conferencePaper","2023","Jerzy Balicki","Multi-objective Quantum-Inspired Genetic Algorithm for Supervised Learning of Deep Classification Models","","","","10.1007/978-3-031-36030-5_20","https://link.springer.com/chapter/10.1007/978-3-031-36030-5_20","","2023","2026-07-02 19:59:10","2026-07-10 00:58:52","","","","","","","","","","","","","","","","","","","","","","","","","","","","","","","","","","","","","","","","","","","","","","","","","","","","","","","","","","Computational Science – ICCS 2023","","","","","","","","","","","","","","",""
"2KCEDYM4","conferencePaper","2026","Beniamino Di MartinoAntonio EspositoRaffaele MaddaloniDieter Kranzlmueller","Quantum High-Performance Computing Integration: An Overview","","","","10.1007/978-3-032-23335-6_28","https://link.springer.com/chapter/10.1007/978-3-032-23335-6_28","","2026","2026-07-02 19:59:10","2026-07-10 00:57:23","","","","","","","","","","","","","","","","","","","","","","","","","","","","","","","","","","","","","","","","","","","","","","","","","","","","","","","","","","Advanced Information Networking and Applications","","","","","","","","","","","","","","",""
"BAEBV7M2","conferencePaper","2026","G. NagarajanAkash KatakamA. SivasangariR. M. GomathiP. AjithaS. Rajashree","Facial Recognition and Emotion Detection Using Quantum Neural Networks (QNN)","","","","10.1007/978-3-032-25225-8_14","https://link.springer.com/chapter/10.1007/978-3-032-25225-8_14","","2026","2026-07-02 19:59:10","2026-07-10 00:58:17","","","","","","","","","","","","","","","","","","","","","","","","","","","","","","","","","","","","","","","","","","","","","","","","","","","","","","","","","","Advances in Renewable Energy Networks and Applications","","","","","","","","","","","","","","",""
"JE9V8PSP","journalArticle","2023","Jaime Alvarado-ValienteJavier Romero-ÁlvarezEnrique MoguelJosé García-AlonsoJuan M. Murillo","Technological diversity of quantum computing providers: a comparative study and a proposal for API Gateway integration","Software Quality Journal","","","10.1007/s11219-023-09633-5","https://link.springer.com/article/10.1007/s11219-023-09633-5","","2023","2026-07-02 19:59:10","2026-07-10 00:58:45","","","","","","","Software Quality Journal","","","","","","","","","","","","","","","","","","","","","","","","","","","","","","","","","","","","","","","","","","","","","","","","","","","","","","","","","","","","","","","","","",""
"BR2PLSIR","bookSection","2023","Jim WoodcockAna CavalcantiSimon FosterMarcel OliveiraAugusto SampaioFrank Zeyda","UTP, Circus, and Isabelle","Theories of Programming and Formal Methods","","","10.1007/978-3-031-40436-8_2","https://link.springer.com/chapter/10.1007/978-3-031-40436-8_2","","2023","2026-07-02 19:59:10","2026-07-10 00:58:56","","","","","","","","","","","","","","","","","","","","","","","","","","","","","","","","","","","","","","","","","","","","","","","","","","","","","","","","","","","","","","","","","","","","","","","","",""
"66WN5WTR","conferencePaper","2025","Jérôme RouzéNouredine MelabDaniel Tuyttens","A Parallel Genetic Algorithm for Qubit Mapping on Noisy Intermediate-Scale Quantum Machines","","","","10.1007/978-3-031-77941-1_24","https://link.springer.com/chapter/10.1007/978-3-031-77941-1_24","","2025","2026-07-02 19:59:10","2026-07-10 00:58:52","","","","","","","","","","","","","","","","","","","","","","","","","","","","","","","","","","","","","","","","","","","","","","","","","","","","","","","","","","Optimization and Learning","","","","","","","","","","","","","","",""
"UNULFJWN","journalArticle","2026","Javier Villalba-DíezJuan Carlos Losada-González","Exploiting quantum chaos diagnostics in QAOA for enhanced hybrid quantum classical deep learning classification","Scientific Reports","","","10.1038/s41598-026-51870-8","https://link.springer.com/article/10.1038/s41598-026-51870-8","","2026","2026-07-02 19:59:10","2026-07-10 00:58:52","","","","","","","Scientific Reports","","","","","","","","","","","","","","","","","","","","","","","","","","","","","","","","","","","","","","","","","","","","","","","","","","","","","","","","","","","","","","","","","",""
"ZWMDS8BS","journalArticle","2026","Davide Castelvecchi","‘It’s a real shock’: quantum-computing breakthroughs pose imminent risks to cybersecurity","Nature","","","10.1038/d41586-026-01054-1","https://www.nature.com/articles/d41586-026-01054-1","","2026","2026-07-02 19:59:10","2026-07-10 00:57:43","","","","","","","Nature","","","","","","","","","","","","","","","","","","","","","","","","","","","","","","","","","","","","","","","","","","","","","","","","","","","","","","","","","","","","","","","","","",""
"EQ7IVDI5","bookSection","2026","Eric YocamAnthony RiziMahesh KamepalliVarghese VaidyanYong WangGurcan Comert","Quantum Adversarial Machine Learning and Defense Strategies: Challenges and Opportunities","Quantum Robustness in Artificial Intelligence","","","10.1007/978-3-032-11153-1_4","https://link.springer.com/chapter/10.1007/978-3-032-11153-1_4","","2026","2026-07-02 19:59:10","2026-07-10 00:57:58","","","","","","","","","","","","","","","","","","","","","","","","","","","","","","","","","","","","","","","","","","","","","","","","","","","","","","","","","","","","","","","","","","","","","","","","",""
"TNPJQISB","journalArticle","2024","Laura Piispanen","Citizen science games on the timeline of quantum games","The European Physical Journal Plus","","","10.1140/epjp/s13360-024-05553-w","https://link.springer.com/article/10.1140/epjp/s13360-024-05553-w","","2024","2026-07-02 19:59:10","2026-07-10 00:59:16","","","","","","","The European Physical Journal Plus","","","","","","","","","","","","","","","","","","","","","","","","","","","","","","","","","","","","","","","","","","","","","","","","","","","","","","","","","","","","","","","","","",""
"MTRBQYXJ","journalArticle","2025","Hisham SatiUrs Schreiber","The quantum monadology","Quantum Studies: Mathematics and Foundations","","","10.1007/s40509-025-00368-5","https://link.springer.com/article/10.1007/s40509-025-00368-5","","2025","2026-07-02 19:59:10","2026-07-10 00:58:32","","","","","","","Quantum Studies: Mathematics and Foundations","","","","","","","","","","","","","","","","","","","","","","","","","","","","","","","","","","","","","","","","","","","","","","","","","","","","","","","","","","","","","","","","","",""
"6LANRWV9","conferencePaper","2025","Andriy Luntovskyy","Quantum Computing: Applications and Challenges","","","","10.1007/978-3-032-02272-1_5","https://link.springer.com/chapter/10.1007/978-3-032-02272-1_5","","2025","2026-07-02 19:59:10","2026-07-10 00:57:17","","","","","","","","","","","","","","","","","","","","","","","","","","","","","","","","","","","","","","","","","","","","","","","","","","","","","","","","","","Networks and Sustainability","","","","","","","","","","","","","","",""
"M5TIJKXA","conferencePaper","2025","Daniel VietzJohanna BarzenLukas HarzenetterFrank LeymannBenjamin Weder","Integrating Artifact Translation Into Model Transformation Processes","","","","10.1007/978-3-031-72578-4_3","https://link.springer.com/chapter/10.1007/978-3-031-72578-4_3","","2025","2026-07-02 19:59:10","2026-07-10 00:57:42","","","","","","","","","","","","","","","","","","","","","","","","","","","","","","","","","","","","","","","","","","","","","","","","","","","","","","","","","","Service-Oriented Computing","","","","","","","","","","","","","","",""
"IP3LG2U6","conferencePaper","2025","Junjie ChenChuang LiKim-Fung Tsang","An Efficient Mapping Framework for 2D Quantum Architecture","","","","10.1007/978-981-95-3736-5_2","https://link.springer.com/chapter/10.1007/978-981-95-3736-5_2","","2025","2026-07-02 19:59:10","2026-07-10 00:59:03","","","","","","","","","","","","","","","","","","","","","","","","","","","","","","","","","","","","","","","","","","","","","","","","","","","","","","","","","","Neural Computing for Advanced Applications","","","","","","","","","","","","","","",""
"G7WKXQI5","journalArticle","2025","Elaine WongVicente Leyton-OrtegaDaniel ClaudinoSeth R. JohnsonAustin J. AdamsSharmin AfroseMeenambika GowrishankarAnthony CabreraTravis S. Humble","A cross-platform execution engine for the quantum intermediate representation","The Journal of Supercomputing","","","10.1007/s11227-025-07969-2","https://link.springer.com/article/10.1007/s11227-025-07969-2","","2025","2026-07-02 19:59:10","2026-07-10 00:57:47","","","","","","","The Journal of Supercomputing","","","","","","","","","","","","","","","","","","","","","","","","","","","","","","","","","","","","","","","","","","","","","","","","","","","","","","","","","","","","","","","","","",""
"K78E3GQQ","journalArticle","2026","Angelo ImpedovoVito Nicola LosavioCorrado Loglisci","Leveraging cloud-native infrastructure for dynamic and flexible quantum-classical MLOps","Quantum Machine Intelligence","","","10.1007/s42484-026-00360-1","https://link.springer.com/article/10.1007/s42484-026-00360-1","","2026","2026-07-02 19:59:10","2026-07-10 00:57:17","","","","","","","Quantum Machine Intelligence","","","","","","","","","","","","","","","","","","","","","","","","","","","","","","","","","","","","","","","","","","","","","","","","","","","","","","","","","","","","","","","","","",""
"UNFURE5C","journalArticle","2023","He-Liang HuangXiao-Yue XuChu GuoGuojing TianShi-Jie WeiXiaoming SunWan-Su BaoGui-Lu Long","Near-term quantum computing techniques: Variational quantum algorithms, error mitigation, circuit compilation, benchmarking and classical simulation","Science China Physics, Mechanics & Astronomy","","","10.1007/s11433-022-2057-y","https://link.springer.com/article/10.1007/s11433-022-2057-y","","2023","2026-07-02 19:59:10","2026-07-10 00:58:28","","","","","","","Science China Physics, Mechanics & Astronomy","","","","","","","","","","","","","","","","","","","","","","","","","","","","","","","","","","","","","","","","","","","","","","","","","","","","","","","","","","","","","","","","","",""
"9UPYU6H8","journalArticle","2025","Khairul AlamBanani RoyChanchal K. RoyKartik Mittal","An Empirical Investigation on the Challenges in Scientific Workflow Systems Development","Empirical Software Engineering","","","10.1007/s10664-025-10705-2","https://link.springer.com/article/10.1007/s10664-025-10705-2","","2025","2026-07-02 19:59:10","2026-07-10 00:59:09","","","","","","","Empirical Software Engineering","","","","","","","","","","","","","","","","","","","","","","","","","","","","","","","","","","","","","","","","","","","","","","","","","","","","","","","","","","","","","","","","","",""
"SK3PGQI8","conferencePaper","2023","Amrit RajJayakumar Vaithiyashankar","Image Classification Using Quantum Machine Learning","","","","10.1007/978-981-19-5845-8_26","https://link.springer.com/chapter/10.1007/978-981-19-5845-8_26","","2023","2026-07-02 19:59:10","2026-07-10 00:57:16","","","","","","","","","","","","","","","","","","","","","","","","","","","","","","","","","","","","","","","","","","","","","","","","","","","","","","","","","","IoT Based Control Networks and Intelligent Systems","","","","","","","","","","","","","","",""
"QQNY79JG","journalArticle","2026","Archana G. PaiRupesh Kumar Yadav MediboyinaKrishna M. BuddhirajuSurya S. Durbha","Quantum convolutional neural network for slum classification using sentinel-2 imagery","Quantum Information Processing","","","10.1007/s11128-026-05134-z","https://link.springer.com/article/10.1007/s11128-026-05134-z","","2026","2026-07-02 19:59:10","2026-07-10 00:57:20","","","","","","","Quantum Information Processing","","","","","","","","","","","","","","","","","","","","","","","","","","","","","","","","","","","","","","","","","","","","","","","","","","","","","","","","","","","","","","","","","",""
"TTCDWLEA","journalArticle","2023","Antonio VallecilloRicardo Perez-CastilloJoost Visser","Guest editorial: special issue on “IT quality challenges in a digital society”","Software Quality Journal","","","10.1007/s11219-023-09644-2","https://link.springer.com/article/10.1007/s11219-023-09644-2","","2023","2026-07-02 19:59:10","2026-07-10 00:57:19","","","","","","","Software Quality Journal","","","","","","","","","","","","","","","","","","","","","","","","","","","","","","","","","","","","","","","","","","","","","","","","","","","","","","","","","","","","","","","","","",""
"Y42XL24L","conferencePaper","2024","Javier Romero-ÁlvarezJaime Alvarado-ValienteEnrique MoguelJosé Garcia-AlonsoJuan M. Murillo","Quantum Services: A Tutorial on the Technology and the Process","","","","10.1007/978-981-97-0989-2_29","https://link.springer.com/chapter/10.1007/978-981-97-0989-2_29","","2024","2026-07-02 19:59:10","2026-07-10 00:58:49","","","","","","","","","","","","","","","","","","","","","","","","","","","","","","","","","","","","","","","","","","","","","","","","","","","","","","","","","","Service-Oriented Computing – ICSOC 2023 Workshops","","","","","","","","","","","","","","",""
"N7JLQBZV","journalArticle","2023","Chen FuAndrea TurriniXiaowei HuangLei SongYuan FengLi-Jun Zhang","Model Checking for Probabilistic Multiagent Systems","Journal of Computer Science and Technology","","","10.1007/s11390-022-1218-6","https://link.springer.com/article/10.1007/s11390-022-1218-6","","2023","2026-07-02 19:59:10","2026-07-10 00:57:32","","","","","","","Journal of Computer Science and Technology","","","","","","","","","","","","","","","","","","","","","","","","","","","","","","","","","","","","","","","","","","","","","","","","","","","","","","","","","","","","","","","","","",""
"5CEIECMS","conferencePaper","2023","Javier Sanchez-RiveroDaniel TalavánJose Garcia-AlonsoAntonio Ruiz-CortésJuan Manuel Murillo","Operating with Quantum Integers: An Efficient ‘Multiples of’ Oracle","","","","10.1007/978-3-031-45728-9_7","https://link.springer.com/chapter/10.1007/978-3-031-45728-9_7","","2023","2026-07-02 19:59:10","2026-07-10 00:58:50","","","","","","","","","","","","","","","","","","","","","","","","","","","","","","","","","","","","","","","","","","","","","","","","","","","","","","","","","","Service-Oriented Computing","","","","","","","","","","","","","","",""
"H6MYPMTL","conferencePaper","2026","Christophe Labreuche","Application of Multi-criteria Decision Aiding to Quantum Benchmarking: Some Results on Scale Invariance","","","","10.1007/978-3-032-13852-1_24","https://link.springer.com/chapter/10.1007/978-3-032-13852-1_24","","2026","2026-07-02 19:59:10","2026-07-10 00:57:33","","","","","","","","","","","","","","","","","","","","","","","","","","","","","","","","","","","","","","","","","","","","","","","","","","","","","","","","","","Quantum Engineering Sciences and Technologies for Industry and Services","","","","","","","","","","","","","","",""
"NRVS8UKI","conferencePaper","2025","James Hornage","Methodology to Accelerate Federal Agency Adoption of Quantum Technologies","","","","10.1007/978-3-031-85884-0_15","https://link.springer.com/chapter/10.1007/978-3-031-85884-0_15","","2025","2026-07-02 19:59:11","2026-07-10 00:58:48","","","","","","","","","","","","","","","","","","","","","","","","","","","","","","","","","","","","","","","","","","","","","","","","","","","","","","","","","","Grid, Cloud, and Cluster Computing; Quantum Technologies; and Modeling, Simulation and Visualization Methods","","","","","","","","","","","","","","",""
"62ZEEIJS","conferencePaper","2026","Himanshu KamdiAbhishek ShindeVipul ChaudhariAmit D. JoshiSuraj SawantSunil Bhirud","Chronic Kidney Disease Detection Using QSVM and Comparative Analysis with Classical SVM","","","","10.1007/978-981-96-9932-2_25","https://link.springer.com/chapter/10.1007/978-981-96-9932-2_25","","2026","2026-07-02 19:59:11","2026-07-10 00:58:31","","","","","","","","","","","","","","","","","","","","","","","","","","","","","","","","","","","","","","","","","","","","","","","","","","","","","","","","","","Proceedings of the NIELIT’s International Conference on Communication, Electronics and Digital Technologies","","","","","","","","","","","","","","",""
"GQSLJ2M7","bookSection","2024","Bernd W. Wirtz","Artificial Intelligence and Quantum Computing","Multichannel Marketing","","","10.1007/978-3-658-44675-8_13","https://link.springer.com/chapter/10.1007/978-3-658-44675-8_13","","2024","2026-07-02 19:59:11","2026-07-10 00:57:24","","","","","","","","","","","","","","","","","","","","","","","","","","","","","","","","","","","","","","","","","","","","","","","","","","","","","","","","","","","","","","","","","","","","","","","","",""
"9546XYFZ","bookSection","2025","Avita KatalPranav PrasannaRitanshu BirlaKunal","Evolution from Monolithic to Microservices Architecture: A New Era in Software Architecture","Advancements in Optimization and Nature-Inspired Computing for Solutions in Contemporary Engineering Challenges","","","10.1007/978-981-96-0706-8_12","https://link.springer.com/chapter/10.1007/978-981-96-0706-8_12","","2025","2026-07-02 19:59:11","2026-07-10 00:57:21","","","","","","","","","","","","","","","","","","","","","","","","","","","","","","","","","","","","","","","","","","","","","","","","","","","","","","","","","","","","","","","","","","","","","","","","",""
"MF8MABUW","journalArticle","2026","James BartusekDakshita KhuranaFuyuki KitagawaGiulio MalavoltaRyo NishimakiAlexander PorembaMichael WalterTakashi Yamakawa","Publicly Verifiable Deletion: General Compilers from Minimal Assumptions","Journal of Cryptology","","","10.1007/s00145-026-09581-w","https://link.springer.com/article/10.1007/s00145-026-09581-w","","2026","2026-07-02 19:59:11","2026-07-10 00:58:47","","","","","","","Journal of Cryptology","","","","","","","","","","","","","","","","","","","","","","","","","","","","","","","","","","","","","","","","","","","","","","","","","","","","","","","","","","","","","","","","","",""
"DL4L567I","journalArticle","2024","David Jaz MyersHisham SatiUrs Schreiber","Topological Quantum Gates in Homotopy Type Theory","Communications in Mathematical Physics","","","10.1007/s00220-024-05020-8","https://link.springer.com/article/10.1007/s00220-024-05020-8","","2024","2026-07-02 19:59:11","2026-07-10 00:57:42","","","","","","","Communications in Mathematical Physics","","","","","","","","","","","","","","","","","","","","","","","","","","","","","","","","","","","","","","","","","","","","","","","","","","","","","","","","","","","","","","","","","",""
"PRPGTHWJ","bookSection","2024","Bernd W. Wirtz","Artificial Intelligence and Quantum Computing","Digital Business and Electronic Commerce","","","10.1007/978-3-031-50289-7_8","https://link.springer.com/chapter/10.1007/978-3-031-50289-7_8","","2024","2026-07-02 19:59:11","2026-07-10 00:57:24","","","","","","","","","","","","","","","","","","","","","","","","","","","","","","","","","","","","","","","","","","","","","","","","","","","","","","","","","","","","","","","","","","","","","","","","",""
"TQUTE8W2","bookSection","2022","David ValenciaEnrique MoguelJavier RojoJavier BerrocalJose Garcia-AlonsoJuan M. Murillo","Quantum Service-Oriented Architectures: From Hybrid Classical Approaches to Future Stand-Alone Solutions","Quantum Software Engineering","","","10.1007/978-3-031-05324-5_8","https://link.springer.com/chapter/10.1007/978-3-031-05324-5_8","","2022","2026-07-02 19:59:11","2026-07-10 00:57:42","","","","","","","","","","","","","","","","","","","","","","","","","","","","","","","","","","","","","","","","","","","","","","","","","","","","","","","","","","","","","","","","","","","","","","","","",""
"FXYL5D7C","conferencePaper","2025","Jon Gardeazabal-GutierrezErik B. Terres-EscuderoPablo García Bringas","Machine Learning Methods as Robust Quantum Noise Estimators","","","","10.1007/978-3-031-74183-8_20","https://link.springer.com/chapter/10.1007/978-3-031-74183-8_20","","2025","2026-07-02 19:59:11","2026-07-10 00:58:59","","","","","","","","","","","","","","","","","","","","","","","","","","","","","","","","","","","","","","","","","","","","","","","","","","","","","","","","","","Hybrid Artificial Intelligent Systems","","","","","","","","","","","","","","",""
"TPBS2KMY","conferencePaper","2026","Hamed NazariAtif Farid Mohammad","Quantum Motion Sensing in an Electromagnetic Field: A Software Engineering Study of Four Techniques","","","","10.1007/978-3-032-08977-9_15","https://link.springer.com/chapter/10.1007/978-3-032-08977-9_15","","2026","2026-07-02 19:59:11","2026-07-10 00:58:25","","","","","","","","","","","","","","","","","","","","","","","","","","","","","","","","","","","","","","","","","","","","","","","","","","","","","","","","","","SEET—Software Engineering for Emerging Technologies","","","","","","","","","","","","","","",""
"UFE8ST2B","journalArticle","2023","Andrei TchernykhReyes Juárez RamírezEsteban MocskosSergio Nesmachnow","Guest Editorial Special Issue “Recent Trends on Advanced Computing: The Converging Technologies”","Programming and Computer Software","","","10.1134/S0361768823080285","https://link.springer.com/article/10.1134/S0361768823080285","","2023","2026-07-02 19:59:11","2026-07-10 00:57:16","","","","","","","Programming and Computer Software","","","","","","","","","","","","","","","","","","","","","","","","","","","","","","","","","","","","","","","","","","","","","","","","","","","","","","","","","","","","","","","","","",""
"2IEYUBPU","journalArticle","2025","Hemangini RohitHiteshi Tandon","Conceptual density functional theory in drug discovery: an overview","Journal of Molecular Modeling","","","10.1007/s00894-025-06487-5","https://link.springer.com/article/10.1007/s00894-025-06487-5","","2025","2026-07-02 19:59:11","2026-07-10 00:58:29","","","","","","","Journal of Molecular Modeling","","","","","","","","","","","","","","","","","","","","","","","","","","","","","","","","","","","","","","","","","","","","","","","","","","","","","","","","","","","","","","","","","",""
"JWMXNXF7","journalArticle","2023","Kun FangJingtian ZhaoXiufan LiYifei LiRunyao Duan","Quantum NETwork: from theory to practice","Science China Information Sciences","","","10.1007/s11432-023-3773-4","https://link.springer.com/article/10.1007/s11432-023-3773-4","","2023","2026-07-02 19:59:11","2026-07-10 00:59:13","","","","","","","Science China Information Sciences","","","","","","","","","","","","","","","","","","","","","","","","","","","","","","","","","","","","","","","","","","","","","","","","","","","","","","","","","","","","","","","","","",""
"2VGDN9WS","journalArticle","2025","Laura PiispanenMarcel PfaffhauserJames WoottonJulian TogeliusAnnakaisa Kultima","Defining quantum games","EPJ Quantum Technology","","","10.1140/epjqt/s40507-025-00308-7","https://link.springer.com/article/10.1140/epjqt/s40507-025-00308-7","","2025","2026-07-02 19:59:11","2026-07-10 00:59:17","","","","","","","EPJ Quantum Technology","","","","","","","","","","","","","","","","","","","","","","","","","","","","","","","","","","","","","","","","","","","","","","","","","","","","","","","","","","","","","","","","","",""
"8CNTUEUR","bookSection","2024","Lingala ThirupathiThejoramnaresh Reddy BoyaSaritha GattojuEttireddy Sriha Reddy","Quantum Computing and AI: Synergizing for Sustainable Disaster Management in Industry 6.0","The Rise of Quantum Computing in Industry 6.0 Towards Sustainability","","","10.1007/978-3-031-73350-5_3","https://link.springer.com/chapter/10.1007/978-3-031-73350-5_3","","2024","2026-07-02 19:59:11","2026-07-10 00:59:18","","","","","","","","","","","","","","","","","","","","","","","","","","","","","","","","","","","","","","","","","","","","","","","","","","","","","","","","","","","","","","","","","","","","","","","","",""
"TQF8BWBD","journalArticle","2025","Chanaprom CholsukAslí ÇakanVolker DeckertSujin SuwannaTobias Vogl","Raman signatures of single point defects in hexagonal boron nitride quantum emitters","npj Computational Materials","","","10.1038/s41524-025-01921-x","https://link.springer.com/article/10.1038/s41524-025-01921-x","","2025","2026-07-02 19:59:11","2026-07-10 00:57:30","","","","","","","npj Computational Materials","","","","","","","","","","","","","","","","","","","","","","","","","","","","","","","","","","","","","","","","","","","","","","","","","","","","","","","","","","","","","","","","","",""
"7B3X3WXC","bookSection","2022","Filip Wojcieszyn","Getting Started with QDK and Q#","Introduction to Quantum Computing with Q# and QDK","","","10.1007/978-3-030-99379-5_3","https://link.springer.com/chapter/10.1007/978-3-030-99379-5_3","","2022","2026-07-02 19:59:11","2026-07-10 00:58:11","","","","","","","","","","","","","","","","","","","","","","","","","","","","","","","","","","","","","","","","","","","","","","","","","","","","","","","","","","","","","","","","","","","","","","","","",""
"7TL6WVS9","journalArticle","2026","Konrad WojciechowskiKrzysztof KurowskiMateusz SlyszTomasz Pecyna","Open QBench: A benchmarking framework for evaluating quantum computing platforms","Quantum Information Processing","","","10.1007/s11128-026-05115-2","https://link.springer.com/article/10.1007/s11128-026-05115-2","","2026","2026-07-02 19:59:11","2026-07-10 00:59:10","","","","","","","Quantum Information Processing","","","","","","","","","","","","","","","","","","","","","","","","","","","","","","","","","","","","","","","","","","","","","","","","","","","","","","","","","","","","","","","","","",""
"45Y4SFKZ","bookSection","2025","Guadalupe Isaura Trujillo-TzanahuaJezreel Mejía","Trends in Software Engineering: A Bibliometric Study","New Challenges in Software Engineering","","","10.1007/978-3-031-90310-6_1","https://link.springer.com/chapter/10.1007/978-3-031-90310-6_1","","2025","2026-07-02 19:59:11","2026-07-10 00:58:22","","","","","","","","","","","","","","","","","","","","","","","","","","","","","","","","","","","","","","","","","","","","","","","","","","","","","","","","","","","","","","","","","","","","","","","","",""
"MQR4AHSM","conferencePaper","2026","Elija Perrier","Quantum AIXI: Universal Intelligence via Quantum Information","","","","10.1007/978-3-032-00800-8_6","https://link.springer.com/chapter/10.1007/978-3-032-00800-8_6","","2026","2026-07-02 19:59:11","2026-07-10 00:57:48","","","","","","","","","","","","","","","","","","","","","","","","","","","","","","","","","","","","","","","","","","","","","","","","","","","","","","","","","","Artificial General Intelligence","","","","","","","","","","","","","","",""
"2MRE85VJ","bookSection","2025","Krishna GuptaPatnam JahnaviAbhishek HazraAnnushree Bablani","Quantum Machine Learning for Industry 5.0","Industry 5.0","","","10.1007/978-3-031-87837-4_7","https://link.springer.com/chapter/10.1007/978-3-031-87837-4_7","","2025","2026-07-02 19:59:11","2026-07-10 00:59:11","","","","","","","","","","","","","","","","","","","","","","","","","","","","","","","","","","","","","","","","","","","","","","","","","","","","","","","","","","","","","","","","","","","","","","","","",""
"4GSMPVZQ","conferencePaper","2026","Javier LazaroJuan-Ignacio VazquezPablo García Bringas","SimplyQRL: A Modular Benchmarking Library for Hybrid Quantum Reinforcement Learning","","","","10.1007/978-3-032-08462-0_19","https://link.springer.com/chapter/10.1007/978-3-032-08462-0_19","","2026","2026-07-02 19:59:11","2026-07-10 00:58:49","","","","","","","","","","","","","","","","","","","","","","","","","","","","","","","","","","","","","","","","","","","","","","","","","","","","","","","","","","Hybrid Artificial Intelligent Systems","","","","","","","","","","","","","","",""
"LYPT4J5W","journalArticle","2023","Alireza Zirak","XIRAC-Q: a near-real-time quantum operating system scheduling structure based on Shannon information theorem","Quantum Information Processing","","","10.1007/s11128-023-04155-2","https://link.springer.com/article/10.1007/s11128-023-04155-2","","2023","2026-07-02 19:59:11","2026-07-10 00:57:15","","","","","","","Quantum Information Processing","","","","","","","","","","","","","","","","","","","","","","","","","","","","","","","","","","","","","","","","","","","","","","","","","","","","","","","","","","","","","","","","","",""
"NYFNNWV8","journalArticle","2024","Alberto Boretti","Technical, economic, and societal risks in the progress of artificial intelligence driven quantum technologies","Discover Artificial Intelligence","","","10.1007/s44163-024-00171-y","https://link.springer.com/article/10.1007/s44163-024-00171-y","","2024","2026-07-02 19:59:11","2026-07-10 00:57:12","","","","","","","Discover Artificial Intelligence","","","","","","","","","","","","","","","","","","","","","","","","","","","","","","","","","","","","","","","","","","","","","","","","","","","","","","","","","","","","","","","","","",""
"8JL4G5NQ","conferencePaper","2023","Jaime Alvarado-ValienteJavier Romero-ÁlvarezEnrique MoguelJosé García-Alonso","Quantum Web Services Orchestration and Management Using DevOps Techniques","","","","10.1007/978-3-031-34444-2_33","https://link.springer.com/chapter/10.1007/978-3-031-34444-2_33","","2023","2026-07-02 19:59:11","2026-07-10 00:58:44","","","","","","","","","","","","","","","","","","","","","","","","","","","","","","","","","","","","","","","","","","","","","","","","","","","","","","","","","","Web Engineering","","","","","","","","","","","","","","",""
"J2LZA225","journalArticle","2024","Lixue ChengYu-Qin ChenShi-Xin ZhangShengyu Zhang","Quantum approximate optimization via learning-based adaptive optimization","Communications Physics","","","10.1038/s42005-024-01577-x","https://link.springer.com/article/10.1038/s42005-024-01577-x","","2024","2026-07-02 19:59:11","2026-07-10 00:59:19","","","","","","","Communications Physics","","","","","","","","","","","","","","","","","","","","","","","","","","","","","","","","","","","","","","","","","","","","","","","","","","","","","","","","","","","","","","","","","",""
"6LBKTDXL","conferencePaper","2026","Chitran PokhrelBabu R. Dawadi","Photonic Quantum Router-Repeater Architecture-Based Network Design for Urban Environments","","","","10.1007/978-981-96-9191-3_38","https://link.springer.com/chapter/10.1007/978-981-96-9191-3_38","","2026","2026-07-02 19:59:11","2026-07-10 00:57:32","","","","","","","","","","","","","","","","","","","","","","","","","","","","","","","","","","","","","","","","","","","","","","","","","","","","","","","","","","ICT for Intelligent Systems","","","","","","","","","","","","","","",""
"WZEBKBX8","journalArticle","2025","Hamid MoradiSeyed Ahmad ShayanniaAmir Gholam AbriMehdi Amirmiandaragh","A new design of an IoT-based industrial data management for smart manufacturing based on quantum circuits","Cluster Computing","","","10.1007/s10586-025-05387-w","https://link.springer.com/article/10.1007/s10586-025-05387-w","","2025","2026-07-02 19:59:11","2026-07-10 00:58:26","","","","","","","Cluster Computing","","","","","","","","","","","","","","","","","","","","","","","","","","","","","","","","","","","","","","","","","","","","","","","","","","","","","","","","","","","","","","","","","",""
"PW594UEA","journalArticle","2025","Ali A. AlaniAdil Al-Azzawi","Optimizing web page retrieval performance with advanced query expansion: leveraging ChatGPT and metadata-driven analysis","The Journal of Supercomputing","","","10.1007/s11227-025-07008-0","https://link.springer.com/article/10.1007/s11227-025-07008-0","","2025","2026-07-02 19:59:11","2026-07-10 00:57:15","","","","","","","The Journal of Supercomputing","","","","","","","","","","","","","","","","","","","","","","","","","","","","","","","","","","","","","","","","","","","","","","","","","","","","","","","","","","","","","","","","","",""
"3YAZ85XR","conferencePaper","2024","Hermann FürntrattPaul SchnablFlorian KrebsRoland UnterbergerHerwig Zeiner","Towards Higher Abstraction Levels in Quantum Computing","","","","10.1007/978-981-97-0989-2_13","https://link.springer.com/chapter/10.1007/978-981-97-0989-2_13","","2024","2026-07-02 19:59:11","2026-07-10 00:58:30","","","","","","","","","","","","","","","","","","","","","","","","","","","","","","","","","","","","","","","","","","","","","","","","","","","","","","","","","","Service-Oriented Computing – ICSOC 2023 Workshops","","","","","","","","","","","","","","",""
"JSH97YWH","journalArticle","2025","Elizabeth Gibney","Quantum computing ‘KPIs’ could distinguish true breakthroughs from spurious claims","Nature","","","10.1038/d41586-025-04063-8","https://www.nature.com/articles/d41586-025-04063-8","","2025","2026-07-02 19:59:11","2026-07-10 00:57:56","","","","","","","Nature","","","","","","","","","","","","","","","","","","","","","","","","","","","","","","","","","","","","","","","","","","","","","","","","","","","","","","","","","","","","","","","","","",""
"ZI4E468X","bookSection","2025","Chander VeluKeith NormanYuzhen ZhuFathiro Hutama Reksa PutraChristopher Noble","Quantum Computers and Computing a Better World","The Business of Quantum Technologies","","","10.1007/978-3-031-99808-9_2","https://link.springer.com/chapter/10.1007/978-3-031-99808-9_2","","2025","2026-07-02 19:59:11","2026-07-10 00:57:31","","","","","","","","","","","","","","","","","","","","","","","","","","","","","","","","","","","","","","","","","","","","","","","","","","","","","","","","","","","","","","","","","","","","","","","","",""
"VQ3MLVE4","journalArticle","2026","Jiawen LiDongdong LiZiyang WangHe SunHongzhen ChenTianxiang CuiYujian Ye","StateQ: A novel framework for intuitive and accessible quantum programming","Quantum Machine Intelligence","","","10.1007/s42484-026-00403-7","https://link.springer.com/article/10.1007/s42484-026-00403-7","","2026","2026-07-02 19:59:11","2026-07-10 00:58:55","","","","","","","Quantum Machine Intelligence","","","","","","","","","","","","","","","","","","","","","","","","","","","","","","","","","","","","","","","","","","","","","","","","","","","","","","","","","","","","","","","","","",""
"G4ULQLBT","conferencePaper","2025","Jun Inoue","Quantum Programming Without the Quantum Physics","","","","10.1007/978-981-97-8943-6_8","https://link.springer.com/chapter/10.1007/978-981-97-8943-6_8","","2025","2026-07-02 19:59:11","2026-07-10 00:59:01","","","","","","","","","","","","","","","","","","","","","","","","","","","","","","","","","","","","","","","","","","","","","","","","","","","","","","","","","","Programming Languages and Systems","","","","","","","","","","","","","","",""
"5XE3T4ZL","journalArticle","2025","Hila SafiMedina BandicChristoph NiedermeierCarmen G. AlmudeverSebastian FeldWolfgang Mauerer","Stacking the odds: full-stack quantum system design space exploration","EPJ Quantum Technology","","","10.1140/epjqt/s40507-025-00413-7","https://link.springer.com/article/10.1140/epjqt/s40507-025-00413-7","","2025","2026-07-02 19:59:11","2026-07-10 00:58:30","","","","","","","EPJ Quantum Technology","","","","","","","","","","","","","","","","","","","","","","","","","","","","","","","","","","","","","","","","","","","","","","","","","","","","","","","","","","","","","","","","","",""
"IMLF4IP7","bookSection","2023","Dhairyya AgarwalShalini DSrinjoy Ganguly","Challenges and Risks in Productizing Quantum Computing","Productizing Quantum Computing","","","10.1007/978-1-4842-9985-2_9","https://link.springer.com/chapter/10.1007/978-1-4842-9985-2_9","","2023","2026-07-02 19:59:11","2026-07-10 00:57:43","","","","","","","","","","","","","","","","","","","","","","","","","","","","","","","","","","","","","","","","","","","","","","","","","","","","","","","","","","","","","","","","","","","","","","","","",""
"EHBC67ZZ","journalArticle","2025","Coral CaleroMacario PoloElena DesdentadoMª Ángeles Moraga","Consider the energy consumption of your quantum circuits","Nature Reviews Physics","","","10.1038/s42254-025-00846-0","https://link.springer.com/article/10.1038/s42254-025-00846-0","","2025","2026-07-02 19:59:11","2026-07-10 00:57:35","","","","","","","Nature Reviews Physics","","","","","","","","","","","","","","","","","","","","","","","","","","","","","","","","","","","","","","","","","","","","","","","","","","","","","","","","","","","","","","","","","",""
"J266QNUY","journalArticle","2026","Da LinChunli YangShengyuan XuShizhu TianBing Sun","On the construction of quantum circuits for S-boxes with different criteria based on the SAT solver","Quantum Information Processing","","","10.1007/s11128-025-05049-1","https://link.springer.com/article/10.1007/s11128-025-05049-1","","2026","2026-07-02 19:59:11","2026-07-10 00:57:39","","","","","","","Quantum Information Processing","","","","","","","","","","","","","","","","","","","","","","","","","","","","","","","","","","","","","","","","","","","","","","","","","","","","","","","","","","","","","","","","","",""
"NPINKLF3","conferencePaper","2023","Jaime Alvarado-ValienteJavier Romero-ÁlvarezEnrique MoguelJosé García-AlonsoJuan M. Murillo","Towards a Classical-Quantum Platform for Pharmacogenetic Simulations","","","","10.1007/978-3-031-29067-1_20","https://link.springer.com/chapter/10.1007/978-3-031-29067-1_20","","2023","2026-07-02 19:59:11","2026-07-10 00:58:45","","","","","","","","","","","","","","","","","","","","","","","","","","","","","","","","","","","","","","","","","","","","","","","","","","","","","","","","","","Gerontechnology V","","","","","","","","","","","","","","",""
"FUCDKALB","conferencePaper","2024","Lodovica MarchesiMichele MarchesiRoberto Tonelli","Reviewing Crypto-Agility and Quantum Resistance in the Light of Agile Practices","","","","10.1007/978-3-031-48550-3_21","https://link.springer.com/chapter/10.1007/978-3-031-48550-3_21","","2024","2026-07-02 19:59:11","2026-07-10 00:59:20","","","","","","","","","","","","","","","","","","","","","","","","","","","","","","","","","","","","","","","","","","","","","","","","","","","","","","","","","","Agile Processes in Software Engineering and Extreme Programming – Workshops","","","","","","","","","","","","","","",""
"2JTZFUQX","journalArticle","2025","Karuna KadianSunita GarhwalAjay Kumar","ExQUAL: an explainable quantum machine learning classifier","Applied Intelligence","","","10.1007/s10489-025-06732-7","https://link.springer.com/article/10.1007/s10489-025-06732-7","","2025","2026-07-02 19:59:11","2026-07-10 00:59:08","","","","","","","Applied Intelligence","","","","","","","","","","","","","","","","","","","","","","","","","","","","","","","","","","","","","","","","","","","","","","","","","","","","","","","","","","","","","","","","","",""
"8S9FUS9T","conferencePaper","2023","Javier Romero-ÁlvarezJaime Alvarado-ValienteEnrique MoguelJose Garcia-Alonso","Quantum Web Services: Development and Deployment","","","","10.1007/978-3-031-34444-2_39","https://link.springer.com/chapter/10.1007/978-3-031-34444-2_39","","2023","2026-07-02 19:59:11","2026-07-10 00:58:49","","","","","","","","","","","","","","","","","","","","","","","","","","","","","","","","","","","","","","","","","","","","","","","","","","","","","","","","","","Web Engineering","","","","","","","","","","","","","","",""
"R47NN2EZ","bookSection","2023","Gushu LiYufei DingYuan Xie","Towards Efficient Superconducting Quantum Processor Architecture Design","Design Automation of Quantum Computers","","","10.1007/978-3-031-15699-1_3","https://link.springer.com/chapter/10.1007/978-3-031-15699-1_3","","2023","2026-07-02 19:59:11","2026-07-10 00:58:22","","","","","","","","","","","","","","","","","","","","","","","","","","","","","","","","","","","","","","","","","","","","","","","","","","","","","","","","","","","","","","","","","","","","","","","","",""
"5TUH4MJY","conferencePaper","2023","Fuyuki KitagawaRyo NishimakiTakashi Yamakawa","Publicly Verifiable Deletion from Minimal Assumptions","","","","10.1007/978-3-031-48624-1_9","https://link.springer.com/chapter/10.1007/978-3-031-48624-1_9","","2023","2026-07-02 19:59:11","2026-07-10 00:58:16","","","","","","","","","","","","","","","","","","","","","","","","","","","","","","","","","","","","","","","","","","","","","","","","","","","","","","","","","","Theory of Cryptography","","","","","","","","","","","","","","",""
"BJJFNYS9","journalArticle","2025","Andrew ForbesFazilah Nothlawala","How a thirty-year-old quantum tale of two photons became ghost imaging","Communications Physics","","","10.1038/s42005-025-02099-w","https://link.springer.com/article/10.1038/s42005-025-02099-w","","2025","2026-07-02 19:59:11","2026-07-10 00:57:17","","","","","","","Communications Physics","","","","","","","","","","","","","","","","","","","","","","","","","","","","","","","","","","","","","","","","","","","","","","","","","","","","","","","","","","","","","","","","","",""
"HSMYZ92Z","journalArticle","2024","F. F. MurzakhanovD. V. ShurtakovaE. I. OleynikovaG. V. MaminM. A. SadovnikovaO. P. KazarovaE. N. MokhovM. R. GafurovV. A. Soltamov","Spin Alignment of NV− Centers in 4H- and 6H-SiC Crystals Induced by IR and Visible Optical Excitation","Applied Magnetic Resonance","","","10.1007/s00723-024-01690-8","https://link.springer.com/article/10.1007/s00723-024-01690-8","","2024","2026-07-02 19:59:11","2026-07-10 00:58:01","","","","","","","Applied Magnetic Resonance","","","","","","","","","","","","","","","","","","","","","","","","","","","","","","","","","","","","","","","","","","","","","","","","","","","","","","","","","","","","","","","","","",""
"XQFS6G9W","journalArticle","2023","Daniel FryAmol DeshmukhSamuel Yen-Chi ChenVladimir RastunkovVanio Markov","Optimizing quantum noise-induced reservoir computing for nonlinear and chaotic time series prediction","Scientific Reports","","","10.1038/s41598-023-45015-4","https://link.springer.com/article/10.1038/s41598-023-45015-4","","2023","2026-07-02 19:59:11","2026-07-10 00:57:41","","","","","","","Scientific Reports","","","","","","","","","","","","","","","","","","","","","","","","","","","","","","","","","","","","","","","","","","","","","","","","","","","","","","","","","","","","","","","","","",""
"G334R4HC","journalArticle","2024","Hamza Baniata","SoK: quantum computing methods for machine learning optimization","Quantum Machine Intelligence","","","10.1007/s42484-024-00180-1","https://link.springer.com/article/10.1007/s42484-024-00180-1","","2024","2026-07-02 19:59:11","2026-07-10 00:58:26","","","","","","","Quantum Machine Intelligence","","","","","","","","","","","","","","","","","","","","","","","","","","","","","","","","","","","","","","","","","","","","","","","","","","","","","","","","","","","","","","","","","",""
"GR643WNC","conferencePaper","2025","Constantinos BitsakosKonstantinos NikasNectarios Koziris","QuantuML: Machine Learning Algorithms and K-Means on Quantum Cloud Offering","","","","10.1007/978-3-031-94677-6_9","https://link.springer.com/chapter/10.1007/978-3-031-94677-6_9","","2025","2026-07-02 19:59:11","2026-07-10 00:57:34","","","","","","","","","","","","","","","","","","","","","","","","","","","","","","","","","","","","","","","","","","","","","","","","","","","","","","","","","","Algorithmic Aspects of Cloud Computing","","","","","","","","","","","","","","",""
"J3KWPS6P","journalArticle","2022","A. N. KlepachL. B. VodovatovE. A. Dmitrieva","Russian Science and Technology: Rise or Progressive Lag (Part I)","Studies on Russian Economic Development","","","10.1134/S1075700722060077","https://link.springer.com/article/10.1134/S1075700722060077","","2022","2026-07-02 19:59:11","2026-07-10 00:57:01","","","","","","","Studies on Russian Economic Development","","","","","","","","","","","","","","","","","","","","","","","","","","","","","","","","","","","","","","","","","","","","","","","","","","","","","","","","","","","","","","","","","",""
"D7BICR4H","journalArticle","2023","Jianfeng Ren","Autonomous driving operating system","Autonomous driving algorithms and its IC design - Part Two","","","10.1007/978-981-99-8040-6_5","https://link.springer.com/video/segment/10.1007/978-981-99-8040-6_5","","2023","2026-07-02 19:59:11","2026-07-10 00:58:54","","","","","","","Autonomous driving algorithms and its IC design - Part Two","","","","","","","","","","","","","","","","","","","","","","","","","","","","","","","","","","","","","","","","","","","","","","","","","","","","","","","","","","","","","","","","","",""
"4ZFUE9WT","journalArticle","2025","Jinyang LiYuhong SongYipei LiuJianli PanLei YangTravis HumbleWeiwen Jiang","QuSplit: achieving both high fidelity and throughput via job splitting on noisy quantum computers","Quantum Machine Intelligence","","","10.1007/s42484-025-00319-8","https://link.springer.com/article/10.1007/s42484-025-00319-8","","2025","2026-07-02 19:59:11","2026-07-10 00:58:57","","","","","","","Quantum Machine Intelligence","","","","","","","","","","","","","","","","","","","","","","","","","","","","","","","","","","","","","","","","","","","","","","","","","","","","","","","","","","","","","","","","","",""
"BGH22UE8","journalArticle","2025","Akash SinhaAntonio MacalusoMatthias Klusch","Nav-Q: quantum deep reinforcement learning for collision-free navigation of self-driving cars","Quantum Machine Intelligence","","","10.1007/s42484-024-00226-4","https://link.springer.com/article/10.1007/s42484-024-00226-4","","2025","2026-07-02 19:59:11","2026-07-10 00:57:10","","","","","","","Quantum Machine Intelligence","","","","","","","","","","","","","","","","","","","","","","","","","","","","","","","","","","","","","","","","","","","","","","","","","","","","","","","","","","","","","","","","","",""
"NFNSUPZB","bookSection","2025","Dr. Mehdi Ghane","Observability Engineering Fundamentals","Observability Engineering with Cilium","","","10.1007/979-8-8688-1258-3_4","https://link.springer.com/chapter/10.1007/979-8-8688-1258-3_4","","2025","2026-07-02 19:59:11","2026-07-10 00:57:45","","","","","","","","","","","","","","","","","","","","","","","","","","","","","","","","","","","","","","","","","","","","","","","","","","","","","","","","","","","","","","","","","","","","","","","","",""
"93DXBYDG","journalArticle","2025","Constantinos ValagiannopoulosVassilios Kovanis","Watson transform in quantum scattering","Scientific Reports","","","10.1038/s41598-025-19443-3","https://link.springer.com/article/10.1038/s41598-025-19443-3","","2025","2026-07-02 19:59:11","2026-07-10 00:57:35","","","","","","","Scientific Reports","","","","","","","","","","","","","","","","","","","","","","","","","","","","","","","","","","","","","","","","","","","","","","","","","","","","","","","","","","","","","","","","","",""
"XARB8T9K","journalArticle","2023","Francesco Di MarcantonioMassimiliano IncudiniDavide TezzaMichele Grossi","Quantum Advantage Seeker with Kernels (QuASK): a software framework to speed up the research in quantum machine learning","Quantum Machine Intelligence","","","10.1007/s42484-023-00107-2","https://link.springer.com/article/10.1007/s42484-023-00107-2","","2023","2026-07-02 19:59:11","2026-07-10 00:58:12","","","","","","","Quantum Machine Intelligence","","","","","","","","","","","","","","","","","","","","","","","","","","","","","","","","","","","","","","","","","","","","","","","","","","","","","","","","","","","","","","","","","",""
"R8DR3EW7","conferencePaper","2023","Daniel Escánez-ExpósitoPino Caballero-GilFrancisco Martín-Fernández","Study and Implementation of an Interactive Simulation of Quantum Key Distribution Using the E91 Cryptographic Protocol","","","","10.1007/978-3-031-21333-5_96","https://link.springer.com/chapter/10.1007/978-3-031-21333-5_96","","2023","2026-07-02 19:59:11","2026-07-10 00:57:41","","","","","","","","","","","","","","","","","","","","","","","","","","","","","","","","","","","","","","","","","","","","","","","","","","","","","","","","","","Proceedings of the International Conference on Ubiquitous Computing & Ambient Intelligence (UCAmI 2022)","","","","","","","","","","","","","","",""
"C5KNPLPF","conferencePaper","2026","Elija PerrierMichael Timothy Bennett","Quantum AGI: Ontological Foundations","","","","10.1007/978-3-032-00800-8_8","https://link.springer.com/chapter/10.1007/978-3-032-00800-8_8","","2026","2026-07-02 19:59:11","2026-07-10 00:57:55","","","","","","","","","","","","","","","","","","","","","","","","","","","","","","","","","","","","","","","","","","","","","","","","","","","","","","","","","","Artificial General Intelligence","","","","","","","","","","","","","","",""
"4CSSZL8J","conferencePaper","2023","Erik Terres EscuderoDanel Arias AlamoOier Mentxaka GómezPablo García Bringas","Assessing the Impact of Noise on Quantum Neural Networks: An Experimental Analysis","","","","10.1007/978-3-031-40725-3_27","https://link.springer.com/chapter/10.1007/978-3-031-40725-3_27","","2023","2026-07-02 19:59:11","2026-07-10 00:57:59","","","","","","","","","","","","","","","","","","","","","","","","","","","","","","","","","","","","","","","","","","","","","","","","","","","","","","","","","","Hybrid Artificial Intelligent Systems","","","","","","","","","","","","","","",""
"8HTGXX5M","journalArticle","2023","Christoph GrögerHolger SchwarzTheo Härder","Editorial","Datenbank-Spektrum","","","10.1007/s13222-023-00451-4","https://link.springer.com/article/10.1007/s13222-023-00451-4","","2023","2026-07-02 19:59:11","2026-07-10 00:57:33","","","","","","","Datenbank-Spektrum","","","","","","","","","","","","","","","","","","","","","","","","","","","","","","","","","","","","","","","","","","","","","","","","","","","","","","","","","","","","","","","","","",""
"LCUYW6DB","conferencePaper","2022","Jiahui LiuQipeng LiuLuowen QianMark Zhandry","Collusion Resistant Copy-Protection for Watermarkable Functionalities","","","","10.1007/978-3-031-22318-1_11","https://link.springer.com/chapter/10.1007/978-3-031-22318-1_11","","2022","2026-07-02 19:59:11","2026-07-10 00:58:53","","","","","","","","","","","","","","","","","","","","","","","","","","","","","","","","","","","","","","","","","","","","","","","","","","","","","","","","","","Theory of Cryptography","","","","","","","","","","","","","","",""
"6RNJ6JGT","conferencePaper","2021","Fuyuki KitagawaRyo NishimakiTakashi Yamakawa","Secure Software Leasing from Standard Assumptions","","","","10.1007/978-3-030-90459-3_2","https://link.springer.com/chapter/10.1007/978-3-030-90459-3_2","","2021","2026-07-02 19:59:11","2026-07-10 00:58:15","","","","","","","","","","","","","","","","","","","","","","","","","","","","","","","","","","","","","","","","","","","","","","","","","","","","","","","","","","Theory of Cryptography","","","","","","","","","","","","","","",""
"SJS6KUCL","journalArticle","2025","Bisma MajidShabir Ahmed SofiZamrooda Jabeen","Quantum machine learning: a systematic categorization based on learning paradigms, NISQ suitability, and fault tolerance","Quantum Machine Intelligence","","","10.1007/s42484-025-00266-4","https://link.springer.com/article/10.1007/s42484-025-00266-4","","2025","2026-07-02 19:59:11","2026-07-10 00:57:24","","","","","","","Quantum Machine Intelligence","","","","","","","","","","","","","","","","","","","","","","","","","","","","","","","","","","","","","","","","","","","","","","","","","","","","","","","","","","","","","","","","","",""
"8AC9AVV4","journalArticle","2024","Anita Chandran","Biopharma foresees a ‘quantum advantage’: they could be right","Nature Biotechnology","","","10.1038/s41587-024-02251-x","https://link.springer.com/article/10.1038/s41587-024-02251-x","","2024","2026-07-02 19:59:11","2026-07-10 00:57:18","","","","","","","Nature Biotechnology","","","","","","","","","","","","","","","","","","","","","","","","","","","","","","","","","","","","","","","","","","","","","","","","","","","","","","","","","","","","","","","","","",""
"KSLMTD26","journalArticle","2024","Fuyuki KitagawaRyo Nishimaki","Watermarking PRFs and PKE Against Quantum Adversaries","Journal of Cryptology","","","10.1007/s00145-024-09500-x","https://link.springer.com/article/10.1007/s00145-024-09500-x","","2024","2026-07-02 19:59:11","2026-07-10 00:58:14","","","","","","","Journal of Cryptology","","","","","","","","","","","","","","","","","","","","","","","","","","","","","","","","","","","","","","","","","","","","","","","","","","","","","","","","","","","","","","","","","",""
"WRXGMVRY","conferencePaper","2024","Himanshak ChawlaRitika WasonParul AroraGagandeep Singh Narula","An Empirical Investigation into Quantum Algorithms","","","","10.1007/978-981-97-2550-2_65","https://link.springer.com/chapter/10.1007/978-981-97-2550-2_65","","2024","2026-07-02 19:59:11","2026-07-10 00:58:31","","","","","","","","","","","","","","","","","","","","","","","","","","","","","","","","","","","","","","","","","","","","","","","","","","","","","","","","","","Proceedings of Fifth International Conference on Computing, Communications, and Cyber-Security","","","","","","","","","","","","","","",""
"3P4L3IWA","conferencePaper","2022","Javier Romero-ÁlvarezJaime Alvarado-ValienteJose Garcia-AlonsoEnrique MoguelJuan M. Murillo","A Graph-Based Healthcare System for Quantum Simulation of Medication Administration in the Aging People","","","","10.1007/978-3-030-97524-1_4","https://link.springer.com/chapter/10.1007/978-3-030-97524-1_4","","2022","2026-07-02 19:59:11","2026-07-10 00:58:50","","","","","","","","","","","","","","","","","","","","","","","","","","","","","","","","","","","","","","","","","","","","","","","","","","","","","","","","","","Gerontechnology IV","","","","","","","","","","","","","","",""
"KBX2VDYP","journalArticle","2025","Felix TennieSylvain LaizetSeth LloydLuca Magri","Quantum computing for nonlinear differential equations and turbulence","Nature Reviews Physics","","","10.1038/s42254-024-00799-w","https://link.springer.com/article/10.1038/s42254-024-00799-w","","2025","2026-07-02 19:59:12","2026-07-10 00:58:10","","","","","","","Nature Reviews Physics","","","","","","","","","","","","","","","","","","","","","","","","","","","","","","","","","","","","","","","","","","","","","","","","","","","","","","","","","","","","","","","","","",""
"MQKK5LKR","journalArticle","2025","Basil HanafiMohammad AliDevyaani Singh","Quantum algorithms for enhanced educational technologies","Discover Education","","","10.1007/s44217-025-00400-1","https://link.springer.com/article/10.1007/s44217-025-00400-1","","2025","2026-07-02 19:59:12","2026-07-10 00:57:23","","","","","","","Discover Education","","","","","","","","","","","","","","","","","","","","","","","","","","","","","","","","","","","","","","","","","","","","","","","","","","","","","","","","","","","","","","","","","",""
"7R54FGLW","journalArticle","2025","Hayato KannoShinichiro AkiyamaKotaro MurakamiShinji Takeda","Grassmann tensor renormalization group for the massive Schwinger model with a θ term using staggered fermions","Journal of High Energy Physics","","","10.1007/JHEP11(2025)036","https://link.springer.com/article/10.1007/JHEP11(2025)036","","2025","2026-07-02 19:59:12","2026-07-10 00:58:28","","","","","","","Journal of High Energy Physics","","","","","","","","","","","","","","","","","","","","","","","","","","","","","","","","","","","","","","","","","","","","","","","","","","","","","","","","","","","","","","","","","",""
"NVE47KYZ","bookSection","2025","Chander VeluKeith NormanYuzhen ZhuFathiro Hutama Reksa PutraChristopher Noble","Quantum Communications and Enhancing Security","The Business of Quantum Technologies","","","10.1007/978-3-031-99808-9_3","https://link.springer.com/chapter/10.1007/978-3-031-99808-9_3","","2025","2026-07-02 19:59:12","2026-07-10 00:57:31","","","","","","","","","","","","","","","","","","","","","","","","","","","","","","","","","","","","","","","","","","","","","","","","","","","","","","","","","","","","","","","","","","","","","","","","",""
"MZLCZPFW","journalArticle","2022","Jaiteg SinghKamalpreet Singh Bhangu","Contemporary Quantum Computing Use Cases: Taxonomy, Review and Challenges","Archives of Computational Methods in Engineering","","","10.1007/s11831-022-09809-5","https://link.springer.com/article/10.1007/s11831-022-09809-5","","2022","2026-07-02 19:59:12","2026-07-10 00:58:47","","","","","","","Archives of Computational Methods in Engineering","","","","","","","","","","","","","","","","","","","","","","","","","","","","","","","","","","","","","","","","","","","","","","","","","","","","","","","","","","","","","","","","","",""
"PNBVL2G2","journalArticle","2026","Daming ZhengTianyin MiaoZuhong ZhangKarol VegsoTao ZhuLuyao WangZhiyuan XuSami UllahLenka Pribusova SlusnaGunhee KimDingqin HuPatrick FongZonghao LiuJie LvPeter SiffalovicNada MrkyvkovaWei ChenAntonio AbateMeng LiGang Li","Omnidirectional ionic locking network for stable perovskite photovoltaics","Nature Photonics","","","10.1038/s41566-026-01918-y","https://link.springer.com/article/10.1038/s41566-026-01918-y","","2026","2026-07-02 19:59:12","2026-07-10 00:57:40","","","","","","","Nature Photonics","","","","","","","","","","","","","","","","","","","","","","","","","","","","","","","","","","","","","","","","","","","","","","","","","","","","","","","","","","","","","","","","","",""
"P6J2PN2V","journalArticle","2021","Diego H. UsecheAndres Giraldo-CarvajalHernan M. Zuluaga-BucheliJose A. Jaramillo-VillegasFabio A. González","Quantum measurement classification with qudits","Quantum Information Processing","","","10.1007/s11128-021-03363-y","https://link.springer.com/article/10.1007/s11128-021-03363-y","","2021","2026-07-02 19:59:12","2026-07-10 00:57:44","","","","","","","Quantum Information Processing","","","","","","","","","","","","","","","","","","","","","","","","","","","","","","","","","","","","","","","","","","","","","","","","","","","","","","","","","","","","","","","","","",""
"67LQM77M","journalArticle","2024","A. Lopez PachecoJ. Aguilar","Systematic literature review on quantum applications in nanotechnology","The Journal of Supercomputing","","","10.1007/s11227-024-06747-w","https://link.springer.com/article/10.1007/s11227-024-06747-w","","2024","2026-07-02 19:59:12","2026-07-10 00:56:33","","","","","","","The Journal of Supercomputing","","","","","","","","","","","","","","","","","","","","","","","","","","","","","","","","","","","","","","","","","","","","","","","","","","","","","","","","","","","","","","","","","",""
"S86UW3YD","journalArticle","2024","Josephine C. MeyerGina PassanteSteven J. PollockBethany R. Wilcox","Introductory quantum information science coursework at US institutions: content coverage","EPJ Quantum Technology","","","10.1140/epjqt/s40507-024-00226-0","https://link.springer.com/article/10.1140/epjqt/s40507-024-00226-0","","2024","2026-07-02 19:59:12","2026-07-10 00:59:00","","","","","","","EPJ Quantum Technology","","","","","","","","","","","","","","","","","","","","","","","","","","","","","","","","","","","","","","","","","","","","","","","","","","","","","","","","","","","","","","","","","",""
"2MZAQED2","bookSection","2026","Ersin ElbasiYehia Ibrahim AlzoubiGreeshma VargheseAhmet E. Topcu","Introduction to Quantum Computing","Quantum Computing, Sensing and Communications for IoT","","","10.1007/978-981-95-6276-3_1","https://link.springer.com/chapter/10.1007/978-981-95-6276-3_1","","2026","2026-07-02 19:59:12","2026-07-10 00:57:59","","","","","","","","","","","","","","","","","","","","","","","","","","","","","","","","","","","","","","","","","","","","","","","","","","","","","","","","","","","","","","","","","","","","","","","","",""
"AW8VRA7M","conferencePaper","2021","Johanna BarzenFrank LeymannMichael FalkenthalDaniel VietzBenjamin WederKaroline Wild","Relevance of Near-Term Quantum Computing in the Cloud: A Humanities Perspective","","","","10.1007/978-3-030-72369-9_2","https://link.springer.com/chapter/10.1007/978-3-030-72369-9_2","","2021","2026-07-02 19:59:12","2026-07-10 00:58:58","","","","","","","","","","","","","","","","","","","","","","","","","","","","","","","","","","","","","","","","","","","","","","","","","","","","","","","","","","Cloud Computing and Services Science","","","","","","","","","","","","","","",""
"G6HABLVQ","journalArticle","2022","Kumar PrateekNitish Kumar OjhaFahiem AltafSoumyadev Maity","Quantum secured 6G technology-based applications in Internet of Everything","Telecommunication Systems","","","10.1007/s11235-022-00979-y","https://link.springer.com/article/10.1007/s11235-022-00979-y","","2022","2026-07-02 19:59:12","2026-07-10 00:59:11","","","","","","","Telecommunication Systems","","","","","","","","","","","","","","","","","","","","","","","","","","","","","","","","","","","","","","","","","","","","","","","","","","","","","","","","","","","","","","","","","",""
"57YK3KAT","journalArticle","2023","Akel HashimStefan SeritanTimothy ProctorKenneth RudingerNoah GossRavi K. NaikJohn Mark KreikebaumDavid I. SantiagoIrfan Siddiqi","Benchmarking quantum logic operations relative to thresholds for fault tolerance","npj Quantum Information","","","10.1038/s41534-023-00764-y","https://link.springer.com/article/10.1038/s41534-023-00764-y","","2023","2026-07-02 19:59:12","2026-07-10 00:57:11","","","","","","","npj Quantum Information","","","","","","","","","","","","","","","","","","","","","","","","","","","","","","","","","","","","","","","","","","","","","","","","","","","","","","","","","","","","","","","","","",""
"ACVRHPMA","journalArticle","2022","Connor GregorDaniel AshlockGonzalo A. RuzDuncan MacKinnonDavid Kribs","A novel linear representation for evolving matrices","Soft Computing","","","10.1007/s00500-022-07043-6","https://link.springer.com/article/10.1007/s00500-022-07043-6","","2022","2026-07-02 19:59:12","2026-07-10 00:57:34","","","","","","","Soft Computing","","","","","","","","","","","","","","","","","","","","","","","","","","","","","","","","","","","","","","","","","","","","","","","","","","","","","","","","","","","","","","","","","",""
"955ZGBS3","conferencePaper","2023","James BartusekDakshita KhuranaAlexander Poremba","Publicly-Verifiable Deletion via Target-Collapsing Functions","","","","10.1007/978-3-031-38554-4_4","https://link.springer.com/chapter/10.1007/978-3-031-38554-4_4","","2023","2026-07-02 19:59:12","2026-07-10 00:58:47","","","","","","","","","","","","","","","","","","","","","","","","","","","","","","","","","","","","","","","","","","","","","","","","","","","","","","","","","","Advances in Cryptology – CRYPTO 2023","","","","","","","","","","","","","","",""
"U7W5MIGQ","conferencePaper","2022","Jaime Alvarado-ValienteJavier Romero-ÁlvarezJose Garcia-AlonsoJuan M. Murillo","A Guide for Quantum Web Services Deployment","","","","10.1007/978-3-031-09917-5_42","https://link.springer.com/chapter/10.1007/978-3-031-09917-5_42","","2022","2026-07-02 19:59:12","2026-07-10 00:58:46","","","","","","","","","","","","","","","","","","","","","","","","","","","","","","","","","","","","","","","","","","","","","","","","","","","","","","","","","","Web Engineering","","","","","","","","","","","","","","",""
"RMUNPDL8","bookSection","2022","Bogart Yail MárquezJenniffer Deyanira CastilloArturo Realyvásquez-Vargas","The Use of Quantum Computing with 3D Modeling in the Industrial Sector","Algorithms and Computational Techniques Applied to Industry","","","10.1007/978-3-031-00856-6_7","https://link.springer.com/chapter/10.1007/978-3-031-00856-6_7","","2022","2026-07-02 19:59:12","2026-07-10 00:57:26","","","","","","","","","","","","","","","","","","","","","","","","","","","","","","","","","","","","","","","","","","","","","","","","","","","","","","","","","","","","","","","","","","","","","","","","",""
"RVYBGEND","bookSection","2023","Do Thu HaTa Phuong BacKim Duc TranKim Phuc Tran","Efficient and Trustworthy Federated Learning-Based Explainable Anomaly Detection: Challenges, Methods, and Future Directions","Artificial Intelligence for Smart Manufacturing","","","10.1007/978-3-031-30510-8_8","https://link.springer.com/chapter/10.1007/978-3-031-30510-8_8","","2023","2026-07-02 19:59:12","2026-07-10 00:57:44","","","","","","","","","","","","","","","","","","","","","","","","","","","","","","","","","","","","","","","","","","","","","","","","","","","","","","","","","","","","","","","","","","","","","","","","",""
"X7CWMS9U","bookSection","2025","Dukuru ChiranjeviAnisha MishraRanjan Kumar BeheraTarun Biswas","Quantum Neural Networks: Exploring Quantum Enhancements in Deep Learning","Advances in Quantum Inspired Artificial Intelligence","","","10.1007/978-3-031-89905-8_11","https://link.springer.com/chapter/10.1007/978-3-031-89905-8_11","","2025","2026-07-02 19:59:12","2026-07-10 00:57:46","","","","","","","","","","","","","","","","","","","","","","","","","","","","","","","","","","","","","","","","","","","","","","","","","","","","","","","","","","","","","","","","","","","","","","","","",""
"3XLVCAZD","journalArticle","2025","Drífa AtladóttirNeele RochMatthias LeeseVerena Zimmermann","A Quantum of Responsibility? A Comparison of National Quantum Governance Frameworks and Expert Views","Digital Society","","","10.1007/s44206-025-00205-7","https://link.springer.com/article/10.1007/s44206-025-00205-7","","2025","2026-07-02 19:59:12","2026-07-10 00:57:46","","","","","","","Digital Society","","","","","","","","","","","","","","","","","","","","","","","","","","","","","","","","","","","","","","","","","","","","","","","","","","","","","","","","","","","","","","","","","",""
"4SGK8MN6","conferencePaper","2023","Daniel Escanez-ExpositoPino Caballero-Gil","QuantumSolver Composer: Automatic Quantum Transformation of Classical Circuits","","","","10.1007/978-3-031-42519-6_10","https://link.springer.com/chapter/10.1007/978-3-031-42519-6_10","","2023","2026-07-02 19:59:12","2026-07-10 00:57:41","","","","","","","","","","","","","","","","","","","","","","","","","","","","","","","","","","","","","","","","","","","","","","","","","","","","","","","","","","International Joint Conference 16th International Conference on Computational Intelligence in Security for Information Systems (CISIS 2023)  14th International Conference on EUropean Transnational Education (ICEUTE 2023)","","","","","","","","","","","","","","",""
"PMBSY3AL","journalArticle","2025","Dakota Root","Quantum Technologies in the Context of Climate Change: Emphasizing Sustainability in a Responsible Innovation Approach to Quantum Innovation","NanoEthics","","","10.1007/s11569-025-00468-x","https://link.springer.com/article/10.1007/s11569-025-00468-x","","2025","2026-07-02 19:59:12","2026-07-10 00:57:39","","","","","","","NanoEthics","","","","","","","","","","","","","","","","","","","","","","","","","","","","","","","","","","","","","","","","","","","","","","","","","","","","","","","","","","","","","","","","","",""
"MTJICYZ8","bookSection","2024","Albert FrischAlexander ErhardThomas FeldkerFlorian GirtlerMax HettrichWilfried HussGeorg JacobChristine MaierGregor MayramhofDaniel NiggChristian SommerJuris UlmanisEtienne WodeyMederika ZangerlThomas Monz","Trapped-Ion Quantum Computing","Quantum Software","","","10.1007/978-3-031-64136-7_10","https://link.springer.com/chapter/10.1007/978-3-031-64136-7_10","","2024","2026-07-02 19:59:12","2026-07-10 00:57:12","","","","","","","","","","","","","","","","","","","","","","","","","","","","","","","","","","","","","","","","","","","","","","","","","","","","","","","","","","","","","","","","","","","","","","","","",""
"FF29LGZR","bookSection","2023","Jianfeng RenDong Xia","Autonomous Driving Operating Systems","Autonomous driving algorithms and Its IC Design","","","10.1007/978-981-99-2897-2_11","https://link.springer.com/chapter/10.1007/978-981-99-2897-2_11","","2023","2026-07-02 19:59:12","2026-07-10 00:58:55","","","","","","","","","","","","","","","","","","","","","","","","","","","","","","","","","","","","","","","","","","","","","","","","","","","","","","","","","","","","","","","","","","","","","","","","",""
"RRUMA62H","conferencePaper","2023","Liliane-Joy DandyEmmanuel JeandelVladimir Zamdzhiev","Type-safe Quantum Programming in Idris","","","","10.1007/978-3-031-30044-8_19","https://link.springer.com/chapter/10.1007/978-3-031-30044-8_19","","2023","2026-07-02 19:59:12","2026-07-10 00:59:18","","","","","","","","","","","","","","","","","","","","","","","","","","","","","","","","","","","","","","","","","","","","","","","","","","","","","","","","","","Programming Languages and Systems","","","","","","","","","","","","","","",""
"LP7EXW8V","conferencePaper","2023","Hardeer KaurJai Sukh Paul Singh","Comparative Analysis of Secure QKD Protocols for Small Satellites Constellation","","","","10.1007/978-981-19-8555-3_21","https://link.springer.com/chapter/10.1007/978-981-19-8555-3_21","","2023","2026-07-02 19:59:12","2026-07-10 00:58:27","","","","","","","","","","","","","","","","","","","","","","","","","","","","","","","","","","","","","","","","","","","","","","","","","","","","","","","","","","Computer Aided Constellation Management and Communication Satellites","","","","","","","","","","","","","","",""
"IS2553FW","journalArticle","2026","Aaron MillerAdam GlosZoltán Zimborás","Treespilation: architecture- and state-optimised fermion-to-qubit mappings","npj Quantum Information","","","10.1038/s41534-025-01170-2","https://link.springer.com/article/10.1038/s41534-025-01170-2","","2026","2026-07-02 19:59:12","2026-07-10 00:57:06","","","","","","","npj Quantum Information","","","","","","","","","","","","","","","","","","","","","","","","","","","","","","","","","","","","","","","","","","","","","","","","","","","","","","","","","","","","","","","","","",""
"FHKZEENY","journalArticle","2023","Dominik VerenoAmin KhodaeiChristian NeureiterSebastian Lehnhoff","Quantum–classical co-simulation for smart grids: a proof-of-concept study on feasibility and obstacles","Energy Informatics","","","10.1186/s42162-023-00292-1","https://link.springer.com/article/10.1186/s42162-023-00292-1","","2023","2026-07-02 19:59:12","2026-07-10 00:57:45","","","","","","","Energy Informatics","","","","","","","","","","","","","","","","","","","","","","","","","","","","","","","","","","","","","","","","","","","","","","","","","","","","","","","","","","","","","","","","","",""
"ZHPHIL4C","conferencePaper","2022","Ji GuanNengkun Yu","A Probabilistic Logic for Verifying Continuous-time Markov Chains","","","","10.1007/978-3-030-99527-0_1","https://link.springer.com/chapter/10.1007/978-3-030-99527-0_1","","2022","2026-07-02 19:59:12","2026-07-10 00:58:52","","","","","","","","","","","","","","","","","","","","","","","","","","","","","","","","","","","","","","","","","","","","","","","","","","","","","","","","","","Tools and Algorithms for the Construction and Analysis of Systems","","","","","","","","","","","","","","",""
"TQ5YPTPK","bookSection","2022","Fabio CavaliereRana Pratap SircarTommaso Catuogno","The Future Quantum Internet","Quantum Computing Environments","","","10.1007/978-3-030-89746-8_3","https://link.springer.com/chapter/10.1007/978-3-030-89746-8_3","","2022","2026-07-02 19:59:12","2026-07-10 00:58:10","","","","","","","","","","","","","","","","","","","","","","","","","","","","","","","","","","","","","","","","","","","","","","","","","","","","","","","","","","","","","","","","","","","","","","","","",""
"8D5NJL75","conferencePaper","2022","Fuyuki KitagawaRyo Nishimaki","Watermarking PRFs Against Quantum Adversaries","","","","10.1007/978-3-031-07082-2_18","https://link.springer.com/chapter/10.1007/978-3-031-07082-2_18","","2022","2026-07-02 19:59:12","2026-07-10 00:58:14","","","","","","","","","","","","","","","","","","","","","","","","","","","","","","","","","","","","","","","","","","","","","","","","","","","","","","","","","","Advances in Cryptology – EUROCRYPT 2022","","","","","","","","","","","","","","",""
"T6U4SDXT","journalArticle","2025","Longshan XuEdwin Hsing-Mean ShaYuhong SongQingfeng Zhuge","QMin: Quantum Circuit Minimization via Gate Fusions for Efficient State Vector Simulation","Quantum Information Processing","","","10.1007/s11128-025-05028-6","https://link.springer.com/article/10.1007/s11128-025-05028-6","","2025","2026-07-02 19:59:12","2026-07-10 00:59:20","","","","","","","Quantum Information Processing","","","","","","","","","","","","","","","","","","","","","","","","","","","","","","","","","","","","","","","","","","","","","","","","","","","","","","","","","","","","","","","","","",""
"MDA7DSIY","bookSection","2023","Kutub ThakurAl-Sakib Khan PathanSadia Ismat","Quantum Computing","Emerging ICT Technologies and Cybersecurity","","","10.1007/978-3-031-27765-8_8","https://link.springer.com/chapter/10.1007/978-3-031-27765-8_8","","2023","2026-07-02 19:59:12","2026-07-10 00:59:13","","","","","","","","","","","","","","","","","","","","","","","","","","","","","","","","","","","","","","","","","","","","","","","","","","","","","","","","","","","","","","","","","","","","","","","","",""
"XE2XV7WL","bookSection","2026","Alexey PyrkovAlex AliperDmitry BezrukovAlex Zhavoronkov","Drug Discovery with Quantum Machine Learning","Applied Artificial Intelligence for Drug Discovery","","","10.1007/978-3-031-98022-0_10","https://link.springer.com/chapter/10.1007/978-3-031-98022-0_10","","2026","2026-07-02 19:59:12","2026-07-10 00:57:14","","","","","","","","","","","","","","","","","","","","","","","","","","","","","","","","","","","","","","","","","","","","","","","","","","","","","","","","","","","","","","","","","","","","","","","","",""
"IYCCUEBW","conferencePaper","2022","Lewis Westfall","A Quantum Architecture Based Decoherence Model","","","","10.1007/978-3-030-98012-2_33","https://link.springer.com/chapter/10.1007/978-3-030-98012-2_33","","2022","2026-07-02 19:59:12","2026-07-10 00:59:17","","","","","","","","","","","","","","","","","","","","","","","","","","","","","","","","","","","","","","","","","","","","","","","","","","","","","","","","","","Advances in Information and Communication","","","","","","","","","","","","","","",""
"UI54IVCQ","journalArticle","2023","Guus AvisFrancisco Ferreira da SilvaTim CoopmansAxel DahlbergHana JirovskáDavid MaierJulian RabbieAriana Torres-KnoopStephanie Wehner","Requirements for a processing-node quantum repeater on a real-world fiber grid","npj Quantum Information","","","10.1038/s41534-023-00765-x","https://link.springer.com/article/10.1038/s41534-023-00765-x","","2023","2026-07-02 19:59:12","2026-07-10 00:58:22","","","","","","","npj Quantum Information","","","","","","","","","","","","","","","","","","","","","","","","","","","","","","","","","","","","","","","","","","","","","","","","","","","","","","","","","","","","","","","","","",""
"B463QQNF","bookSection","2022","Alexandr Alexandrovich KuznetsovOleksandr Volodymyrovych PotiiNikolay Alexandrovich PoluyanenkoYurii Ivanovich GorbenkoNatalia Kryvinska","Stream Symmetric Cipher “Strumok”","Stream Ciphers in Modern Real-time IT Systems","","","10.1007/978-3-030-79770-6_16","https://link.springer.com/chapter/10.1007/978-3-030-79770-6_16","","2022","2026-07-02 19:59:12","2026-07-10 00:57:14","","","","","","","","","","","","","","","","","","","","","","","","","","","","","","","","","","","","","","","","","","","","","","","","","","","","","","","","","","","","","","","","","","","","","","","","",""
"38NPX8R3","conferencePaper","2021","Anne BroadbentStacey JefferySébastien LordSupartha PodderAarthi Sundaram","Secure Software Leasing Without Assumptions","","","","10.1007/978-3-030-90459-3_4","https://link.springer.com/chapter/10.1007/978-3-030-90459-3_4","","2021","2026-07-02 19:59:12","2026-07-10 00:57:19","","","","","","","","","","","","","","","","","","","","","","","","","","","","","","","","","","","","","","","","","","","","","","","","","","","","","","","","","","Theory of Cryptography","","","","","","","","","","","","","","",""
"ZPJBN8UP","bookSection","2022","Bob CoeckeGiovanni de FeliceKonstantinos MeichanetzidisAlexis Toumi","How to Make Qubits Speak","Quantum Computing in the Arts and Humanities","","","10.1007/978-3-030-95538-0_8","https://link.springer.com/chapter/10.1007/978-3-030-95538-0_8","","2022","2026-07-02 19:59:12","2026-07-10 00:57:25","","","","","","","","","","","","","","","","","","","","","","","","","","","","","","","","","","","","","","","","","","","","","","","","","","","","","","","","","","","","","","","","","","","","","","","","",""
"7XY5H5I5","journalArticle","2025","Diego AbreuArthur PimentelDavid MouraChristian RothenbergAntônio Abelém","A two-stage Q-learning routing approach for quantum entanglement networks","Annals of Telecommunications","","","10.1007/s12243-025-01090-4","https://link.springer.com/article/10.1007/s12243-025-01090-4","","2025","2026-07-02 19:59:12","2026-07-10 00:57:44","","","","","","","Annals of Telecommunications","","","","","","","","","","","","","","","","","","","","","","","","","","","","","","","","","","","","","","","","","","","","","","","","","","","","","","","","","","","","","","","","","",""
"FTR8C9HL","journalArticle","2024","Abhishek SadhuAritra SarkarAkash Kundu","A quantum information theoretic analysis of reinforcement learning-assisted quantum architecture search","Quantum Machine Intelligence","","","10.1007/s42484-024-00181-0","https://link.springer.com/article/10.1007/s42484-024-00181-0","","2024","2026-07-02 19:59:12","2026-07-10 00:57:06","","","","","","","Quantum Machine Intelligence","","","","","","","","","","","","","","","","","","","","","","","","","","","","","","","","","","","","","","","","","","","","","","","","","","","","","","","","","","","","","","","","","",""
"GCFDJR3Z","bookSection","2024","Fengzhou FangXichun LuoGaoliang DaiYasuhiro TakayaWei GaoKornel Ehmann","Atomic and Close-to-Atomic Scale Manufacturing: The Fundamental Technology of Manufacturing III","CIRP Novel Topics in Production Engineering: Volume 1","","","10.1007/978-3-031-54034-9_9","https://link.springer.com/chapter/10.1007/978-3-031-54034-9_9","","2024","2026-07-02 19:59:12","2026-07-10 00:58:11","","","","","","","","","","","","","","","","","","","","","","","","","","","","","","","","","","","","","","","","","","","","","","","","","","","","","","","","","","","","","","","","","","","","","","","","",""
"DPR7NT3T","journalArticle","2021","Henri de BoutrayHamza JaffaliFrédéric HolweckAlain GiorgettiPierre-Alain Masson","Mermin polynomials for non-locality and entanglement detection in Grover’s algorithm and Quantum Fourier Transform","Quantum Information Processing","","","10.1007/s11128-020-02976-z","https://link.springer.com/article/10.1007/s11128-020-02976-z","","2021","2026-07-02 19:59:12","2026-07-10 00:58:29","","","","","","","Quantum Information Processing","","","","","","","","","","","","","","","","","","","","","","","","","","","","","","","","","","","","","","","","","","","","","","","","","","","","","","","","","","","","","","","","","",""
"QUQPCJPU","bookSection","2022","Filip Wojcieszyn","Algorithms","Introduction to Quantum Computing with Q# and QDK","","","10.1007/978-3-030-99379-5_7","https://link.springer.com/chapter/10.1007/978-3-030-99379-5_7","","2022","2026-07-02 19:59:12","2026-07-10 00:58:11","","","","","","","","","","","","","","","","","","","","","","","","","","","","","","","","","","","","","","","","","","","","","","","","","","","","","","","","","","","","","","","","","","","","","","","","",""
"5F9Y9PUL","journalArticle","2024","Giuseppe BuonaiutoFrancesco GargiuloGiuseppe De PietroMassimo EspositoMarco Pota","The effects of quantum hardware properties on the performances of variational quantum learning algorithms","Quantum Machine Intelligence","","","10.1007/s42484-024-00144-5","https://link.springer.com/article/10.1007/s42484-024-00144-5","","2024","2026-07-02 19:59:12","2026-07-10 00:58:21","","","","","","","Quantum Machine Intelligence","","","","","","","","","","","","","","","","","","","","","","","","","","","","","","","","","","","","","","","","","","","","","","","","","","","","","","","","","","","","","","","","","",""
"GGETJ7XA","bookSection","2023","Aakash R. ShindeShailesh P. Bendale","Evolution of Quantum Machine Learning and an Attempt of Its Application for SDN Intrusion Detection","Quantum Computing: A Shift from Bits to Qubits","","","10.1007/978-981-19-9530-9_22","https://link.springer.com/chapter/10.1007/978-981-19-9530-9_22","","2023","2026-07-02 19:59:12","2026-07-10 00:57:05","","","","","","","","","","","","","","","","","","","","","","","","","","","","","","","","","","","","","","","","","","","","","","","","","","","","","","","","","","","","","","","","","","","","","","","","",""
"6753BQTQ","journalArticle","2024","Franziska GreinertMalte S. UbbenIsmet N. DoganDagmar Hilfert-RüppellRainer Müller","Advancing quantum technology workforce: industry insights into qualification and training needs","EPJ Quantum Technology","","","10.1140/epjqt/s40507-024-00294-2","https://link.springer.com/article/10.1140/epjqt/s40507-024-00294-2","","2024","2026-07-02 19:59:12","2026-07-10 00:58:13","","","","","","","EPJ Quantum Technology","","","","","","","","","","","","","","","","","","","","","","","","","","","","","","","","","","","","","","","","","","","","","","","","","","","","","","","","","","","","","","","","","",""
"HSZF3GS3","journalArticle","2022","Jánošíková RadoslavaAdamčíkova Katarína","Development and changes in pathogens population causing Dothistroma needle blight in Pinus nigra plantation in Strážovské vrchy Mts","Biologia","","","10.1007/s11756-022-01135-2","https://link.springer.com/article/10.1007/s11756-022-01135-2","","2022","2026-07-02 19:59:12","2026-07-10 00:58:48","","","","","","","Biologia","","","","","","","","","","","","","","","","","","","","","","","","","","","","","","","","","","","","","","","","","","","","","","","","","","","","","","","","","","","","","","","","","",""
"D2C9HLY8","conferencePaper","2021","Heinz W. Schmidt","How to Bake Quantum into Your Pet Petri Nets and Have Your Net Theory Too","","","","10.1007/978-3-030-87568-8_1","https://link.springer.com/chapter/10.1007/978-3-030-87568-8_1","","2021","2026-07-02 19:59:12","2026-07-10 00:58:29","","","","","","","","","","","","","","","","","","","","","","","","","","","","","","","","","","","","","","","","","","","","","","","","","","","","","","","","","","Service-Oriented Computing","","","","","","","","","","","","","","",""
"494QWSMW","conferencePaper","2022","Ilya PiatrenkaMarian Rusek","Quantum Variational Multi-class Classifier for the Iris Data Set","","","","10.1007/978-3-031-08760-8_21","https://link.springer.com/chapter/10.1007/978-3-031-08760-8_21","","2022","2026-07-02 19:59:12","2026-07-10 00:58:33","","","","","","","","","","","","","","","","","","","","","","","","","","","","","","","","","","","","","","","","","","","","","","","","","","","","","","","","","","Computational Science – ICCS 2022","","","","","","","","","","","","","","",""
"48EYZBYC","journalArticle","2023","Gines CarrascalGuillermo BotellaAlberto del BarrioDavid Kremer","A Bayesian-network-based quantum procedure for failure risk analysis","EPJ Quantum Technology","","","10.1140/epjqt/s40507-023-00171-4","https://link.springer.com/article/10.1140/epjqt/s40507-023-00171-4","","2023","2026-07-02 19:59:12","2026-07-10 00:58:20","","","","","","","EPJ Quantum Technology","","","","","","","","","","","","","","","","","","","","","","","","","","","","","","","","","","","","","","","","","","","","","","","","","","","","","","","","","","","","","","","","","",""
"TPGPSUPQ","journalArticle","2022","Akshay AjagekarFengqi You","New frontiers of quantum computing in chemical engineering","Korean Journal of Chemical Engineering","","","10.1007/s11814-021-1027-6","https://link.springer.com/article/10.1007/s11814-021-1027-6","","2022","2026-07-02 19:59:12","2026-07-10 00:57:11","","","","","","","Korean Journal of Chemical Engineering","","","","","","","","","","","","","","","","","","","","","","","","","","","","","","","","","","","","","","","","","","","","","","","","","","","","","","","","","","","","","","","","","",""
"5R2CTRBE","conferencePaper","2021","Harshil Singh BhatiaFrank Phillipson","Performance Analysis of Support Vector Machine Implementations on the D-Wave Quantum Annealer","","","","10.1007/978-3-030-77980-1_7","https://link.springer.com/chapter/10.1007/978-3-030-77980-1_7","","2021","2026-07-02 19:59:12","2026-07-10 00:58:27","","","","","","","","","","","","","","","","","","","","","","","","","","","","","","","","","","","","","","","","","","","","","","","","","","","","","","","","","","Computational Science – ICCS 2021","","","","","","","","","","","","","","",""
"3MHXWR7Q","journalArticle","2023","Karen WinterspergerFlorian DommertThomas EhmerAndrey HoursanovJohannes KlepschWolfgang MauererGeorg ReuberThomas StrohmMing YinSebastian Luber","Neutral atom quantum computing hardware: performance and end-user perspective","EPJ Quantum Technology","","","10.1140/epjqt/s40507-023-00190-1","https://link.springer.com/article/10.1140/epjqt/s40507-023-00190-1","","2023","2026-07-02 19:59:12","2026-07-10 00:59:07","","","","","","","EPJ Quantum Technology","","","","","","","","","","","","","","","","","","","","","","","","","","","","","","","","","","","","","","","","","","","","","","","","","","","","","","","","","","","","","","","","","",""
"AX3IXKWI","journalArticle","2022","Enrique BallinasOscar Montiel","Hybrid quantum genetic algorithm with adaptive rotation angle for the 0-1 Knapsack problem in the IBM Qiskit simulator","Soft Computing","","","10.1007/s00500-022-07460-7","https://link.springer.com/article/10.1007/s00500-022-07460-7","","2022","2026-07-02 19:59:12","2026-07-10 00:57:57","","","","","","","Soft Computing","","","","","","","","","","","","","","","","","","","","","","","","","","","","","","","","","","","","","","","","","","","","","","","","","","","","","","","","","","","","","","","","","",""
"45KZTMIN","conferencePaper","2021","Indika KumaraWillem-Jan Van Den HeuvelDamian A. Tamburri","QSOC: Quantum Service-Oriented Computing","","","","10.1007/978-3-030-87568-8_3","https://link.springer.com/chapter/10.1007/978-3-030-87568-8_3","","2021","2026-07-02 19:59:12","2026-07-10 00:58:34","","","","","","","","","","","","","","","","","","","","","","","","","","","","","","","","","","","","","","","","","","","","","","","","","","","","","","","","","","Service-Oriented Computing","","","","","","","","","","","","","","",""
"6UDYHE2P","conferencePaper","2023","Fuyuki KitagawaRyo Nishimaki","One-Out-of-Many Unclonable Cryptography: Definitions, Constructions, and More","","","","10.1007/978-3-031-48624-1_10","https://link.springer.com/chapter/10.1007/978-3-031-48624-1_10","","2023","2026-07-02 19:59:12","2026-07-10 00:58:14","","","","","","","","","","","","","","","","","","","","","","","","","","","","","","","","","","","","","","","","","","","","","","","","","","","","","","","","","","Theory of Cryptography","","","","","","","","","","","","","","",""
"36KE7XZM","conferencePaper","2022","Gilberto J. Díaz TCarlos J. Barrios H.Luiz A. SteffenelJean F. Couturier","Nearly Quantum Computing by Simulation","","","","10.1007/978-3-031-23821-5_15","https://link.springer.com/chapter/10.1007/978-3-031-23821-5_15","","2022","2026-07-02 19:59:12","2026-07-10 00:58:20","","","","","","","","","","","","","","","","","","","","","","","","","","","","","","","","","","","","","","","","","","","","","","","","","","","","","","","","","","High Performance Computing","","","","","","","","","","","","","","",""
"QIKTAAQU","journalArticle","2023","Lirandë PiraChris Ferrie","An invitation to distributed quantum neural networks","Quantum Machine Intelligence","","","10.1007/s42484-023-00114-3","https://link.springer.com/article/10.1007/s42484-023-00114-3","","2023","2026-07-02 19:59:12","2026-07-10 00:59:19","","","","","","","Quantum Machine Intelligence","","","","","","","","","","","","","","","","","","","","","","","","","","","","","","","","","","","","","","","","","","","","","","","","","","","","","","","","","","","","","","","","","",""
"W3ETLE64","journalArticle","2024","Fei YanAbdullah M. IliyasuNianqiao LiAhmed S. SalamaKaoru Hirota","Quantum robotics: a review of emerging trends","Quantum Machine Intelligence","","","10.1007/s42484-024-00225-5","https://link.springer.com/article/10.1007/s42484-024-00225-5","","2024","2026-07-02 19:59:12","2026-07-10 00:58:10","","","","","","","Quantum Machine Intelligence","","","","","","","","","","","","","","","","","","","","","","","","","","","","","","","","","","","","","","","","","","","","","","","","","","","","","","","","","","","","","","","","","",""
"Z6YF4SRV","conferencePaper","2022","Karen WinterspergerHila SafiWolfgang Mauerer","QPU-System Co-design for Quantum HPC Accelerators","","","","10.1007/978-3-031-21867-5_7","https://link.springer.com/chapter/10.1007/978-3-031-21867-5_7","","2022","2026-07-02 19:59:12","2026-07-10 00:59:08","","","","","","","","","","","","","","","","","","","","","","","","","","","","","","","","","","","","","","","","","","","","","","","","","","","","","","","","","","Architecture of Computing Systems","","","","","","","","","","","","","","",""
"WR2P6V2U","bookSection","2022","Eduardo Reck MirandaRichie YeungAnna PearsonKonstantinos MeichanetzidisBob Coecke","A Quantum Natural Language Processing Approach to Musical Intelligence","Quantum Computer Music","","","10.1007/978-3-031-13909-3_13","https://link.springer.com/chapter/10.1007/978-3-031-13909-3_13","","2022","2026-07-02 19:59:12","2026-07-10 00:57:47","","","","","","","","","","","","","","","","","","","","","","","","","","","","","","","","","","","","","","","","","","","","","","","","","","","","","","","","","","","","","","","","","","","","","","","","",""
"DPL2UXK9","conferencePaper","2021","Frank PhillipsonRobert S. WezemanIrina Chiscop","Three Quantum Machine Learning Approaches for Mobile User Indoor-Outdoor Detection","","","","10.1007/978-3-030-70866-5_11","https://link.springer.com/chapter/10.1007/978-3-030-70866-5_11","","2021","2026-07-02 19:59:12","2026-07-10 00:58:13","","","","","","","","","","","","","","","","","","","","","","","","","","","","","","","","","","","","","","","","","","","","","","","","","","","","","","","","","","Machine Learning for Networking","","","","","","","","","","","","","","",""
"NCN4APQR","journalArticle","2022","Jinjing ShiShuhui ChenTian ChenTongge ZhaoJiuqi TangQin LiChunlin YuHeyuan Shi","Image encryption with quantum cellular neural network","Quantum Information Processing","","","10.1007/s11128-022-03555-0","https://link.springer.com/article/10.1007/s11128-022-03555-0","","2022","2026-07-02 19:59:12","2026-07-10 00:58:57","","","","","","","Quantum Information Processing","","","","","","","","","","","","","","","","","","","","","","","","","","","","","","","","","","","","","","","","","","","","","","","","","","","","","","","","","","","","","","","","","",""
"Y7SBNLWP","journalArticle","2021","Junhua LiuKwan Hui LimKristin L. WoodWei HuangChu GuoHe-Liang Huang","Hybrid quantum-classical convolutional neural networks","Science China Physics, Mechanics & Astronomy","","","10.1007/s11433-021-1734-3","https://link.springer.com/article/10.1007/s11433-021-1734-3","","2021","2026-07-02 19:59:12","2026-07-10 00:59:02","","","","","","","Science China Physics, Mechanics & Astronomy","","","","","","","","","","","","","","","","","","","","","","","","","","","","","","","","","","","","","","","","","","","","","","","","","","","","","","","","","","","","","","","","","",""
"J458NMAE","journalArticle","2021","Alexander G. DonchevAndrew G. TaubeElizabeth DecolvenaereCory HargusRobert T. McGibbonKa-Hei LawBrent A. GregersenJe-Luen LiKim PalmoKarthik SivaMichael BergdorfJohn L. KlepeisDavid E. Shaw","Quantum chemical benchmark databases of gold-standard dimer interaction energies","Scientific Data","","","10.1038/s41597-021-00833-x","https://link.springer.com/article/10.1038/s41597-021-00833-x","","2021","2026-07-02 19:59:12","2026-07-10 00:57:13","","","","","","","Scientific Data","","","","","","","","","","","","","","","","","","","","","","","","","","","","","","","","","","","","","","","","","","","","","","","","","","","","","","","","","","","","","","","","","",""
"PWAGEAYP","bookSection","2022","Filip Wojcieszyn","Quantum Computing","Introduction to Quantum Computing with Q# and QDK","","","10.1007/978-3-030-99379-5_4","https://link.springer.com/chapter/10.1007/978-3-030-99379-5_4","","2022","2026-07-02 19:59:12","2026-07-10 00:58:12","","","","","","","","","","","","","","","","","","","","","","","","","","","","","","","","","","","","","","","","","","","","","","","","","","","","","","","","","","","","","","","","","","","","","","","","",""
"AS5UXTK4","bookSection","2021","Ajey Lele","Quantum Internet","Quantum Technologies and Military Strategy","","","10.1007/978-3-030-72721-5_6","https://link.springer.com/chapter/10.1007/978-3-030-72721-5_6","","2021","2026-07-02 19:59:12","2026-07-10 00:57:09","","","","","","","","","","","","","","","","","","","","","","","","","","","","","","","","","","","","","","","","","","","","","","","","","","","","","","","","","","","","","","","","","","","","","","","","",""
"QEX75VK5","journalArticle","2021","Jonas SteinLothar BorrmannSebastian FeldThomas GaborChristoph RochLeo SünkelSebastian ZielinskiClaudia Linnhoff-Popien","Wie gelingt meinem Unternehmen der Einstieg ins Quantencomputing? Über das Ökosystem für die Quantencomputing-Anwenderkompetenz des QAR-Lab","Digitale Welt","","","10.1007/s42354-021-0331-y","https://link.springer.com/article/10.1007/s42354-021-0331-y","","2021","2026-07-02 19:59:12","2026-07-10 00:58:59","","","","","","","Digitale Welt","","","","","","","","","","","","","","","","","","","","","","","","","","","","","","","","","","","","","","","","","","","","","","","","","","","","","","","","","","","","","","","","","",""
"LB3PDCYB","journalArticle","2023","Apoorva D. Patel","The Quantum Density Matrix and Its Many Uses","Journal of the Indian Institute of Science","","","10.1007/s41745-023-00406-4","https://link.springer.com/article/10.1007/s41745-023-00406-4","","2023","2026-07-02 19:59:12","2026-07-10 00:57:20","","","","","","","Journal of the Indian Institute of Science","","","","","","","","","","","","","","","","","","","","","","","","","","","","","","","","","","","","","","","","","","","","","","","","","","","","","","","","","","","","","","","","","",""
"6CS6QJ2W","journalArticle","2022","Daming ZhengFlorian RaffinPolina VolovitchThierry Pauporté","Control of perovskite film crystallization and growth direction to target homogeneous monolithic structures","Nature Communications","","","10.1038/s41467-022-34332-3","https://link.springer.com/article/10.1038/s41467-022-34332-3","","2022","2026-07-02 19:59:13","2026-07-10 00:57:40","","","","","","","Nature Communications","","","","","","","","","","","","","","","","","","","","","","","","","","","","","","","","","","","","","","","","","","","","","","","","","","","","","","","","","","","","","","","","","",""
"AK8YLE4F","journalArticle","2021","Giovanni AcamporaRoberto Schiattarella","Deep neural networks for quantum circuit mapping","Neural Computing and Applications","","","10.1007/s00521-021-06009-3","https://link.springer.com/article/10.1007/s00521-021-06009-3","","2021","2026-07-02 19:59:13","2026-07-10 00:58:21","","","","","","","Neural Computing and Applications","","","","","","","","","","","","","","","","","","","","","","","","","","","","","","","","","","","","","","","","","","","","","","","","","","","","","","","","","","","","","","","","","",""
"RHV6SI8B","journalArticle","2021","Jie SuXuchao GuoChengqi LiuShuhan LuLin Li","An improved novel quantum image representation and its experimental test on IBM quantum experience","Scientific Reports","","","10.1038/s41598-021-93471-7","https://link.springer.com/article/10.1038/s41598-021-93471-7","","2021","2026-07-02 19:59:13","2026-07-10 00:58:56","","","","","","","Scientific Reports","","","","","","","","","","","","","","","","","","","","","","","","","","","","","","","","","","","","","","","","","","","","","","","","","","","","","","","","","","","","","","","","","",""
"2A7WUFSL","journalArticle","2021","Anthony Alexiades ArmenakasOliver K. Baker","Implementation and analysis of quantum computing application to Higgs boson reconstruction at the large Hadron Collider","Scientific Reports","","","10.1038/s41598-021-01552-4","https://link.springer.com/article/10.1038/s41598-021-01552-4","","2021","2026-07-02 19:59:13","2026-07-10 00:57:19","","","","","","","Scientific Reports","","","","","","","","","","","","","","","","","","","","","","","","","","","","","","","","","","","","","","","","","","","","","","","","","","","","","","","","","","","","","","","","","",""
"8HES9NFK","journalArticle","2022","Elija Perrier","The Quantum Governance Stack: Models of Governance for Quantum Information Technologies","Digital Society","","","10.1007/s44206-022-00019-x","https://link.springer.com/article/10.1007/s44206-022-00019-x","","2022","2026-07-02 19:59:13","2026-07-10 00:57:47","","","","","","","Digital Society","","","","","","","","","","","","","","","","","","","","","","","","","","","","","","","","","","","","","","","","","","","","","","","","","","","","","","","","","","","","","","","","","",""
"YQVMGHFQ","journalArticle","2023","Chong-Qiang YeJian LiXiu-Bo ChenYanyan HouZhuo Wang","Security and application of semi-quantum key distribution protocol for users with different quantum capabilities","EPJ Quantum Technology","","","10.1140/epjqt/s40507-023-00180-3","https://link.springer.com/article/10.1140/epjqt/s40507-023-00180-3","","2023","2026-07-02 19:59:13","2026-07-10 00:57:33","","","","","","","EPJ Quantum Technology","","","","","","","","","","","","","","","","","","","","","","","","","","","","","","","","","","","","","","","","","","","","","","","","","","","","","","","","","","","","","","","","","",""
"CWZD7QEZ","journalArticle","2021","Emanuele PelucchiGiorgos FagasIgor AharonovichDirk EnglundEden FigueroaQihuang GongHübel HannesJin LiuChao-Yang LuNobuyuki MatsudaJian-Wei PanFlorian SchreckFabio SciarrinoChristine SilberhornJianwei WangKlaus D. Jöns","The potential and global outlook of integrated photonics for quantum technologies","Nature Reviews Physics","","","10.1038/s42254-021-00398-z","https://link.springer.com/article/10.1038/s42254-021-00398-z","","2021","2026-07-02 19:59:13","2026-07-10 00:57:56","","","","","","","Nature Reviews Physics","","","","","","","","","","","","","","","","","","","","","","","","","","","","","","","","","","","","","","","","","","","","","","","","","","","","","","","","","","","","","","","","","",""
"GFX8XDNY","journalArticle","2022","Luka MusicCéline ChevalierElham Kashefi","Dispelling myths on superposition attacks: formal security model and attack analyses","Designs, Codes and Cryptography","","","10.1007/s10623-022-01017-3","https://link.springer.com/article/10.1007/s10623-022-01017-3","","2022","2026-07-02 19:59:13","2026-07-10 00:59:22","","","","","","","Designs, Codes and Cryptography","","","","","","","","","","","","","","","","","","","","","","","","","","","","","","","","","","","","","","","","","","","","","","","","","","","","","","","","","","","","","","","","","",""
"W6TVV25M","journalArticle","2021","Anubhab BaksiKyungbae JangGyeongju SongHwajeong SeoZejun Xiang","Quantum implementation and resource estimates for Rectangle and Knot","Quantum Information Processing","","","10.1007/s11128-021-03307-6","https://link.springer.com/article/10.1007/s11128-021-03307-6","","2021","2026-07-02 19:59:13","2026-07-10 00:57:20","","","","","","","Quantum Information Processing","","","","","","","","","","","","","","","","","","","","","","","","","","","","","","","","","","","","","","","","","","","","","","","","","","","","","","","","","","","","","","","","","",""
"RBW2A2LI","journalArticle","2022","Cynthia OlveraOscar MontielYoshio Rubio","Quantum-inspired evolutionary algorithms on continuous space multiobjective problems","Soft Computing","","","10.1007/s00500-022-06916-0","https://link.springer.com/article/10.1007/s00500-022-06916-0","","2022","2026-07-02 19:59:13","2026-07-10 00:57:35","","","","","","","Soft Computing","","","","","","","","","","","","","","","","","","","","","","","","","","","","","","","","","","","","","","","","","","","","","","","","","","","","","","","","","","","","","","","","","",""
"ZI7575IT","journalArticle","2023","Jie XuRi-Gui Zhou","Asymmetric bidirectional cyclic controlled quantum teleportation in noisy environment","Quantum Information Processing","","","10.1007/s11128-023-04116-9","https://link.springer.com/article/10.1007/s11128-023-04116-9","","2023","2026-07-02 19:59:13","2026-07-10 00:58:56","","","","","","","Quantum Information Processing","","","","","","","","","","","","","","","","","","","","","","","","","","","","","","","","","","","","","","","","","","","","","","","","","","","","","","","","","","","","","","","","","",""
"QBPQSJX7","journalArticle","2021","Gary WolfowiczF. Joseph HeremansChristopher P. AndersonShun KanaiHosung SeoAdam GaliGiulia GalliDavid D. Awschalom","Quantum guidelines for solid-state spin defects","Nature Reviews Materials","","","10.1038/s41578-021-00306-y","https://link.springer.com/article/10.1038/s41578-021-00306-y","","2021","2026-07-02 19:59:13","2026-07-10 00:58:19","","","","","","","Nature Reviews Materials","","","","","","","","","","","","","","","","","","","","","","","","","","","","","","","","","","","","","","","","","","","","","","","","","","","","","","","","","","","","","","","","","",""
"NBY3AAWF","conferencePaper","2024","Asmar MuqeetShaukat AliPaolo Arcaini","Approximating Stochastic Quantum Noise Through Genetic Programming","","","","10.1007/978-3-031-64573-0_5","https://link.springer.com/chapter/10.1007/978-3-031-64573-0_5","","2024","2026-07-03 13:55:14","2026-07-03 13:55:14","","","","","","","","","","","","","","","","","","","","","","","","","","","","","","","","","","","","","","","","","","","","","","","","","","","","","","","","","","Search-Based Software Engineering","","","","","","","","","","","","","","",""
"BL2ZMJ9S","bookSection","2026","Archisman GhoshAvimita ChatterjeeSwaroop Ghosh","Design Automation in Quantum Error Correction","Design Automation for Quantum Computing","","","10.1007/978-3-032-09303-5_6","https://link.springer.com/chapter/10.1007/978-3-032-09303-5_6","","2026","2026-07-03 13:55:12","2026-07-03 13:55:12","","","","","","","","","","","","","","","","","","","","","","","","","","","","","","","","","","","","","","","","","","","","","","","","","","","","","","","","","","","","","","","","","","","","","","","","",""
"KGZVJGNP","conferencePaper","2026","Javier Romero-ÁlvarezJaime Alvarado-ValienteAntonio Jesus Sanchez-GilEnrique MoguelJose Garcia-Alonso","AI-Driven Resource Optimization of Quantum Service Computing","","","","10.1007/978-981-95-5015-9_26","https://link.springer.com/chapter/10.1007/978-981-95-5015-9_26","","2026","2026-07-03 13:55:11","2026-07-03 13:55:11","","","","","","","","","","","","","","","","","","","","","","","","","","","","","","","","","","","","","","","","","","","","","","","","","","","","","","","","","","Service-Oriented Computing","","","","","","","","","","","","","","",""
"CTANQGSJ","conferencePaper","2025","M. Roth; D. A. Kreplin; D. Basilewitsch; J. F. Bravo; D. Klau; M. Marinov; D. Pranjić; P. Schichtel; H. Stuehler; M. Willmann; M. -A. Zöller","AutoQML: A Framework for Automated Quantum Machine Learning","2025 IEEE International Conference on Quantum Software (QSW)","","","10.1109/QSW67625.2025.00019","","Automated Machine Learning (AutoML) has significantly advanced the efficiency of ML-focused software development by automating hyperparameter optimization and pipeline construction, reducing the need for manual intervention. Quantum Machine Learning (QML) offers the potential to surpass classical machine learning (ML) capabilities by utilizing quantum computing. However, the complexity of QML presents substantial entry barriers. We introduce AutoQML, a novel framework that adapts the AutoML approach to QML, providing a modular and unified programming interface to facilitate the development of QML pipelines. AutoQML leverages the QML library sQUlearn to support a variety of QML algorithms. The framework is capable of constructing end-to-end pipelines for supervised learning tasks, ensuring accessibility and efficacy. We evaluate AutoQML across four industrial use cases, demonstrating its ability to generate high-performing QML pipelines that are competitive with both classical ML models and manually crafted quantum solutions.","2025-07-07","2026-07-03 13:55:07","2026-07-03 13:55:07","","81-91","","","","","","","","","","","","","","","","","","","","Journal Abbreviation: 2025 IEEE International Conference on Quantum Software (QSW)","","","","Software; Quantum computing; Software development management; Benchmark testing; Quantum Computing; Libraries; Quantum Machine Learning; Pipelines; Python; Automated machine learning; AutoML; Hyperparameter optimization; Machine Learning; Python Library; Supervised learning","","","","","","","","","","","","","","","","","","","","","","","","","","","","","","","","2025 IEEE International Conference on Quantum Software (QSW)","","","","","","","","","","","","","","",""