"Key","Item Type","Publication Year","Author","Title","Publication Title","ISBN","ISSN","DOI","Url","Abstract Note","Date","Date Added","Date Modified","Access Date","Pages","Num Pages","Issue","Volume","Number Of Volumes","Journal Abbreviation","Short Title","Series","Series Number","Series Text","Series Title","Publisher","Place","Language","Rights","Type","Archive","Archive Location","Library Catalog","Call Number","Extra","Notes","File Attachments","Link Attachments","Manual Tags","Automatic Tags","Editor","Series Editor","Translator","Contributor","Attorney Agent","Book Author","Cast Member","Commenter","Composer","Cosponsor","Counsel","Interviewer","Producer","Recipient","Reviewed Author","Scriptwriter","Words By","Guest","Number","Edition","Running Time","Scale","Medium","Artwork Size","Filing Date","Application Number","Assignee","Issuing Authority","Country","Meeting Name","Conference Name","Court","References","Reporter","Legal Status","Priority Numbers","Programming Language","Version","System","Code","Code Number","Section","Session","Committee","History","Legislative Body"
"T5D6RS3T","conferencePaper","2025","C. A. Galvis-Florez; A. Farooq; S. Särkkä","Quantum-Assisted Gaussian Process Regression Using Random Fourier Features","2025 IEEE International Conference on Quantum Software (QSW)","","","10.1109/QSW67625.2025.00012","","Probabilistic machine learning models are distinguished by their ability to integrate prior knowledge of noise statistics, smoothness parameters, and training data uncertainty. A common approach involves modeling data with Gaussian processes; however, their computational complexity quickly becomes intractable as the training dataset grows. To address this limitation, we introduce a quantum-assisted algorithm for sparse Gaussian process regression based on the random Fourier feature kernel approximation. We start by encoding the data matrix into a quantum state using a multi-controlled unitary operation, which encodes the classical representation of the random Fourier features matrix used for kernel approximation. We then employ a quantum principal component analysis along with a quantum phase estimation technique to extract the spectral decomposition of the kernel matrix. We apply a conditional rotation operator to the ancillary qubit based on the eigenvalue. We then use Hadamard and swap tests to compute the mean and variance of the posterior Gaussian distribution. We achieve a polynomialorder computational speedup relative to the classical method.","2025-07-07","2026-07-02 19:56:59","2026-07-10 00:57:28","","22-27","","","","","","","","","","","","","","","","","","","","Journal Abbreviation: 2025 IEEE International Conference on Quantum Software (QSW)","","","","Data models; Eigenvalues and eigenfunctions; Feature extraction; Gaussian process regression; Gaussian processes; Kernel; kernel function approximation; Matrix decomposition; Principal component analysis; quantum principal component analysis; Quantum state; Quantum-assisted algorithm; random Fourier features; Software algorithms; Sparse matrices","","","","","","","","","","","","","","","","","","","","","","","","","","","","","","","","2025 IEEE International Conference on Quantum Software (QSW)","","","","","","","","","","","","","","",""
"HSLHXLZH","conferencePaper","2022","C. -Y. Wei; Y. -H. Tsai; C. -S. Jhang; J. -H. R. Jiang","Accurate BDD-based Unitary Operator Manipulation for Scalable and Robust Quantum Circuit Verification","2022 59th ACM/IEEE Design Automation Conference (DAC)","0738-100X","","","","Quantum circuit verification is essential, ensuring that quantum program compilation yields a sequence of primitive unitary operators executable correctly and reliably on a quantum processor. Most prior quantum circuit equivalence checking methods rely on edge-weighted decision diagrams and suffer from scalability and verification accuracy issues. This work overcomes these issues by extending a recent BDD-based algebraic representation of state vectors to support unitary operator manipulation. Experimental results demonstrate the superiority of the new method in scalability and exactness in contrast to the inexactness of prior approaches. Also, our method is much more robust in verifying dissimilar circuits than previous work.","2022-06-06","2026-07-02 19:56:59","2026-07-10 00:57:28","","523-528","","","","","","","","","","","","","","","","","","","","Journal Abbreviation: 2022 59th ACM/IEEE Design Automation Conference (DAC)","","","","Accuracy; Design automation; Integrated circuit reliability; Quantum circuit; Scalability; Vectors","","","","","","","","","","","","","","","","","","","","","","","","","","","","","","","","2022 59th ACM/IEEE Design Automation Conference (DAC)","","","","","","","","","","","","","","",""
"B8RB34E7","conferencePaper","2023","H. Kim","Evaluation of Entaglement-based Quantum Key Distribution for Genome Data Transmission","2023 IEEE MIT Undergraduate Research Technology Conference (URTC)","","","10.1109/URTC60662.2023.10534960","","Quantum Key Distribution (QKD) provides a method for two parties to communicate securely by generating a private key. Using IBM Qiskit, a python-based quantum software development kit, the Ekert 91 Protocol has been simulated on IBM's “qasm_simulator” using 864 maximally entangled states from a simulated photon source. Considering both cases where there is and is not an eavesdropper intercepting the entangled photons, the Clauser-Horne-Shimony-Holt (CHSH) inequality demonstrated that the use of entanglement-based QKD to encrypt genome data (length of 1 million bases) with one-time-pad encryption is theoretically highly viable.","2023-10-06","2026-07-02 19:56:59","2026-07-10 00:58:24","","1-4","","","","","","","","","","","","","","","","","","","","Journal Abbreviation: 2023 IEEE MIT Undergraduate Research Technology Conference (URTC)","","","","CHSH Inequality; Data communication; E91 Protocol; Encryption; Genomics; Protocols; Quantum Cryptography; Quantum entanglement; Quantum key distribution; Quantum Key Distribution; Software","","","","","","","","","","","","","","","","","","","","","","","","","","","","","","","","2023 IEEE MIT Undergraduate Research Technology Conference (URTC)","","","","","","","","","","","","","","",""
"H92EH399","conferencePaper","2023","A. M. K. Cheng","Work in Progress: Response Time Analysis of Real-Time Quantum Computing Systems","2023 IEEE 29th Real-Time and Embedded Technology and Applications Symposium (RTAS)","2642-7346","","10.1109/RTAS58335.2023.00033","","Despite the potential of quantum computing for drastically accelerating suitable real-time applications, response time analysis is still required to guarantee that quantum programs running on quantum computers satisfy application-specific timing requirements. This paper describes an inaugural project to determine whether a quantum program running on a quantum computer satisfies the timing constraints of a realtime application, that is, is quantum computing punctual and reliable in this time-sensitive application domain? Can this timing guarantee be formally verified? We leverage the existing work on the functional reactive programming (FRP) model to predict the worst-case response time (WCRT) of fault-tolerant classical computing systems since the timing analysis of re-executions for fault recovery plus transient-faults-induced wasted execution times is similar to determining the response time of FRP tasks. Ongoing work shows that accounting for wasted execution times due to errors in quantum computers resulting from quantum decoherence and state fidelity can be treated similarly and develops a mapping from quantum programs to FRP programs for efficient timing analysis.","2023-05-09","2026-07-02 19:56:59","2026-07-10 00:56:57","","329-332","","","","","","","","","","","","","","","","","","","","Journal Abbreviation: 2023 IEEE 29th Real-Time and Embedded Technology and Applications Symposium (RTAS)","","","","Computers; Fault tolerance; Fault tolerant systems; Formal verification; Programming; Quantum computing; Quantum decoherence; Real-time systems; Reliability; Response time analysis","","","","","","","","","","","","","","","","","","","","","","","","","","","","","","","","2023 IEEE 29th Real-Time and Embedded Technology and Applications Symposium (RTAS)","","","","","","","","","","","","","","",""
"BEBLFX5H","conferencePaper","2025","Y. -S. Lee; J. Lee; Y. Kang","A Comparative Study of Quantum Circuit Mapping Techniques for NISQ Devices","2025 16th International Conference on Information and Communication Technology Convergence (ICTC)","2162-1241","","10.1109/ICTC66702.2025.11389032","","Noisy Intermediate-Scale Quantum (NISQ) computers impose severe architectural constraints that prevent direct execution of logical quantum circuits. As a result, quantum circuit mapping—transforming ideal circuits into hardware-compatible forms—has become a critical task in quantum software toolchains. This paper presents a comparative study of key mapping techniques, focusing on circuit depth, SWAP gate overhead, and fidelity awareness. Through a case analysis on a 5-qubit Quantum Fourier Transform (QFT) circuit, we demonstrate the performance trade-offs of several prominent mapping strategies, including naive greedy routing, Qiskit’s SABRE, and CQC’s t|ket>. Our findings reveal that mapping technique selection has a profound impact on circuit quality and feasibility on real NISQ hardware.","2025-10-14","2026-07-02 19:56:59","2026-07-10 01:03:24","","2203-2204","","","","","","","","","","","","","","","","","","","","Journal Abbreviation: 2025 16th International Conference on Information and Communication Technology Convergence (ICTC)","","","","Integrated circuit reliability; Quantum circuit; Software; Hardware; Logic gates; NISQ; Noise measurement; Optimization; Performance evaluation; quantum circuit; quantum circuit mapping; Quantum system; Routing","","","","","","","","","","","","","","","","","","","","","","","","","","","","","","","","2025 16th International Conference on Information and Communication Technology Convergence (ICTC)","","","","","","","","","","","","","","",""
"TNA9ZI8V","conferencePaper","2025","J. J. Park; J. Seo; S. Bae; S. Y. -C. Chen; H. -H. Tseng; J. Cha; S. Yoo","Resting-State fMRI Analysis Using Quantum Time-Series Transformer","2025 IEEE International Conference on Quantum Computing and Engineering (QCE)","","","10.1109/QCE65121.2025.00256","","Resting-state functional magnetic resonance imaging (fMRI) has emerged as a pivotal tool for revealing intrinsic brain network connectivity and identifying neural biomarkers of neuropsychiatric conditions. However, classical self-attention transformer models—despite their formidable representational power—struggle with quadratic complexity, large parameter counts, and substantial data requirements. To address these barriers, we introduce a Quantum Time-series Transformer, a novel quantum-enhanced transformer architecture leveraging Linear Combination of Unitaries and Quantum Singular Value Transformation. Unlike classical transformers, Quantum Timeseries Transformer operates with polylogarithmic computational complexity, markedly reducing training overhead and enabling robust performance even with fewer parameters and limited sample sizes. Empirical evaluation on the largest-scale fMRI datasets from the Adolescent Brain Cognitive Development Study and the UK Biobank demonstrates that Quantum Time-series Transformer achieves comparable or superior predictive performance compared to state-of-the-art classical transformer models, with especially pronounced gains in small-sample scenarios. Interpretability analyses using SHapley Additive exPlanations further reveal that Quantum Time-series Transformer reliably identifies clinically meaningful neural biomarkers of attentiondeficit/hyperactivity disorder (ADHD). These findings underscore the promise of quantum-enhanced transformers in advancing computational neuroscience by more efficiently modeling complex spatio-temporal dynamics and improving clinical interpretability.","2025-09-30","2026-07-02 19:56:59","2026-07-10 00:58:39","","2352-2363","","","01","","","","","","","","","","","","","","","","","Journal Abbreviation: 2025 IEEE International Conference on Quantum Computing and Engineering (QCE)","","","","Quantum computing; Biological system modeling; Biomarkers; Brain modeling; computational efficiency; Computational modeling; Functional magnetic resonance imaging; generalizability in small sample size; Integrated circuit modeling; interpretability; Neuroimaging; quantum application in neuropsychopathology; quantum transformer; resting-state functional mri; spatio-temporal learning; Training; Transformers","","","","","","","","","","","","","","","","","","","","","","","","","","","","","","","","2025 IEEE International Conference on Quantum Computing and Engineering (QCE)","","","","","","","","","","","","","","",""
"LWJXYBB6","journalArticle","2023","V. Russo; A. Mari; N. Shammah; R. LaRose; W. J. Zeng","Testing Platform-Independent Quantum Error Mitigation on Noisy Quantum Computers","IEEE Transactions on Quantum Engineering","","2689-1808","10.1109/TQE.2023.3305232","","We apply quantum error mitigation (QEM) techniques to a variety of benchmark problems and quantum computers to evaluate the performance of QEM in practice. To do so, we define an empirically motivated, resource-normalized metric of the improvement of error mitigation, which we call the improvement factor, and calculate this metric for each experiment we perform. The experiments we perform consist of zero-noise extrapolation and probabilistic error cancellation applied to two benchmark problems run on IBM, IonQ, and Rigetti quantum computers, as well as noisy quantum computer simulators. Our results show that error mitigation is, on average, more beneficial than no error mitigation—even when normalized by the additional resources used—but also emphasize that the performance of QEM depends on the underlying computer.","2023","2026-07-02 19:56:59","2026-07-10 01:02:31","","1-18","","","4","","IEEE Transactions on Quantum Engineering","","","","","","","","","","","","","","","","","","","Quantum computing; Noise measurement; Benchmark testing; Qubit; Superconducting devices","","","","","","","","","","","","","","","","","","","","","","","","","","","","","","","","","","","","","","","","","","","","","","",""
"NB3EQBLR","conferencePaper","2024","A. Świerkowska; J. Echavarria; L. Schulz; M. Schulz","Achieving Pareto-Optimality in Quantum Circuit Compilation via a Multi-Objective Heuristic Optimization Approach","2024 IEEE International Conference on Quantum Computing and Engineering (QCE)","","","10.1109/QCE60285.2024.10297","","High Performance Computing-Quantum Computing (HPCQC) integration presents a promising yet challenging opportunity, particularly in the area of quantum circuit compilation and optimization, requiring further advancements in the field of Quantum Computing (QC). To address this, we introduce the Munich Quantum Compiler, a key component of the Munich Quantum Software Stack (MQSS). This compiler employs a heuristic-based approach to select a Pareto-optimal subset of optimizations in the form of LLVM passes for quantum circuits described in an LLVM-compliant Intermediate Representation (IR).","2024-09-15","2026-07-02 19:56:59","2026-07-10 00:57:03","","306-310","","","02","","","","","","","","","","","","","","","","","Journal Abbreviation: 2024 IEEE International Conference on Quantum Computing and Engineering (QCE)","","","","Quantum circuit; Logic gates; Optimization; Benchmark testing; Encoding; Full stack; Genetic Algorithm; LLVM; MOEA; Multi-objective Optimization; NSGA-II; Parallel processing; QIR; Quantum Compilation; Quantum Computing","","","","","","","","","","","","","","","","","","","","","","","","","","","","","","","","2024 IEEE International Conference on Quantum Computing and Engineering (QCE)","","","","","","","","","","","","","","",""
"EH33W7Z9","conferencePaper","2022","M. Mykhailova","Developing Programming Assignments for Teaching Quantum Computing and Quantum Programming","2022 IEEE International Conference on Quantum Computing and Engineering (QCE)","","","10.1109/QCE53715.2022.00092","","This report describes a variety of programming assignments that can be used to teach quantum computing in a practical manner. These assignments let the learners get hands-on experience with all stages of quantum software development process, from solving quantum computing problems and implementing the solutions to debugging the programs, performing resource estimation, and running the code on quantum hardware.","2022-09-18","2026-07-02 19:56:59","2026-07-10 00:59:28","","688-692","","","","","","","","","","","","","","","","","","","","Journal Abbreviation: 2022 IEEE International Conference on Quantum Computing and Engineering (QCE)","","","","Software; Programming; Quantum computing; debugging; Debugging; automated grading; Codes; Education; Estimation; programming assignments; quantum computing; quantum programming","","","","","","","","","","","","","","","","","","","","","","","","","","","","","","","","2022 IEEE International Conference on Quantum Computing and Engineering (QCE)","","","","","","","","","","","","","","",""
"63V5RJ6N","conferencePaper","2024","Y. -H. Chou; Y. -C. Jiang; S. -Y. Kuo; S. -Y. Kung","Bridging the Quantum Education Gap: Hands-on Visualization Projects for Quantum Search Algorithm","2024 IEEE International Conference on Quantum Computing and Engineering (QCE)","","","10.1109/QCE60285.2024.20466","","Quantum education has been increasingly emphasized at both the post-secondary and secondary education stages, in line with the advent of the quantum computing paradigm. Traditional quantum computing education, however, necessitates an extensive background in physics, mathematics, and information science, which can be challenging for beginners. This study presents the experience of implementing a college curriculum at National Chi Nan University in Taiwan, designed to enable learners at all levels to grasp the concept of a quantum algorithm using accessible math yet rigorous enough for verification. The study succinctly conveys the concept of the quantum Grover algorithm, provides necessary background knowledge, and elucidates the ideas using three distinct visualization methods. Furthermore, this study offers a novel presentation for aligning the results of geometrical representation with the corresponding quantum circuit layout. The hands-on project demonstration motivates learners to explore solutions using their visualization tool, enhancing their engagement and sense of achievement. Developing these tools deepens learners' understanding and promotes active peer education, thereby improving their participation and retention of quantum knowledge. The visualization tools developed through this process serve as a valuable contribution to quantum education, offering an effective quantum tool and a user-friendly interface for learning, teaching, researching, and providing fresh insights and perspectives. By making quantum computing concepts more understandable through accessible math and visualization, we aim to lower the entry-level barrier to learning quantum computing, encouraging more talents to engage in quantum computing for their research studies.","2024-09-15","2026-07-02 19:56:59","2026-07-10 01:03:23","","112-121","","","03","","","","","","","","","","","","","","","","","Journal Abbreviation: 2024 IEEE International Conference on Quantum Computing and Engineering (QCE)","","","","Software algorithms; Quantum circuit; Software; Visualization; Quantum system; Education; Grover Algorithm; Hands-on Project; Mathematics; Physics; Quantum algorithm; Quantum Computing and Engineering; Quantum Education; Quantum Software Tool; Solids; Visualization Tool","","","","","","","","","","","","","","","","","","","","","","","","","","","","","","","","2024 IEEE International Conference on Quantum Computing and Engineering (QCE)","","","","","","","","","","","","","","",""
"A4V7LNWC","journalArticle","2022","F. Chiti; R. Picchi; L. Pierucci","Metropolitan Quantum-Drone Networking and Computing: A Software-Defined Perspective","IEEE Access","","2169-3536","10.1109/ACCESS.2022.3226127","","Swarms of drones are utilized in a wide range of applications, considering that they can be deployed on-demand and are economically affordable. Furthermore, they can also have a significant role in the creation of future Quantum Networks (QNs). As a matter of fact, the use of drones allows deploying a non terrestrial Quantum Metropolitan Area Network (QMAN), overcoming Optical Fibers’ (OFs) limits, due to the large percentage of photons that scatters before reaching the receiver. However, random fluctuations of drones’ positions and atmospheric turbulence can affect the quality of the Free Space Optic (FSO) link with a significant impact on performance. Considering that Quantum Drone Networks (QDNs) require significant control, Software-Defined Networking (SDN) paradigm can play a key role in their provisioning. Specifically, an SDN Controller is responsible for managing the global strategies for the distribution of end-to-end (E2E) entangled pairs. Therefore, this paper provides the design of an SDN-based architecture for supporting high-performance Metropolitan Quantum Drone Networks (MQDNs) with a specific protocol for creating entanglement between two Ground Stations (GSs) through the swarm of drones. The proposed architecture can be employed for distributed quantum computing applications and entanglement-based Quantum Key Distribution (QKD) services. Moreover, a suited objective function to optimize the planning and operation of the swarm mission has been proposed. Finally, the paper provides a performance evaluation considering the most relevant metrics, such as fidelity, entanglement rate, and the overhead of the proposed protocol, pointing out that even higher performance than OFs is achievable.","2022","2026-07-02 19:56:59","2026-07-10 00:58:00","","126062-126073","","","10","","IEEE Access","","","","","","","","","","","","","","","","","","","Protocols; Quantum entanglement; Quantum computing; Qubit; Computer architecture; Drones; Quantum cloud; quantum drone swarms; quantum internet; quantum key distribution; quantum software-defined networking; Teleportation","","","","","","","","","","","","","","","","","","","","","","","","","","","","","","","","","","","","","","","","","","","","","","",""
"S3V35BGU","conferencePaper","2025","R. Picchi; F. Chiti; T. Pecorella; L. Pierucci","HAPS Based Quantum Network Design Optimization","IEEE INFOCOM 2025 - IEEE Conference on Computer Communications Workshops (INFOCOM WKSHPS)","2833-0587","","10.1109/INFOCOMWKSHPS65812.2025.11152808","","High-Altitude Platform Stations (HAPS) are gaining recognition as effective communication platforms due to their rapid deployment capabilities and cost efficiency. Unlike terrestrial infrastructures, HAPS provide enhanced flexibility and scalability, making them well-suited for the development of Non-Terrestrial Quantum Wide Area Networks (NTQWANs). These networks overcome the inherent limitations of Optical Fibers (OFs), such as significant photon losses over long distances, which hinder efficient quantum communication. HAPS offer a distinct advantage over terrestrial networks by enabling wide-area coverage without the need for extensive ground infrastructure. Despite their benefits, the performance of Free Space Optic (FSO) links can be affected by atmospheric disturbances and positional variations in HAPS. To address these challenges, this paper explores an architecture for Wide Area Quantum HAPS Networks (WAQHNs) that supports applications such as Distributed Quantum Computing (DQC) and Quantum Key Distribution (QKD). Performance evaluation focuses on specific key metrics that are optical attenuation, fidelity, and entanglement rate, demonstrating that HAPS-based networks can outperform traditional OF-based systems.","2025-05-19","2026-07-02 19:56:59","2026-07-10 01:01:18","","1-6","","","","","","","","","","","","","","","","","","","","Journal Abbreviation: IEEE INFOCOM 2025 - IEEE Conference on Computer Communications Workshops (INFOCOM WKSHPS)","","","","Scalability; Quantum computing; Quantum Internet; Quantum networks; Computer architecture; Atmospheric modeling; Attenuation; Cloud computing; Non-Terrestrial Networks; Quantum Cloud; Quantum High-Altitude Platform Stations; Quantum Software-Defined Networking; Simulation; Software defined networking; Wide area networks","","","","","","","","","","","","","","","","","","","","","","","","","","","","","","","","IEEE INFOCOM 2025 - IEEE Conference on Computer Communications Workshops (INFOCOM WKSHPS)","","","","","","","","","","","","","","",""
"8R3YXK68","journalArticle","2025","D. Alvarez-Estevez","Benchmarking Quantum Machine Learning Kernel Training for Classification Tasks","IEEE Transactions on Quantum Engineering","","2689-1808","10.1109/TQE.2025.3541882","","Quantum-enhanced machine learning is a rapidly evolving field that aims to leverage the unique properties of quantum mechanics to enhance classical machine learning. However, the practical applicability of these methods remains an open question, particularly beyond the context of specifically crafted toy problems, and given the current limitations of quantum hardware. This study focuses on quantum kernel methods in the context of classification tasks. In particular, it examines the performance of quantum kernel estimation and quantum kernel training (QKT) in connection with two quantum feature mappings, namely, ZZFeatureMap and CovariantFeatureMap. Remarkably, these feature maps have been proposed in the literature under the conjecture of possible near-term quantum advantage and have shown promising performance in ad hoc datasets. This study aims to evaluate their versatility and generalization capabilities in a more general benchmark, encompassing both artificial and established reference datasets. Classical machine learning methods, specifically support vector machines and logistic regression, are also incorporated as baseline comparisons. Experimental results indicate that quantum methods exhibit varying performance across different datasets. Despite outperforming classical methods in ad hoc datasets, mixed results are obtained for the general case among standard classical benchmarks. The experimental data call into question a general added value of applying QKT optimization, for which the additional computational cost does not necessarily translate into improved classification performance. Instead, it is suggested that a careful choice of the quantum feature map in connection with proper hyperparameterization may prove more effective.","2025","2026-07-02 19:56:59","2026-07-10 00:57:36","","1-15","","","6","","IEEE Transactions on Quantum Engineering","","","","","","","","","","","","","","","","","","","Kernel; Quantum state; Vectors; Quantum computing; Training; Benchmark testing; Estimation; Benchmarking; Machine learning; quantum kernel estimation (QKE); quantum kernel training (QKT), quantum machine learning (QML); Quantum mechanics; Support vector machines","","","","","","","","","","","","","","","","","","","","","","","","","","","","","","","","","","","","","","","","","","","","","","",""
"25X2WPHN","conferencePaper","2023","J. Romero-Alvarez; J. Alvarado-Valiente; E. Moguel; J. Garcia-Alonso; J. M. Murillo","A Workflow for the Continuous Deployment of Quantum Services","2023 IEEE International Conference on Software Services Engineering (SSE)","","","10.1109/SSE60056.2023.00015","","The rapid advancements in quantum computing have opened new possibilities for solving complex problems in various fields, including cryptography, optimization, and simulation. However, the current approaches to quantum computing often require a deep understanding of quantum hardware and low-level programming languages, making it difficult for software developers to create and deploy quantum services. This paper argues for the adaptation of Service-Oriented Computing principles to quantum computing, enabling a level of abstraction from hardware that allows developers to focus on application development. This will allow developers to create and deploy quantum services, similarly to how Service-Oriented Computing has made it easier to develop traditional software services. This paper presents a Continuous Deployment approach for quantum service development, which involves the generation and deployment of quantum services. To do that, we propose an extension of the OpenAPI specification to generate services implementing a quantum algorithm. To validate the feasibility of the proposed process, we use a variety of quantum algorithm implementations to test their generation and deployment of quantum services.","2023-07-02","2026-07-02 19:56:59","2026-07-10 00:58:42","","1-8","","","","","","","","","","","","","","","","","","","","Journal Abbreviation: 2023 IEEE International Conference on Software Services Engineering (SSE)","","","","Software; Hardware; Quantum Computing; Codes; Quantum algorithm; Containers; Continuous Deployment; OpenAPI; Quantum Services; Quantum Software Development; Source coding; Uniform resource locators","","","","","","","","","","","","","","","","","","","","","","","","","","","","","","","","2023 IEEE International Conference on Software Services Engineering (SSE)","","","","","","","","","","","","","","",""
"ITR4PBVC","journalArticle","2024","F. Qi; K. N. Smith; T. LeCompte; N. -f. Tzeng; X. Yuan; F. T. Chong; L. Peng","Quantum Vulnerability Analysis to Guide Robust Quantum Computing System Design","IEEE Transactions on Quantum Engineering","","2689-1808","10.1109/TQE.2023.3343625","","While quantum computers provide exciting opportunities for information processing, they currently suffer from noise during computation that is not fully understood. Incomplete noise models have led to discrepancies between quantum program success rate (SR) estimates and actual machine outcomes. For example, the estimated probability of success (ESP) is the state-of-the-art metric used to gauge quantum program performance. The ESP suffers poor prediction since it fails to account for the unique combination of circuit structure, quantum state, and quantum computer properties specific to each program execution. Thus, an urgent need exists for a systematic approach that can elucidate various noise impacts and accurately and robustly predict quantum computer success rates, emphasizing application and device scaling. In this article, we propose quantum vulnerability analysis (QVA) to systematically quantify the error impact on quantum applications and address the gap between current success rate (SR) estimators and real quantum computer results. The QVA determines the cumulative quantum vulnerability (CQV) of the target quantum computation, which quantifies the quantum error impact based on the entire algorithm applied to the target quantum machine. By evaluating the CQV with well-known benchmarks on three 27-qubit quantum computers, the CQV success estimation outperforms the estimated probability of success state-of-the-art prediction technique by achieving on average six times less relative prediction error, with best cases at 30 times, for benchmarks with a real SR rate above 0.1%. Direct application of QVA has been provided that helps researchers choose a promising compiling strategy at compile time.","2024","2026-07-02 19:56:59","2026-07-10 00:58:10","","1-11","","","5","","IEEE Transactions on Quantum Engineering","","","","","","","","","","","","","","","","","","","Computers; Quantum computing; Logic gates; Computational modeling; Integrated circuit modeling; Benchmark testing; Error analysis; resilience; Resilience; success rate (SR); vulnerability analysis","","","","","","","","","","","","","","","","","","","","","","","","","","","","","","","","","","","","","","","","","","","","","","",""
"MIHPRW7H","journalArticle","2026","Y. Kimura; S. Li; H. Sato; M. Fujita; R. Wille","Improving Decision Diagram-Based Quantum Circuit Simulation Using Static Variable Ordering and Multinode Ring Communication","IEEE Transactions on Quantum Engineering","","2689-1808","10.1109/TQE.2026.3654543","","Currently, the development of quantum computers is active; however, large-scale machines remain limited and noisy. Furthermore, such quantum computers do not allow direct access to state vectors, posing challenges for quantum algorithm development. Quantum circuit simulators on classical computers offer a solution, with decision diagram (DD)-based simulators being particularly memory-efficient for representing quantum states. However, DD-based simulation still requires optimization, especially concerning variable ordering and multinode parallelization. Processing time for DDs heavily depends on variable order, but existing static variable ordering methods did not have general applicability. The prior multithreaded DD simulations showed slowdowns. This study proposes two techniques to address these issues. The first is a scoring-based heuristic static variable ordering method that analyzes an input quantum circuit, such as the distribution of parameterized rotations and multibit gates, to suppress the growth of graph nodes and amount of computation. The second is a ring communication approach that reduces communication overhead when performing parallel simulations across multiple computing nodes. Parallel computation requires data exchange between nodes, which results in additional communication time. The proposed ring communication method can eliminate broadcast communication, thereby reducing the waiting time until communication is completed. Evaluations using various benchmark circuits demonstrate that the proposed ordering achieves up to a 4.5 speedup in a single-node environment. Furthermore, the ring communication exhibits superior scalability, achieving up to an 11× speedup with 16 computing nodes. The proposed variable ordering method generally reduces the overall simulation time in multinode environments.","2026","2026-07-02 19:56:59","2026-07-10 01:02:52","","1-15","","","7","","IEEE Transactions on Quantum Engineering","","","","","","","","","","","","","","","","","","","Quantum state; Quantum circuit; Vectors; Computers; Quantum computing; Logic gates; Qubit; Quantum algorithm; Circuits; Decision diagram (DD); Memory management; parallel computation; quantum circuit simulation; ring communication; static variable order","","","","","","","","","","","","","","","","","","","","","","","","","","","","","","","","","","","","","","","","","","","","","","",""
"2KG8V2A4","journalArticle","2023","Q. Wang; Z. Zhang; K. Chen; J. Guan; W. Fang; J. Liu; M. Ying","Quantum Algorithm for Fidelity Estimation","IEEE Transactions on Information Theory","","1557-9654","10.1109/TIT.2022.3203985","","For two unknown mixed quantum states  $\rho $  and  $\sigma $  in an  $N$ -dimensional Hilbert space, computing their fidelity  $F(\rho,\sigma)$  is a basic problem with many important applications in quantum computing and quantum information, for example verification and characterization of the outputs of a quantum computer, and design and analysis of quantum algorithms. In this paper, we propose a quantum algorithm that solves this problem in  ${\mathrm{ poly}}(\log (N), r, 1/\varepsilon)$  time, where  $r$  is the lower rank of  $\rho $  and  $\sigma $ , and  $\varepsilon $  is the desired precision, provided that the purifications of  $\rho $  and  $\sigma $  are prepared by quantum oracles. This algorithm exhibits an exponential speedup over the best known algorithm (based on quantum state tomography) which has time complexity polynomial in  $N$ .","2023-01","2026-07-02 19:56:59","2026-07-10 01:01:13","","273-282","","1","69","","IEEE Transactions on Information Theory","","","","","","","","","","","","","","","","","","","Quantum state; Software; Quantum computing; Computational modeling; Estimation; Quantum algorithm; Computer science; quantum algorithms; quantum fidelity; quantum states","","","","","","","","","","","","","","","","","","","","","","","","","","","","","","","","","","","","","","","","","","","","","","",""
"NBU396BA","conferencePaper","2025","S. Ping; W. -H. Lin; D. B. Tan; J. Cong","Assessing Quantum Layout Synthesis Tools via Known Optimal-SWAP Cost Benchmarks","2025 62nd ACM/IEEE Design Automation Conference (DAC)","","","10.1109/DAC63849.2025.11133143","","Quantum layout synthesis (QLS) is a critical step in quantum program compilation for superconducting quantum computers, involving the insertion of SWAP gates to satisfy hardware connectivity constraints. While previous works have introduced SWAP-free benchmarks with known-optimal depths for evaluating QLS tools, these benchmarks overlook SWAP count-a key performance metric. Real-world applications often require SWAP gates, making SWAP-free benchmarks insufficient for fully assessing QLS tool performance. To address this limitation, we introduce QUBIKOS, a benchmark set with provableoptimal SWAP counts and non-trivial circuit structures. For the first time, we are able to quantify the optimality gaps of SWAP gate usages of the leading QLS algorithms, which are surprisingly large: LightSabre from IBM delivers the best performance with an optimality gap of $63 x$, followed by ML-QLS with an optimality gap of 117 x. Similarly, QMAP and $\mathrm{t} \mid$ ket $\rangle$ exhibit significantly larger gaps of 250 x and 330 x, respectively. This highlights the need for further advancements in QLS methodologies. Beyond evaluation, QUBIKOS offers valuable insights for guiding the development of future QLS tools, as demonstrated through an analysis of a suboptimal case in LightSABRE. This underscores QUBIKOS’s utility as both an evaluation framework and a tool for advancing QLS research.","2025-06-22","2026-07-02 19:56:59","2026-07-10 01:01:36","","1-7","","","","","","","","","","","","","","","","","","","","Journal Abbreviation: 2025 62nd ACM/IEEE Design Automation Conference (DAC)","","","","Design automation; Computers; Quantum computing; Hardware; Logic gates; Benchmark testing; Costs; Layout; Performance metrics","","","","","","","","","","","","","","","","","","","","","","","","","","","","","","","","2025 62nd ACM/IEEE Design Automation Conference (DAC)","","","","","","","","","","","","","","",""
"PIXW5A2R","journalArticle","2021","N. Yu; L. Zhou","When is the Chernoff Exponent for Quantum Operations Finite?","IEEE Transactions on Information Theory","","1557-9654","10.1109/TIT.2021.3067924","","We consider the problem of testing two hypotheses of quantum operations in a setting of many uses where an arbitrary prior probability distribution is given. The Chernoff exponent for quantum operations is investigated to track the minimal average error probability of discriminating two quantum operations asymptotically. We answer the question, “When is the Chernoff exponent for quantum operations finite?” We show that either two quantum operations can be perfectly distinguished with finite uses, or the minimal discrimination error decays exponentially with respect to the number of uses asymptotically. That is, the Chernoff exponent is finite if and only if the quantum operations can not be perfectly distinguished with finite uses. This rules out the possibility of super-exponential decay of error probability. Upper bounds of the Chernoff exponent for quantum operations are provided.","2021-07","2026-07-02 19:56:59","2026-07-10 01:00:51","","4517-4523","","7","67","","IEEE Transactions on Information Theory","","","","","","","","","","","","","","","","","","","Quantum state; Quantum computing; Quantum system; Quantum mechanics; channel estimation; error probability; Error probability; Measurement uncertainty; Probability distribution; Upper bound","","","","","","","","","","","","","","","","","","","","","","","","","","","","","","","","","","","","","","","","","","","","","","",""
"X2UUX6DY","journalArticle","2022","T. Peham; L. Burgholzer; R. Wille","Equivalence Checking of Quantum Circuits With the ZX-Calculus","IEEE Journal on Emerging and Selected Topics in Circuits and Systems","","2156-3365","10.1109/JETCAS.2022.3202204","","As state-of-the-art quantum computers are capable of running increasingly complex algorithms, the need for automated methods to design and test potential applications rises. Equivalence checking of quantum circuits is an important, yet hardly automated, task in the development of the quantum software stack. Recently, new methods have been proposed that tackle this problem from widely different perspectives. One of them is based on the ZX-calculus, a graphical rewriting system for quantum computing. However, the power and capability of this equivalence checking method has barely been explored. The aim of this work is to evaluate the ZX-calculus as a tool for equivalence checking of quantum circuits. To this end, it is demonstrated how the ZX-calculus based approach for equivalence checking can be expanded in order to verify the results of compilation flows and optimizations on quantum circuits. It is also shown that the ZX-calculus based method is not complete—especially for quantum circuits with ancillary qubits. In order to properly evaluate the proposed method, we conduct a detailed case study by comparing it to two other state-of-the-art methods for equivalence checking: one based on path-sums and another based on decision diagrams. The proposed methods have been integrated into the publicly available QCEC tool (https://github.com/cda-tum/qcec) which is part of the Munich Quantum Toolkit (MQT).","2022-09","2026-07-02 19:56:59","2026-07-10 01:02:11","","662-675","","3","12","","IEEE Journal on Emerging and Selected Topics in Circuits and Systems","","","","","","","","","","","","","","","","","","","Quantum circuit; Computers; Quantum computing; Hardware; Logic gates; Optimization; quantum circuit; Qubit; formal verification","","","","","","","","","","","","","","","","","","","","","","","","","","","","","","","","","","","","","","","","","","","","","","",""
"BPN9U5C2","conferencePaper","2025","P. Hopf; N. Quetschlich; L. Schulz; R. Wille","Improving Figures of Merit for Quantum Circuit Compilation","2025 Design, Automation & Test in Europe Conference (DATE)","1558-1101","","10.23919/DATE64628.2025.10992761","","Quantum computing is an emerging technology that has seen significant software and hardware improvements in recent years. Executing a quantum program requires the compilation of its quantum circuit for a target Quantum Processing Unit (QPU). Various methods for qubit mapping, gate synthesis, and optimization of quantum circuits have been proposed and implemented in compilers. These compilers try to generate a quantum circuit that leads to the best execution quality-a criterium which is usually approximated by figures of merit such as the number of (two-qubit) gates, the circuit depth, expected fidelity, or estimated success probability. However, it is often unclear how well these figures of merit represent the actual execution quality on a QPU. In this work, we investigate the correlation between established figures of merit and actual execution quality on real machines-revealing that the correlation is weaker than anticipated and that more complex figures of merit are not necessarily more accurate. Motivated by this finding, we propose an improved figure of merit (based on a machine learning approach) that can be used to predict the expected execution quality of a quantum circuit for a chosen QPU without actually executing it. The employed machine learning model reveals the influence of various circuit features on generating high correlation scores. The proposed figure of merit demonstrates a strong correlation and outperforms all previous ones in a case study-achieving an average correlation improvement of 49%.","2025-04-31","2026-07-02 19:56:59","2026-07-10 01:01:02","","1-7","","","","","","","","","","","","","","","","","","","","Journal Abbreviation: 2025 Design, Automation & Test in Europe Conference (DATE)","","","","Quantum circuit; Software; Hardware; Logic gates; Optimization; Integrated circuit modeling; Qubit; quantum computing; Machine learning; Correlation; figures of merit; machine learning; Measurement; quantum circuit compilation","","","","","","","","","","","","","","","","","","","","","","","","","","","","","","","","2025 Design, Automation & Test in Europe Conference (DATE)","","","","","","","","","","","","","","",""
"GSFJGW3A","conferencePaper","2023","C. Campbell; F. T. Chong; D. Dahl; P. Frederick; P. Goiporia; P. Gokhale; B. Hall; S. Issa; E. Jones; S. Lee; A. Litteken; V. Omole; D. Owusu-Antwi; M. A. Perlin; R. Rines; K. N. Smith; N. Goss; A. Hashim; R. Naik; E. Younis; D. Lobser; C. G. Yale; B. Huang; J. Liu","Superstaq: Deep Optimization of Quantum Programs","2023 IEEE International Conference on Quantum Computing and Engineering (QCE)","","","10.1109/QCE57702.2023.00116","","We describe Superstaq, a quantum software platform that optimizes the execution of quantum programs by tailoring to underlying hardware primitives. For benchmarks such as the Bernstein-Vazirani algorithm and the Qubit Coupled Cluster chemistry method, we find that deep optimization can improve program execution performance by at least 10x compared to prevailing state-of-the-art compilers. To highlight the versatility of our approach, we present results from several hardware platforms: superconducting qubits (AQT @ LBNL, IBM Quantum, Rigetti), trapped ions (QSCOUT), and neutral atoms (Infleqtion). Across all platforms, we demonstrate new levels of performance and new capabilities that are enabled by deeper integration between quantum programs and the device physics of hardware.","2023-09-17","2026-07-02 19:56:59","2026-07-10 00:57:29","","1020-1032","","","01","","","","","","","","","","","","","","","","","Journal Abbreviation: 2023 IEEE International Conference on Quantum Computing and Engineering (QCE)","","","","Software algorithms; Hardware; Logic gates; Performance evaluation; Qubit; cross-layer optimization; Program processors; Quantum compilation; Trapped ions","","","","","","","","","","","","","","","","","","","","","","","","","","","","","","","","2023 IEEE International Conference on Quantum Computing and Engineering (QCE)","","","","","","","","","","","","","","",""
"SHPC3R3R","conferencePaper","2025","M. Letras; J. Echavarria; M. N. Farooqi; M. De Pascale; M. H. Vera; N. Tornow; L. Schulz; M. Schulz","Towards a Unified Multi-Target Mlir-Based Compiler: A Heterogeneous Compilation Framework for High-Performance and Quantum Computing Integration","2025 IEEE International Conference on Quantum Computing and Engineering (QCE)","","","10.1109/QCE65121.2025.10288","","The Munich Quantum Software Stack (MQSS) is a compilation and runtime infrastructure designed to bridge the gap between high-performance computing (HPC) and quantum computing (QC). A unified, extensible, and efficient compilation framework becomes important as quantum devices and applications scale. This paper proposes the integration of Multi-Level Intermediate Representation (MLIR) as intermediate representation into the MQSS to address the challenges of optimizing and compiling hybrid classical-quantum applications across diverse quantum devices. Accordingly, the MQSS can separate abstraction layers, enabling high-level optimizations, seamless integration of existing quantum dialects, and targetspecific optimizations for diverse quantum devices.","2025-09-30","2026-07-02 19:56:59","2026-07-10 00:59:27","","28-33","","","02","","","","","","","","","","","","","","","","","Journal Abbreviation: 2025 IEEE International Conference on Quantum Computing and Engineering (QCE)","","","","Quantum computing; Optimization; Performance evaluation; Full stack; Quantum Compilation; Graphics processing units; High performance computing; HPCQC Integration; Intermediate Representation (IR); MLIR; Runtime","","","","","","","","","","","","","","","","","","","","","","","","","","","","","","","","2025 IEEE International Conference on Quantum Computing and Engineering (QCE)","","","","","","","","","","","","","","",""
"ACVKX8PV","conferencePaper","2025","A. Mjeda; H. Murray","Quantum Babel: Breaching the Notational and Conceptual Divide of Physics and Mathematics to Build Quantum Intuition in Computer Science Students","2025 IEEE International Conference on Quantum Computing and Engineering (QCE)","","","10.1109/QCE65121.2025.20534","","Quantum computing poses unique challenges for computer science students due to the field's reliance on mathematical formalism, abstract physical concepts, and unfamiliar notation. While computer science students are typically proficient in algorithmic thinking and systems design, they often lack the background in quantum mechanics and linear algebra necessary to navigate the field's conceptual landscape. This mismatch can result in a form of disciplinary dissonance, a ‘Quantum Babel', where understanding breaks down due to divergent cognitive and notational frameworks. This paper proposes a layered, analogy-driven pedagogical framework that re-contextualizes quantum concepts using metaphors and structures familiar to CS learners. Grounded in cognitive load theory and analogical reasoning, the approach aims to reduce extraneous cognitive load through metaphorical scaffolding. For example, the quantum Hamiltonian is recast as an operating system task scheduler, facilitating intuitive understanding of time evolution and energy landscapes in quantum systems. We present a series of conceptual mappings and illustrative examples that enable learners to build quantum intuition using analogies drawn from classical computing domains such as signal processing, debugging, and resource scheduling. Our goal is to foster quantum intuition in learners without requiring a deep background in physics, supporting the emergence of a new generation of quantum-literate computer scientists. This work contributes to the growing field of quantum software engineering education and lays the foundation for empirically validated, cross-disciplinary teaching tools.","2025-09-30","2026-07-02 19:56:59","2026-07-10 00:57:01","","119-128","","","03","","","","","","","","","","","","","","","","","Journal Abbreviation: 2025 IEEE International Conference on Quantum Computing and Engineering (QCE)","","","","Quantum computing; Software engineering; Education; Quantum mechanics; Computer science; analogies; Cognitive load; computer science; curriculum development; education; layered learning; Operating systems; pedagogy; quantum; scaffolding; Signal processing; Signal processing algorithms; System analysis and design; teaching","","","","","","","","","","","","","","","","","","","","","","","","","","","","","","","","2025 IEEE International Conference on Quantum Computing and Engineering (QCE)","","","","","","","","","","","","","","",""
"29MV75PV","conferencePaper","2023","A. M. Krol; K. Mesman; A. Sarkar; Z. Al-Ars","Efficient Parameterised Compilation for Hybrid Quantum Programming","2023 IEEE International Conference on Quantum Computing and Engineering (QCE)","","","10.1109/QCE57702.2023.10192","","Near term quantum devices have the potential to outperform classical computing through the use of hybrid classical-quantum algorithms such as Variational Quantum Eigensolvers. These iterative algorithms use a classical optimiser to update a parameterised quantum circuit. Each iteration, the circuit is executed on a physical quantum processor or quantum computing simulator, and the average measurement result is passed back to the classical optimiser. When many iterations are required, the whole quantum program is also recompiled many times. We have implemented explicit parameters that prevent recompilation of the whole program in the quantum programming framework OpenQL, called OpenQLPC. These parameters improve the compilation and therefore total runtime for hybrid quantum-classical algorithms. We compare the time required for compilation and simulation of the MAXCUT algorithm in OpenQLpcto the same algorithm in both PyQuil and Qiskit. We show that efficient handling of parameterised circuits results in up to 70 % reduction in total compilation time for the MAXCUT benchmark, and leads to a reduced total execution time. When using OpenQLPC, compilation of hybrid algorithms is up to two times faster than when using PyQuil or Qiskit.","2023-09-17","2026-07-02 19:56:59","2026-07-10 00:56:59","","103-111","","","02","","","","","","","","","","","","","","","","","Journal Abbreviation: 2023 IEEE International Conference on Quantum Computing and Engineering (QCE)","","","","Programming; Quantum computing; Benchmark testing; Runtime; Compilation techniques; Compilers; Control systems; Heuristic algorithms; Hybrid algorithms; Parameterisation; Programming languages; Proposals; Quantum programming; Time measurement","","","","","","","","","","","","","","","","","","","","","","","","","","","","","","","","2023 IEEE International Conference on Quantum Computing and Engineering (QCE)","","","","","","","","","","","","","","",""
"MBYZLFUC","conferencePaper","2025","J. John; L. Golla; Q. Wang","Stealthy Conditional Trojans in Quantum Circuits","2025 26th International Symposium on Quality Electronic Design (ISQED)","1948-3295","","10.1109/ISQED65160.2025.11014343","","Quantum computing has demonstrated superior efficiency compared to classical computing. Quantum circuits are essential for implementing functions and achieving correct computational outcomes. Quantum circuit compilers, which translate high-level quantum operations into hardware-specific gates while optimizing performance, serve as the interface between the quantum software stack and physical quantum machines. However, untrusted compilers can introduce malicious hardware Trojans into quantum circuits, altering their functionality and leading to incorrect results. In the world of classical computing, effective hardware Trojans are a critical threat to integrated circuits. This process often involves stealthily inserting conditional logic gates that activate under specific input conditions. In this paper, we propose a novel advanced quantum Trojan that is controllable, allowing it to be activated or deactivated under different circumstances. These Trojans remain dormant until triggered by predefined input conditions, making detection challenging. Through a series of benchmark experiments, we demonstrate the feasibility of this method by evaluating the effectiveness of embedding controlled trojans in quantum circuits and measuring their impact on circuit performance and security.","2025-04-23","2026-07-02 19:56:59","2026-07-10 00:58:39","","1-7","","","","","","","","","","","","","","","","","","","","Journal Abbreviation: 2025 26th International Symposium on Quality Electronic Design (ISQED)","","","","Quantum circuit; Hardware; Logic gates; Benchmark testing; Full stack; Circuit optimization; Integrated circuits; Security; Trojan horses","","","","","","","","","","","","","","","","","","","","","","","","","","","","","","","","2025 26th International Symposium on Quality Electronic Design (ISQED)","","","","","","","","","","","","","","",""
"WD9XEWYB","conferencePaper","2025","O. Koska; M. Baboulin; A. Gazda","A mixed-precision quantum-classical algorithm for solving linear systems","2025 IEEE International Parallel and Distributed Processing Symposium Workshops (IPDPSW)","2995-066X","","10.1109/IPDPSW66978.2025.00081","","We address the problem of solving a system of linear equations via the Quantum Singular Value Transformation (QSVT). One drawback of the QSVT algorithm is that it requires huge quantum resources if we want to achieve an acceptable accuracy. To reduce the quantum cost, we propose a hybrid quantum-classical algorithm that improves the accuracy and reduces the cost of the QSVT by adding iterative refinement in mixed-precision A first quantum solution is computed using the QSVT, in low precision, and then refined in higher precision until we get a satisfactory accuracy. For this solver, we present an error and complexity analysis, and first experiments using the quantum software stack myQLM.","2025-06-03","2026-07-02 19:56:59","2026-07-10 01:00:58","","501-508","","","","","","","","","","","","","","","","","","","","Journal Abbreviation: 2025 IEEE International Parallel and Distributed Processing Symposium Workshops (IPDPSW)","","","","Software algorithms; Accuracy; Quantum computing; Hardware; Full stack; Costs; Iterative algorithms; Iterative refinement; Linear systems; Mathematical models; Mixed-precision algorithms; Quantum Singular Value Transformation; Testing","","","","","","","","","","","","","","","","","","","","","","","","","","","","","","","","2025 IEEE International Parallel and Distributed Processing Symposium Workshops (IPDPSW)","","","","","","","","","","","","","","",""
"T23ZE8PP","conferencePaper","2025","S. Yang; P. Murali","Is Circuit Cutting Scalable for Practical Quantum Applications?","2025 IEEE International Conference on Quantum Computing and Engineering (QCE)","","","10.1109/QCE65121.2025.00055","","Circuit cutting allows quantum circuits larger than the available hardware to be executed. Cutting techniques split circuits into smaller subcircuits, run them on the hardware, and recombine results through classical post-processing. Circuit cutting techniques have been extensively researched over the last five years and it been adopted by quantum companies, like IBM, as part of their scaling roadmap. We examine whether current circuit cutting techniques are practical for orchestrating executions on fault-tolerant quantum computers. We conduct a resource estimation-based benchmarking of important quantum applications and different types of circuit cutting techniques. Our applications include practically relevant algorithms such as Hamiltonian simulation, kernels such as quantum Fourier transform and more. To cut these applications, we use IBM's Qiskit cutting tool. We estimate resources for subcircuits using Microsoft's Azure Quantum Resource Estimator and develop models to determine qubit counts and the quantum and classical runtime needs of circuit cutting. We demonstrate that while circuit cutting works for small-scale systems, the exponential growth of the quantum excution runtime and the classical post-processing overhead as the qubit count increases renders it impractical for larger quantum systems with current implementation strategies. As we transition from noisy quantum hardware to fault-tolerance, our work provides useful guidance for the design of quantum software and runtime systems.","2025-09-30","2026-07-02 19:56:59","2026-07-10 01:01:41","","428-438","","","01","","","","","","","","","","","","","","","","","Journal Abbreviation: 2025 IEEE International Conference on Quantum Computing and Engineering (QCE)","","","","Software; Computers; Fault tolerance; Fault tolerant systems; Hardware; Logic gates; Benchmark testing; Qubit; Costs; Runtime; circuit cutting; fault-tolerant quantum; resource estimation","","","","","","","","","","","","","","","","","","","","","","","","","","","","","","","","2025 IEEE International Conference on Quantum Computing and Engineering (QCE)","","","","","","","","","","","","","","",""
"H9AZRU3I","conferencePaper","2026","Y. Feng; X. Yang; K. Sha; J. Ding","Benchmarking the Benchmarks for Quantum Code Generation with LLMs","2026 IEEE 19th Dallas Circuits and Systems Conference (DCAS)","2766-5186","","10.1109/DCAS69364.2026.11545019","","Large Language Models (LLMs) are increasingly deployed as quantum coding copilots, assisting researchers by generating complex programs for frameworks such as Qiskit, PennyLane, and OpenQASM. However, accurately evaluating the practical utility of these models remains a significant challenge. Existing benchmarks are highly fragmented, ranging from syntax-centric unit tests to simulator- and hardware-aware metrics, making results difficult to compare across different languages and hardware targets. To address this fragmentation, this paper systematically reviews recent evaluation suites and post-training methodologies for quantum code generation. We distill current evaluation criteria into four practical dimensions: syntax and API validity, semantic and physical correctness, resource and hardware feasibility, and execution-based feedback. Building upon these dimensions, we present a unified taxonomy that maps current benchmarks to emerging model adaptation techniques, specifically retrieval-augmented generation (RAG), fine-tuning, multi-agent workflows, and reinforcement learning (RL). Our analysis highlights a clear shift: moving away from prompt-only baselines and toward agentic workflows driven by quantum-verifiable rewards. This shift directly targets the semantic gap between superficially compilable code and physically executable quantum programs. In addition, we identify key research opportunities-such as standardized semantic metrics and integration with quantum error correction-aimed at fostering a more reproducible, verifiable, and hardware-grounded ecosystem for automated quantum software development.","2026-04-10","2026-07-02 19:56:59","2026-07-10 01:02:51","","1-4","","","","","","","","","","","","","","","","","","","","Journal Abbreviation: 2026 IEEE 19th Dallas Circuits and Systems Conference (DCAS)","","","","Programming; Hardware; Optimization; Codes; Benchmarking; Feedback; Large language models; LLM; Modeling; Multi-Agent Systems; OpenQASM; PennyLane; Printing; Qiskit; Quantum Code Generation; RAG; Reinforcement Learning; Retrieval augmented generation; Retrieval-Augmented Generation; Syntactics","","","","","","","","","","","","","","","","","","","","","","","","","","","","","","","","2026 IEEE 19th Dallas Circuits and Systems Conference (DCAS)","","","","","","","","","","","","","","",""
"YRJSZUXK","journalArticle","2024","R. L'Abbate; A. D'Onofrio; S. Stein; S. Y. -C. Chen; A. Li; P. -Y. Chen; J. Chen; Y. Mao","A Quantum-Classical Collaborative Training Architecture Based on Quantum State Fidelity","IEEE Transactions on Quantum Engineering","","2689-1808","10.1109/TQE.2024.3367234","","Recent advancements have highlighted the limitations of current quantum systems, particularly the restricted number of qubits available on near-term quantum devices. This constraint greatly inhibits the range of applications that can leverage quantum computers. Moreover, as the available qubits increase, the computational complexity grows exponentially, posing additional challenges. Consequently, there is an urgent need to use qubits efficiently and mitigate both present limitations and future complexities. To address this, existing quantum applications attempt to integrate classical and quantum systems in a hybrid framework. In this article, we concentrate on quantum deep learning and introduce a collaborative classical-quantum architecture called co-TenQu. The classical component employs a tensor network for compression and feature extraction, enabling higher dimensional data to be encoded onto logical quantum circuits with limited qubits. On the quantum side, we propose a quantum-state-fidelity-based evaluation function to iteratively train the network through a feedback loop between the two sides. co-TenQu has been implemented and evaluated with both simulators and the IBM-Q platform. Compared to state-of-the-art approaches, co-TenQu enhances a classical deep neural network by up to 41.72% in a fair setting. In addition, it outperforms other quantum-based methods by up to 1.9 times and achieves similar accuracy while utilizing 70.59% fewer qubits.","2024","2026-07-02 19:56:59","2026-07-10 01:01:17","","1-14","","","5","","IEEE Transactions on Quantum Engineering","","","","","","","","","","","","","","","","","","","Principal component analysis; Quantum state; Quantum circuit; Quantum computing; Logic gates; Training; Qubit; Collaborative training; Deep learning; Federated learning; Hybrid intelligent systems; quantum deep learning; quantum-classical hybrid systems; Tensors","","","","","","","","","","","","","","","","","","","","","","","","","","","","","","","","","","","","","","","","","","","","","","",""
"BVJ9MGRM","conferencePaper","2022","R. Wille; L. Burgholzer; S. Hillmich; T. Grurl; A. Ploier; T. Peham","The Basis of Design Tools for Quantum Computing: Arrays, Decision Diagrams, Tensor Networks, and ZX-Calculus","2022 59th ACM/IEEE Design Automation Conference (DAC)","0738-100X","","","","Quantum computers promise to efficiently solve important problems classical computers never will. However, in order to capitalize on these prospects, a fully automated quantum software stack needs to be developed. This involves a multitude of complex tasks from the classical simulation of quantum circuits, over their compilation to specific devices, to the verification of the circuits to be executed as well as the obtained results. All of these tasks are highly non-trivial and necessitate efficient data structures to tackle the inherent complexity. Starting from rather straight-forward arrays over decision diagrams (inspired by the design automation community) to tensor networks and the ZX-calculus, various complementary approaches have been proposed. This work provides a look “under the hood” of today’s tools and showcases how these means are utilized in them, e.g., for simulation, compilation, and verification of quantum circuits.","2022-06-06","2026-07-02 19:56:59","2026-07-10 01:01:20","","1367-1370","","","","","","","","","","","","","","","","","","","","Journal Abbreviation: 2022 59th ACM/IEEE Design Automation Conference (DAC)","","","","Design automation; Quantum circuit; Computers; Full stack; quantum computing; Memory management; Tensors; arrays; Arrays; Complexity theory; data structures; decision diagrams; Design tools; Hands; tensor networks; ZX-calculus","","","","","","","","","","","","","","","","","","","","","","","","","","","","","","","","2022 59th ACM/IEEE Design Automation Conference (DAC)","","","","","","","","","","","","","","",""
"5ZPH7WN4","journalArticle","2026","J. Kim; J. Kim; J. Choi; J. Cho; J. Hong; H. Jeong; D. Min; I. Byun; M. Tanaka; K. Inoue","Architecting a Full-Stack Superconducting Fault-Tolerant Quantum Computer","IEEE Micro","","1937-4143","10.1109/MM.2026.3665565","","To run a practical size of quantum program, computer architects have been making tremendous efforts to realize fault-tolerant quantum computing (FTQC), which constructs a fault-tolerant logical qubit by correcting many erroneous physical qubits during runtime. However, it is extremely challenging to build a full-stack FTQC system consisting of heterogeneous stacks, where each stack incurs unique challenges regarding fault tolerance, and the interplay of the challenges incurs very complicated overall design choice problem. Therefore, computer architects must fully understand stack-specific optimizations and their system-level tradeoffs and resolve all the challenges together. In this article, we first introduce critical design challenges in architecting an FTQC system built on superconducting technology, and then present our research outcomes to resolve the challenges to build an FTQC system capable of realizing thousands of logical qubits. We also outline near-future directions to resolve the remaining challenges and provide insights toward realizing more scalable future FTQC systems.","2026-04","2026-07-02 19:56:59","2026-07-10 00:58:40","","93-101","","2","46","","IEEE Micro","","","","","","","","","","","","","","","","","","","Scalability; Fault tolerant systems; Quantum computing; Logic gates; Qubit; Error analysis; Decoding; Lattices; Superconducting logic circuits","","","","","","","","","","","","","","","","","","","","","","","","","","","","","","","","","","","","","","","","","","","","","","",""
"PB5ZAI2B","journalArticle","2024","J. D. Malcolm; A. Roth; M. Radic; P. Martín-Ramiro; J. Oillarburu; B. Aizpurua; R. Orús; S. Mugel","Multidisk Clutch Optimization Using Quantum Annealing","IEEE Transactions on Quantum Engineering","","2689-1808","10.1109/TQE.2024.3441229","","In this article, we apply a quantum optimization algorithm to solve a combinatorial problem with significant practical relevance occurring in clutch manufacturing. It is demonstrated how quantum optimization can play a role in real industrial applications in the manufacturing sector. Using the quantum annealer provided by D-Wave Systems, we analyze the performance of the quantum and quantum–classical hybrid solvers and compare them to deterministic- and random-algorithm classical benchmark solvers. The continued evolution of the quantum technology, indicating an expectation for even greater relevance in the future, is discussed, and the revolutionary potential it could have in the manufacturing sector is highlighted.","2024","2026-07-02 19:56:59","2026-07-10 00:58:37","","1-10","","","5","","IEEE Transactions on Quantum Engineering","","","","","","","","","","","","","","","","","","","Quantum computing; Optimization; Quantum algorithm; Annealing; Clutch manufacturing; combinatorial optimization; Combinatorial testing; Friction; Manufacturing; quadratic unconstrained binary optimization (QUBO) formulations; quantum annealing; Quantum annealing; quantum computing applications; quantum–classical hybrid algorithms","","","","","","","","","","","","","","","","","","","","","","","","","","","","","","","","","","","","","","","","","","","","","","",""
"NIPMT4QF","conferencePaper","2021","S. Wang; C. Adams; A. Broadbent","Password authentication schemes on a quantum computer","2021 IEEE International Conference on Quantum Computing and Engineering (QCE)","","","10.1109/QCE52317.2021.00051","","In a post-quantum world, where attackers may have access to full-scale quantum computers, all classical password-based authentication schemes will be compromised. Quantum copy-protection prevents adversaries from making copies of existing quantum software; we suggest this as a possible approach for designing post-quantum-secure password authentication systems. In this paper, we show an implementation of quantum copy-protection for password verification on IBM quantum computers. We also share our quantum computation results and analyses, as well as lessons learned.","2021-10-17","2026-07-02 19:56:59","2026-07-10 01:01:40","","346-350","","","","","","","","","","","","","","","","","","","","Journal Abbreviation: 2021 IEEE International Conference on Quantum Computing and Engineering (QCE)","","","","Software; Computers; Quantum computing; Noise measurement; Authentication; Conferences; IBM Quantum Experience; password authentication schemes; Passwords; post-quantum cryptography; quantum authentication schemes; quantum computers; quantum copy-protection","","","","","","","","","","","","","","","","","","","","","","","","","","","","","","","","2021 IEEE International Conference on Quantum Computing and Engineering (QCE)","","","","","","","","","","","","","","",""
"DUKUZ65M","journalArticle","2025","J. Li; P. Zheng; Z. Li; K. Xue; Z. Xie; N. Yu; Q. Sun; J. Lu","Integration of Quantum Key Distribution Networks and Classical Networks: An Evolution Perspective","IEEE Network","","1558-156X","10.1109/MNET.2025.3537691","","As a promising quantum application, Quantum Key Distribution (QKD) technology has been rapidly developed from point-to-point communication to a large-scale commercial network. However, considering the cost of QKD components and network infrastructure, building a QKD network is challenged by its expensive capital expenditure, which significantly hinders its future popularization. In this article, we envision an evolution roadmap consisting of three stages for the future development of QKD networks, aiming at achieving a fully integrated network architecture that combines QKD and telecommunications networks. Powered by several critical technologies, such as link multiplexing, miniaturized QKD, and transmission optimization, QKD is foreseen to be integrated into telecommunications networks as an add-on module that can be flexibly deployed. After that, we introduce the integrated network architecture design in detail, and respectively provide four QKD-related function implementations. At last, key technologies that should be concerned and further investigated are also discussed with performance evaluation, which can provide theoretical guidance for both industries and academia. Based on the proposed roadmap and integrated architecture, we believe a scalable, easy-to-use, and affordable QKD service can be brought to current telecommunication networks, and extensively applied by ordinary people while using daily applications.","2025-05","2026-07-02 19:56:59","2026-07-10 00:58:41","","180-187","","3","39","","IEEE Network","","","","","","","","","","","","","","","","","","","Protocols; Quantum key distribution; Hardware; Computer architecture; evolution roadmap; integrated network architecture; Internet; Network architecture; Optical fiber communication; Optical fiber networks; Optical switches; Quantum channels; Quantum key distribution networks; Telecommunications; telecommunications networks","","","","","","","","","","","","","","","","","","","","","","","","","","","","","","","","","","","","","","","","","","","","","","",""
"Q5XLHPA8","conferencePaper","2024","C. Chu; Z. Fu; Y. Xu; G. Huang; H. Muller; F. Chen; L. Jiang","TITAN: A Distributed Large-Scale Trapped-Ion NISQ Computer","2024 61st ACM/IEEE Design Automation Conference (DAC)","","","","","Trapped-Ion (TI) technology offers potential breakthroughs for Noisy Intermediate Scale Quantum (NISQ) computing. TI qubits offer extended coherence times and high gate fidelity, making them appealing for large-scale NISQ computers. Constructing such computers demands a distributed architecture connecting Quantum Charge Coupled Devices (QCCDs) via quantum matter-links and photonic switches. However, current distributed TI NISQ computers face hardware and system challenges. Entangling qubits across a photonic switch introduces significant latency, while existing compilers generate suboptimal mappings due to their unawareness of the interconnection topology. In this paper, we introduce TITAN, a large-scale distributed TI NISQ computer, which employs an innovative photonic interconnection design to reduce entanglement latency and an advanced partitioning and mapping algorithm to optimize matter-link communications. Our evaluations show that TITAN greatly enhances quantum application performance by 56.6% and fidelity by 19.7% compared to existing systems.CCS CONCEPTS• Computer systems organization → Distributed architectures; • Hardware → Quantum technologies.","2024-06-23","2026-07-02 19:56:59","2026-07-10 00:57:29","","1-6","","","","","","","","","","","","","","","","","","","","Journal Abbreviation: 2024 61st ACM/IEEE Design Automation Conference (DAC)","","","","Computers; Hardware; NISQ; Noise measurement; Qubit; Computer architecture; Trapped ions; Distributed Quantum Computers; Organizations; Partitioning algorithms; Photonics; Topology; Trapped Ions","","","","","","","","","","","","","","","","","","","","","","","","","","","","","","","","2024 61st ACM/IEEE Design Automation Conference (DAC)","","","","","","","","","","","","","","",""
"D5JGYD8G","journalArticle","2023","Y. Liu; Z. Li; A. Robertson; X. Fu; S. L. Song","Enabling Efficient Real-Time Calibration on Cloud Quantum Machines","IEEE Transactions on Quantum Engineering","","2689-1808","10.1109/TQE.2023.3276970","","Noisy intermediate-scale quantum computers are widely used for quantum computing (QC) from quantum cloud providers. Among them, superconducting quantum computers, with their high scalability and mature processing technology based on traditional silicon-based chips, have become the preferred solution for most commercial companies and research institutions to develop QC. However, superconducting quantum computers suffer from fluctuation due to noisy environments. To maintain reliability for every execution, calibration of the quantum processor is significantly important. During the long procedure to calibrate physical quantum bits (qubits), quantum processors must be turned into offline mode. In this work, we propose a real-time calibration framework (RCF) to execute quantum program tasks and calibrate in-demand qubits simultaneously, without interrupting quantum processors. Across a widely used noisy intermediate-scale quantum (NISQ) evaluation benchmark suite such as QASMBench, RCF achieves up to 18% reliability improvement for applications. For reliability on different physical qubits, RCF achieves an average gain of 15.7% (up to 36.7%). For cloud quantum machines, the throughput can be improved up to 9.5 throughput per minute (6.5 on average) based on baseline calibration time. In conclusion, RCF offers a reliable solution for large-scale, long-serving quantum machines.","2023","2026-07-02 19:56:59","2026-07-10 01:02:53","","1-17","","","4","","IEEE Transactions on Quantum Engineering","","","","","","","","","","","","","","","","","","","Quantum computing; Reliability; Noise measurement; Qubit; Program processors; Calibration; Compiler; multiprogramming; noisy intermediate-scale quantum (NISQ); quantum computing (QC)","","","","","","","","","","","","","","","","","","","","","","","","","","","","","","","","","","","","","","","","","","","","","","",""
"I4C3XDSJ","conferencePaper","2022","S. Sivarajah; L. Heidemann; A. Lawrence; R. Duncan","Tierkreis: a Dataflow Framework for Hybrid Quantum-Classical Computing","2022 IEEE/ACM Third International Workshop on Quantum Computing Software (QCS)","","","10.1109/QCS56647.2022.00007","","We present Tierkreis, a higher-order dataflow graph program representation and runtime designed for compositional, quantum-classical hybrid algorithms. The design of the system is motivated by the remote nature of quantum computers, the need for hybrid algorithms to involve cloud and distributed computing, and the long-running nature of these algorithms. The graph-based representation reflects how designers reason about and visualise algorithms, and allows automatic parallelism and asynchronicity. A strong, static type system and higher-order semantics allow for high expressivity and compositionality in the program. The flexible runtime protocol enables third-party developers to add functionality using any language or environment. With Tierkreis, quantum software developers can easily build, visualise, verify, test, and debug complex hybrid workflows, and immediately deploy them to the cloud or a custom distributed environment.","2022-11-13","2026-07-02 19:56:59","2026-07-10 01:01:40","","12-21","","","","","","","","","","","","","","","","","","","","Journal Abbreviation: 2022 IEEE/ACM Third International Workshop on Quantum Computing Software (QCS)","","","","Software algorithms; Protocols; Visualization; Quantum Computing; Codes; Runtime; Buildings; Dataflow; Distributed; Semantics","","","","","","","","","","","","","","","","","","","","","","","","","","","","","","","","2022 IEEE/ACM Third International Workshop on Quantum Computing Software (QCS)","","","","","","","","","","","","","","",""
"D2WXBWF3","conferencePaper","2022","T. Peham; L. Burgholzer; R. Wille","Equivalence Checking Paradigms in Quantum Circuit Design : A Case Study","2022 59th ACM/IEEE Design Automation Conference (DAC)","0738-100X","","","","As state-of-the-art quantum computers are capable of running increasingly complex algorithms, the need for automated methods to design and test potential applications rises. Equivalence checking of quantum circuits is an important, yet hardly automated, task in the development of the quantum software stack. Recently, new methods have been proposed that tackle this problem from widely different perspectives. However, there is no established baseline on which to judge current and future progress in equivalence checking of quantum circuits. In order to close this gap, we conduct a detailed case study of two of the most promising equivalence checking methodologies-one based on decision diagrams and one based on the ZX-calculus-and compare their strengths and weaknesses.","2022-06-06","2026-07-02 19:56:59","2026-07-10 01:02:10","","517-522","","","","","","","","","","","","","","","","","","","","Journal Abbreviation: 2022 59th ACM/IEEE Design Automation Conference (DAC)","","","","Software algorithms; Design automation; Quantum circuit; Computers; Logic gates; Full stack; Quantum algorithm; Adders; Design methodology","","","","","","","","","","","","","","","","","","","","","","","","","","","","","","","","2022 59th ACM/IEEE Design Automation Conference (DAC)","","","","","","","","","","","","","","",""
"N4KRNR3W","journalArticle","2024","C. Sanavio; S. Tibaldi; E. Tignone; E. Ercolessi","Quantum Circuit for Imputation of Missing Data","IEEE Transactions on Quantum Engineering","","2689-1808","10.1109/TQE.2024.3447875","","The imputation of missing data is a common procedure in data analysis that consists in predicting missing values of incomplete data points. In this work, we analyze a variational quantum circuit for the imputation of missing data. We construct variational quantum circuits with gates complexity $\mathcal {O}(N)$ and $\mathcal {O}(N^{2})$ that return the last missing bit of a binary string for a specific distribution. We train and test the performance of the algorithms on a series of datasets finding good convergence of the results. Finally, we test the circuit for generalization to unseen data. For simple systems, we are able to describe the circuit analytically, making it possible to skip the tedious and unresolved problem of training the circuit with repetitive measurements. We find beforehand the optimal values of the parameters and make use of them to construct an optimal circuit suited to the generation of truly random data.","2024","2026-07-02 19:56:59","2026-07-10 00:57:30","","1-12","","","5","","IEEE Transactions on Quantum Engineering","","","","","","","","","","","","","","","","","","","Quantum circuit; Quantum computing; Logic gates; Training; Qubit; quantum computing; Probability distribution; Correlation; Data integrity; Imputation; Imputation missing data; variational quantum circuit","","","","","","","","","","","","","","","","","","","","","","","","","","","","","","","","","","","","","","","","","","","","","","",""
"DXIP2ZK6","journalArticle","2023","J. Guo; H. Lou; J. Yu; R. Li; W. Fang; J. Liu; P. Long; S. Ying; M. Ying","isQ: An Integrated Software Stack for Quantum Programming","IEEE Transactions on Quantum Engineering","","2689-1808","10.1109/TQE.2023.3275868","","We introduce isQ, a new software stack for quantum programming in an imperative programming language, also named isQ. The aim of isQ is to make programmers write quantum programs as conveniently as possible. In particular, 1) the isQ language and its compiler contain many useful features, including but not limited to classical control flow, such as recursion, decomposition of self-defined unitary gates, and oracle programming and its circuit realization. 2) To make it flexible, an isQ program can be compiled into several different kinds of intermediate representation and assemblies, including QIR, eQASM, OpenQASM 3.0, and QCIS (specially tailored for the superconducting quantum hardware at the University of Science and Technology of China). 3) Besides interfacing isQ with real superconducting hardware, a QIR simulator is also developed for the demonstration and testing of isQ programs. The isQ software stack encompasses abundant compiler optimizations of high-level quantum programs. To realize it, a distinct multilevel intermediate representation (MLIR) dialect name isQ-IR is proposed.","2023","2026-07-02 19:56:59","2026-07-10 00:58:38","","1-16","","","4","","IEEE Transactions on Quantum Engineering","","","","","","","","","","","","","","","","","","","Quantum computing; Real-time systems; Hardware; Qubit; Full stack; Program processors; Compilers; Computer languages; programming languages; quantum computing stacks","","","","","","","","","","","","","","","","","","","","","","","","","","","","","","","","","","","","","","","","","","","","","","",""
"KUH2M3D4","journalArticle","2026","R. Wille; T. -Y. Ho; D. Chen; R. Duncan; I. S. K. Bustany; C. Kravec","ICCAD 2025: First Time Outside the United States and a Record-Breaking Edition","IEEE Design & Test","","2168-2364","10.1109/MDAT.2026.3666110","","ICCAD 2025 marked a historic milestone as the conference was held outside the United States for the first time, welcoming the global EDA/CAD community to Munich. The event set records in submissions and attendance, showcased the largest technical program in its history, and featured high-impact keynotes, special sessions, tutorials, and student activities. ICCAD 2025 combined technical excellence with vibrant in-person engagement, underscoring its growing international reach and the continued vitality of the design automation community.","2026-06","2026-07-02 19:56:59","2026-07-10 01:01:21","","52-54","","3","43","","IEEE Design & Test","","","","","","","","","","","","","","","","","","","","","","","","","","","","","","","","","","","","","","","","","","","","","","","","","","","","","","","","","","","","","","","","","",""
"WCVG85RH","journalArticle","2022","M. Schulz; M. Ruefenacht; D. Kranzlmüller; L. B. Schulz","Accelerating HPC With Quantum Computing: It Is a Software Challenge Too","Computing in Science & Engineering","","1558-366X","10.1109/MCSE.2022.3221845","","With quantum computing (QC) maturing, high-performance computing (HPC) centers are already preparing to host early-phase production versions of such systems. Unlike their experimental predecessors in physics laboratories, with a very small and dedicated user community, this next generation of systems needs to serve a wider user community and must work in concert with existing HPC systems and software stacks. This article describes our vision for an integrated ecosystem that combines existing HPC and evolving quantum software stacks into a single system to enable a common and continuous user experience. This integration comes with several major challenges as quantum systems pose significantly different requirements including increased need for compilation at run time, long optimization times, statistical evaluations of results, and the need to work with few centralized resources. To overcome these challenges, new scheduling approaches on the HPC side and new programming approaches on the QC side are required.","2022-08-01","2026-07-02 19:56:59","2026-07-10 01:00:25","","60-64","","4","24","","Computing in Science & Engineering","","","","","","","","","","","","","","","","","","","","","","","","","","","","","","","","","","","","","","","","","","","","","","","","","","","","","","","","","","","","","","","","","",""
"QXRGVWJ7","conferencePaper","2025","Y. -T. Chen; L. Capelluto; R. Shaffer; J. Heckey","Rule-Based Hardware-Configurable Static Analysis for Quantum Programs","2025 IEEE International Conference on Quantum Computing and Engineering (QCE)","","","10.1109/QCE65121.2025.00087","","The rapid evolution of quantum hardware necessitates an adaptable static analysis framework for validating quantum programs. In this work, we introduce SHARP, a rule-based static analysis framework designed for OpenQASM that decouples hardware-specific constraints from the validation engine. By employing a rule-based approach, SHARP allows quantum computing services to validate programs against evolving instruction set architectures (ISAs) without having to modify the core analysis engine. SHARP achieves this by ingesting ISA descriptions as standalone data, making the validation engine resilient to hardware updates. Furthermore, the framework employs an analysis-driven validation mechanism that enables multi-stage validation, simplifying rule construction and enhancing extensibility. We demonstrate how SHARP supports hardware-specific validation tasks and discuss its impact on quantum software development, including language decoupling, program-level constraint validation, and feature access control. Our findings suggest that SHARP provides a path toward a scalable and maintainable programming interface for quantum computing.","2025-09-30","2026-07-02 19:57:59","2026-07-10 01:02:51","","759-765","","","01","","","","","","","","","","","","","","","","","Journal Abbreviation: 2025 IEEE International Conference on Quantum Computing and Engineering (QCE)","","","","Software; Programming; Quantum computing; Software development management; Hardware; quantum software; Computer architecture; Access control; Engines; Extensibility; hardware-configurable validation; quantum computing service; rule-based system; static analysis; Static analysis","","","","","","","","","","","","","","","","","","","","","","","","","","","","","","","","2025 IEEE International Conference on Quantum Computing and Engineering (QCE)","","","","","","","","","","","","","","",""
"HS8H8UHP","journalArticle","2026","J. Drewniok; M. Walter; S. Sze Hang Ng; K. Walus; R. Wille","QuickCell: Fast Automatic Design of Standard Cells for Silicon Dangling Bond Logic","IEEE Transactions on Computer-Aided Design of Integrated Circuits and Systems","","1937-4151","10.1109/TCAD.2025.3605537","","In recent years, Silicon Dangling Bond (SiDB) logic has emerged as a promising beyond-CMOS technology due to its integration density and operating frequency. This advancement is driving the development of comprehensive design automation workflows, including physical simulators and gate design tools. Unlike conventional circuit technology, where logic is implemented through transistors, SiDB logic utilizes quantum dots with variable charge states. By strategically arranging these dots, standard logic functions like or, and, nand, and so on can be implemented, which are usually provided as standard cells in design processes. However, finding such arrangements that implement a given Boolean function is a tremendously complex task that involves considering numerous candidates and verifying them through computationally expensive physical simulation. Hence, the automatic obtainment of SiDB logic layouts is thus far limited to simple two-input functions only, which already require substantial computation resources. In contrast, conventional physical design algorithms for VLSI have long transitioned from single-gate considerations to multiinput standard cells. To address this challenge, this article proposes QuickCell, a fast algorithm for automatic standard cell design for SiDB logic that uses dedicated search space pruning techniques. In an extensive experimental evaluation, it is demonstrated that combining these pruning techniques yields: 1) a drastic reduction of the search space amounting to up to six orders of magnitude; 2) a corresponding decrease of the runtime by up to a factor of 91; 3) the capability to handle more complex functionality, as, for example, utilized in standard cells, for the first time, significantly narrowing the gap between SiDB logic and conventional CMOS design paradigms; and 4) a significant speedup compared to physical simulation (up to a factor of 10000), with near independence from the number of input–output (I/O) pins when determining the nonoperationality of a given layout. This efficiency makes these techniques—and by extension QuickCell—a powerful enabler for the design of complex standard cells.","2026-04","2026-07-02 19:57:59","2026-07-10 00:58:38","","1769-1781","","4","45","","IEEE Transactions on Computer-Aided Design of Integrated Circuits and Systems","","","","","","","","","","","","","","","","","","","Logic gates; Layout; Atomic-scale computing; design space pruning; Electric potential; Electrostatics; Libraries; Logic; Logic design; Pins; silicon dangling bonds (SiDBs); standard cell design methodology; Standards; Wire","","","","","","","","","","","","","","","","","","","","","","","","","","","","","","","","","","","","","","","","","","","","","","",""
"I3GT4T8W","journalArticle","2026","J. Yu; Y. Wu; Q. Wang; C. Song; K. Mao; J. Cai","Double-Sided Funnel-Shaped Through Silicon Via Interposer by Wet-Etching Method for Superconducting Quantum Application","IEEE Electron Device Letters","","1558-0563","10.1109/LED.2026.3703907","","In this work, a wet-etching method utilizing the different etch rates on various silicon crystal planes is adopted to fabricate fully superconducting partially-filled double-sided funnel-shaped niobium through silicon via (TSV) with highly smooth sidewall. To evaluate the fabrication quality of TSVs, scanning electron microscopy (SEM), focused ion beam (FIB), and energy dispersive spectroscopy (EDS) are employed to examine the conformality of sputtered Nb and photoresist (PR) on TSV sidewalls for different openings. Daisy chain test vehicle (TV) containing 288 TSVs with 200, 300, and 400μmopening all exhibit highly consistent transition temperature (Tc). Wide-range thermal cycling (TC) under 300-1.68-300K has been performed for 22 times without obvious degradation of superconducting transition property. Moerover, the critical current (Ic) measured using the Gifford-McMahon cryocooler is 354 mA. Based on this structure, the comprehensive simulations are further investigated including novel 3D lumped resonator design with interdigitated capacitor (IDC) and meander inductor, electrical response varied with different opening values, and mechanical stress distribution after TC, providing a useful reference for future 3D quantum processor design.","2026","2026-07-02 19:57:59","2026-07-10 00:58:43","","1-1","","","","","IEEE Electron Device Letters","","","","","","","","","","","","","","","","","","","Routing; Design methodology; Electrons; Filling; Light emitting diodes; Niobium; Resonators; Sputtering; Superconducting; Through-silicon vias; TSV; wet etching; Wet etching","","","","","","","","","","","","","","","","","","","","","","","","","","","","","","","","","","","","","","","","","","","","","","",""
"I7R6UNNK","conferencePaper","2026","L. Burgholzer; D. Haag; Y. Stade; D. Rovara; P. Hopf; R. Wille","Focus Session Paper: The MQT Compiler Collection : A Blueprint for a Future-Proof Quantum-Classical Compilation Framework","2026 Design, Automation & Test in Europe Conference (DATE)","1558-1101","","10.23919/DATE69613.2026.11539504","","As the capabilities of quantum computing hardware continue to rise, algorithms that exploit them are becoming increasingly complex. These developments increase the need for sophisticated compilation frameworks that translate high-level algorithms into executable code. In the past, most solutions were built with a quantum-first approach and handled mostly pure quantum programs without classical elements such as structured control flow. However, developments in quantum algorithms, error correction, and optimization, as well as the integration into high-performance computing (HPC) environments, depend on such classical elements. As quantum-first approaches increasingly struggle to handle these concepts, classical-first approaches are becoming a promising alternative. In this work, we present the MQT Compiler Collection, a blueprint for a future-proof quantum-classical compilation framework built on the Multi-Level Intermediate Representation (MLIR). After years of experience with the quantum-first approach and its shortcomings, we propose a framework that embraces core MLIR concepts to support the full compilation pipeline from high-level algorithms to hardware-specific instructions. The proposed architecture is designed from the ground up to support complex optimizations beyond, e.g., simple gate cancellation. It is publicly available at github.com/munich-quantum-toolkit/core.","2026-04-20","2026-07-02 19:57:59","2026-07-10 00:59:13","","1-7","","","","","","","","","","","","","","","","","","","","Journal Abbreviation: 2026 Design, Automation & Test in Europe Conference (DATE)","","","","Programming; Hardware; Optimization; Qubit; Program processors; High performance computing; Printing; Design methodology; Algorithms; Fluid flow","","","","","","","","","","","","","","","","","","","","","","","","","","","","","","","","2026 Design, Automation & Test in Europe Conference (DATE)","","","","","","","","","","","","","","",""
"NIBUFRUX","conferencePaper","2023","R. K. Ramakrishnan; A. Balaji Ravichandran; S. Talabattula; A. Banerji; N. Lal; S. Mishra; R. P. Singh; P. P. Rohde","Experimental Proposal for Validation of W-state Protocol for Qubits and Qudits","2023 Conference on Lasers and Electro-Optics (CLEO)","2160-8989","","","","This paper presents an experimental scheme to validate W-state encoding, a passive linear optics error-correction scheme for qubits and qudits. We use the orbital angular momentum of photons to realize qubits and qudits.","2023-05-07","2026-07-02 19:57:59","2026-07-10 01:01:17","","1-2","","","","","","","","","","","","","","","","","","","","Journal Abbreviation: 2023 Conference on Lasers and Electro-Optics (CLEO)","","","","Scalability; Protocols; Qubit; Encoding; Laser modes; Optics; Orbital calculations","","","","","","","","","","","","","","","","","","","","","","","","","","","","","","","","2023 Conference on Lasers and Electro-Optics (CLEO)","","","","","","","","","","","","","","",""
"EI6JBP5T","conferencePaper","2023","Á. M. Aparicio-Morales; J. L. Herrera; E. Moguel; J. Berrocal; J. Garcia-Alonso; J. M. Murillo","Minimizing Deployment Cost of Hybrid Applications","2023 IEEE International Conference on Quantum Computing and Engineering (QCE)","","","10.1109/QCE57702.2023.10209","","Within Quantum Software Engineering, the development of hybrid classical-quantum applications is an active research topic. Concretely, there is a focus on the usage of microservices architectures to offer quantum functionalities through classical service gateways. However, while there are methodologies and tools to automatically determine the best deployment for classical applications, this is not the case for hybrid applications, which are especially complicated to deploy due to their specific quantum-requirements. In this paper, we propose Cost Minimizer, a tool to determine the most cost-effective classical and quantum machines to deploy hybrid microservice-based applications. We believe Cost Minimizer will be a step towards achieving a better interaction between classical and quantum computing systems.","2023-09-17","2026-07-02 19:57:59","2026-07-10 00:56:41","","191-194","","","02","","","","","","","","","","","","","","","","","Journal Abbreviation: 2023 IEEE International Conference on Quantum Computing and Engineering (QCE)","","","","Quantum computing; Software engineering; Logic gates; Computer architecture; Costs; Cost Minimizer; Microservice architectures; Quantum; Software Engineering","","","","","","","","","","","","","","","","","","","","","","","","","","","","","","","","2023 IEEE International Conference on Quantum Computing and Engineering (QCE)","","","","","","","","","","","","","","",""
"ITMVN64U","conferencePaper","2024","S. Vishwakarma; F. Harkins; S. Golecha; V. S. Bajpe; N. Dupuis; L. Buratti; D. Kremer; I. Faro; R. Puri; J. Cruz-Benito","Qiskit HumanEval: An Evaluation Benchmark for Quantum Code Generative Models","2024 IEEE International Conference on Quantum Computing and Engineering (QCE)","","","10.1109/QCE60285.2024.00137","","Quantum programs are typically developed using quantum Software Development Kits (SDKs). The rapid advancement of quantum computing necessitates new tools to streamline this development process, and one such tool could be Generative Artificial intelligence (GenAI). In this study, we introduce and use the Qiskit HumanEval dataset, a hand-curated collection of tasks designed to benchmark the ability of Large Language Models (LLMs) to produce quantum code using Qiskit – a quantum SDK. This dataset consists of more than 100 quantum computing tasks, each accompanied by a prompt, a canonical solution, a comprehensive test case, and a difficulty scale to evaluate the correctness of the generated solutions. We systematically assess the performance of a set of LLMs against the Qiskit HumanEval dataset's tasks and focus on the models ability in producing executable quantum code. Our findings not only demonstrate the feasibility of using LLMs for generating quantum code but also establish a new benchmark for ongoing advancements in the field and encourage further exploration and development of GenAI-driven tools for quantum code generation.","2024-09-15","2026-07-02 19:57:59","2026-07-10 01:01:40","","1169-1176","","","01","","","","","","","","","","","","","","","","","Journal Abbreviation: 2024 IEEE International Conference on Quantum Computing and Engineering (QCE)","","","","Quantum computing; Software development management; Computational modeling; Benchmark testing; Codes; Large language models; Qiskit; Evaluation benchmarks; Generative AI; HumanEval; Large Language Models; Qiskit HumanEval","","","","","","","","","","","","","","","","","","","","","","","","","","","","","","","","2024 IEEE International Conference on Quantum Computing and Engineering (QCE)","","","","","","","","","","","","","","",""
"9M6VM7CT","journalArticle","2023","J. Guo; M. Ying","Software Pipelining for Quantum Loop Programs","IEEE Transactions on Software Engineering","","1939-3520","10.1109/TSE.2022.3232623","","We propose a method for performing software pipelining on quantum for-loop programs to exploit parallelism in and across iterations. We redefined concepts useful in program optimization, including array aliasing, instruction dependency, and resource conflict required in optimizing quantum programs. Using these concepts, we present a software pipelining framework exploiting instruction-level parallelism in quantum loop programs. This method is further enhanced with several improvements to reduce total gate count and program depth. The optimization method is then evaluated on some popular quantum algorithms like Grover and QAOA, and compared under different configurations and with several baseline compilers. The evaluation results show that our approach can schedule loop programs with depth close to the depth of the entire loop unrolling while generating smaller code sizes and consuming much less time. This is the first step towards optimization of a quantum program with such loop control flow, as far as we know.","2023-04-01","2026-07-02 19:57:59","2026-07-10 00:58:38","","2815-2828","","4","49","","IEEE Transactions on Software Engineering","","","","","","","","","","","","","","","","","","","Software; Logic gates; Optimization; Qubit; Task analysis; Topology; quantum program compilation; Quantum program scheduling; Timing","","","","","","","","","","","","","","","","","","","","","","","","","","","","","","","","","","","","","","","","","","","","","","",""
"ACE5LQZV","conferencePaper","2025","N. Innan; A. Marchisio; M. Bennai; M. Shafique","QFNN-FFD: Quantum Federated Neural Network for Financial Fraud Detection","2025 IEEE International Conference on Quantum Software (QSW)","","","10.1109/QSW67625.2025.00015","","This work introduces a Quantum Federated Neural Network for Financial Fraud Detection (QFNNFFD), an advanced framework merging Quantum Machine Learning (QML) and quantum computing with Federated Learning (FL) for financial fraud detection. Using quantum technologies' computational power and the robust data privacy protections offered by FL, QFNN-FFD emerges as a secure and efficient method for identifying fraudulent transactions within the financial sector. Implementing a dual-phase training model across distributed clients enhances data integrity and enables superior performance metrics, achieving precision rates consistently above 95%. Additionally, QFNN-FFD demonstrates exceptional resilience by maintaining an impressive 80% accuracy, highlighting its robustness and readiness for real-world applications. This combination of high performance, security, and robustness against noise positions QFNN-FFD as a transformative advancement in financial technology solutions and establishes it as a new approach for privacy-focused fraud detection systems. This framework facilitates the broader adoption of secure, quantum-enhanced financial services and inspires future innovations that could use QML to tackle complex challenges in other areas requiring high confidentiality and accuracy.","2025-07-07","2026-07-02 19:57:59","2026-07-10 01:00:50","","41-47","","","","","","","","","","","","","","","","","","","","Journal Abbreviation: 2025 IEEE International Conference on Quantum Software (QSW)","","","","Accuracy; Quantum computing; Computational modeling; Resilience; Noise; Robustness; Quantum Machine Learning; Classification; Finance; Fintech; Fraud; Fraud Detection; Neural networks; Quantum Federated Learning; Quantum Neural Network","","","","","","","","","","","","","","","","","","","","","","","","","","","","","","","","2025 IEEE International Conference on Quantum Software (QSW)","","","","","","","","","","","","","","",""
"JTNAVQZG","conferencePaper","2026","D. Rovara; L. Burgholzer; R. Wille","Quantum Hardware-Efficient Selection of Auxiliary Variables for QUBO Formulations","2026 Design, Automation & Test in Europe Conference (DATE)","1558-1101","","10.23919/DATE69613.2026.11539407","","The Quantum Approximate Optimization Algorithm (QAOA) requires considered optimization problems to be translated into a compatible format. A popular transformation step in this pipeline involves the quadratization of higher-order binary optimization problems, translating them into Quadratic Unconstrained Binary Optimization (QUBO) formulations through the introduction of auxiliary variables. Conventional algorithms for the selection of auxiliary variables often aim to minimize the total number of required variables without taking the constraints of the underlying quantum computer—in particular, the connectivity of its qubits—into consideration. This quickly results in interaction graphs that are incompatible with the target device, resulting in a substantial compilation overhead even with highly optimized compilers. To address this issue, this work presents a novel approach for the selection of auxiliary variables tailored for architectures with limited connectivity. By specifically constructing an interaction graph with a regular structure and a limited maximal degree of vertices, we find a way to construct QAOA circuits that can be mapped efficiently to a variety of architectures. We show that, compared to circuits constructed from a QUBO formulation using conventional auxiliary selection methods, the proposed approach reduces the circuit depth by almost 40%. An implementation of all proposed methods is publicly available at https://github.com/munich-quantum-toolkit/problemsolver.","2026-04-20","2026-07-02 19:57:59","2026-07-10 00:57:38","","1-7","","","","","","","","","","","","","","","","","","","","Journal Abbreviation: 2026 Design, Automation & Test in Europe Conference (DATE)","","","","Hardware; Optimization; Qubit; Circuits; Costs; Printing; Algorithms; Cost function; Costing; Joining processes","","","","","","","","","","","","","","","","","","","","","","","","","","","","","","","","2026 Design, Automation & Test in Europe Conference (DATE)","","","","","","","","","","","","","","",""
"WSCWCKN4","conferencePaper","2026","M. Walter; M. Feldmeier; R. Wille","Exact Synthesis with Optimal Switching Activity","2026 Design, Automation & Test in Europe Conference (DATE)","1558-1101","","10.23919/DATE69613.2026.11539139","","Power consumption is a primary constraint in modern digital circuit design, with switching activity being a major contributor to dynamic power dissipation. While exact synthesis methods guarantee optimality for metrics such as gate count or delay, they typically do not directly target switching activity. This paper presents a novel SAT-based exact synthesis approach designed to minimize switching activity in combinational logic circuits. We extend existing SAT encodings for logic synthesis, incorporating new constraints and variables to model and constrain the switching behavior of the circuit. Different SAT encoding strategies, including BDD-based approaches for handling cardinality constraints, as well as various search algorithms, are explored. Experimental results on NPN benchmark functions demonstrate the effectiveness of the proposed method in identifying circuits with, on average, 6.7% (over 30% in the best case) reduced switching activity compared to traditional exact synthesis techniques, often achieving this reduction with no or minimal area overhead. While runtime remains challenging, this work establishes a foundation for power-aware exact synthesis.","2026-04-20","2026-07-02 19:57:59","2026-07-10 01:00:27","","1-7","","","","","","","","","","","","","","","","","","","","Journal Abbreviation: 2026 Design, Automation & Test in Europe Conference (DATE)","","","","Design automation; Computers; Encoding; Modeling; Printing; Conferences; Logic; Algorithms; Boolean Satisfiability (SAT); EDA; Equations; Exact Synthesis; Logic Synthesis; Low Power Design; Power Minimization; Switches; Switching Activity","","","","","","","","","","","","","","","","","","","","","","","","","","","","","","","","2026 Design, Automation & Test in Europe Conference (DATE)","","","","","","","","","","","","","","",""
"UQ5UPSWY","conferencePaper","2021","R. A. A. Helmi; M. N. Bin Hishamuddin; A. Jamal; M. G. Md Johar; L. F. Sim","Quantum Application: A Smart Cashier-less Shopping Application with Biometric Payment Authentication","2021 IEEE 11th IEEE Symposium on Computer Applications & Industrial Electronics (ISCAIE)","","","10.1109/ISCAIE51753.2021.9431840","","Retailing is an important business activity that enables consumers to buy products and services from different merchants. In 2018, 469024 establishments for wholesale and retail trade had been in the range of Malaysian retail firms. However, currently, Malaysia's retail sector remains in its comfort zone where the technology used in retail shops is obsolete and does not interact with consumers. A sample based on the questionnaire was used, and data from 30 respondents was obtained. The information was gathered and analyzed through a Google form. After testing and analyzing the result from the customer survey feedback form, the respondents agree that this project provides an interactive user interface and swift payment using biometric and interactive notifications for their in-store purchase. The biometric authentication payment is implemented by integrating payment gateway and Microsoft Azure into the server less functions with an accuracy of up to 93.33%. This research provides consumers with an interactive user interface, allowing customers to have biometric payment instead of cash and numerous e-wallet forms.","2021-04-03","2026-07-02 19:57:59","2026-07-10 01:01:14","","157-162","","","","","","","","","","","","","","","","","","","","Journal Abbreviation: 2021 IEEE 11th IEEE Symposium on Computer Applications & Industrial Electronics (ISCAIE)","","","","Logic gates; Authentication; Internet; biometric payment; Biometrics (access control); Industries; mobile application; Productivity; retailing; smart cashier; User interfaces","","","","","","","","","","","","","","","","","","","","","","","","","","","","","","","","2021 IEEE 11th IEEE Symposium on Computer Applications & Industrial Electronics (ISCAIE)","","","","","","","","","","","","","","",""
"L8S7SMKN","conferencePaper","2026","W. Lambooy; J. Drewniok; M. Walter; R. Wille","Mastering the Exponential Complexity of Exact Physical Simulation of Silicon Dangling Bonds","2026 31st Asia and South Pacific Design Automation Conference (ASP-DAC)","2153-697X","","10.1109/ASP-DAC66049.2026.11420323","","Silicon Dangling Bond (SiDB) logic is a promising technology for energy-efficient computation, supported by significant advancements in manufacturing and design automation. However, physical simulation, essential for accurately predicting the behavior of SiDB logic prior to costly manufacturing, lags behind these developments. In particular, exact physical simulation, which scales exponentially with base 3, remains infeasible for larger SiDB assemblies, limiting its utility to small structures such as single gates. This computational bottleneck slows progress in SiDB technology and hinders the establishment of reliable ground truths for heuristic approaches. To address the challenge, this work presents a novel methodology for exact SiDB simulation that restructures the exponential search space according to a hierarchical clustering. The hierarchy structure enables a systematic pruning of the search space at its different levels: it provides an ordering of interactions between clusters of SiDBs to facilitate efficacious exploitation of dynamically-inferred problem-specific constraints-like solving a Sudoku. Experimental results demonstrate that the effective exponential base can be lowered to approximately 1.3, enabling, for the first time, the exact physical simulation of entire multi-gate SiDB circuits in minutes that would take the state of the art millions of years to compute. This breakthrough establishes a robust ground truth for SiDB logic validation, marking a pivotal step toward scalable, energy-efficient, and atomic-scale computing.","2026-01-19","2026-07-02 19:57:59","2026-07-10 01:02:37","","384-390","","","","","","","","","","","","","","","","","","","","Journal Abbreviation: 2026 31st Asia and South Pacific Design Automation Conference (ASP-DAC)","","","","Design automation; Reliability; Circuits; Layout; Complexity theory; Logic; Silicon; Energy efficiency; Search problems; Systematics","","","","","","","","","","","","","","","","","","","","","","","","","","","","","","","","2026 31st Asia and South Pacific Design Automation Conference (ASP-DAC)","","","","","","","","","","","","","","",""
"Q3LQ4X9J","conferencePaper","2023","S. Li; K. D. Nguyen; Z. Clare; Y. Feng","Single-Qubit Gates Matter for Optimising Quantum Circuit Depth in Qubit Mapping","2023 IEEE/ACM International Conference on Computer Aided Design (ICCAD)","1558-2434","","10.1109/ICCAD57390.2023.10323863","","Quantum circuit transformation (QCT, a.k.a. qubit mapping) is a critical step in quantum circuit compilation. Typically, QCT is achieved by finding an appropriate initial mapping and using SWAP gates to route the qubits such that all connectivity constraints are satisfied. The objective of QCT can be to minimise circuit size or depth. Most existing QCT algorithms prioritise minimising circuit size, potentially overlooking the impact of single-qubit gates on circuit depth. In this paper, we first point out that a single SWAP gate insertion can double the circuit depth, and then propose a simple and effective method that takes into account the impact of single-qubit gates on circuit depth. Our method can be combined with many existing QCT algorithms to optimise circuit depth. The Qiskit SABRE algorithm has been widely accepted as the state-of-the-art algorithm for optimising both circuit size and depth. We demonstrate the effectiveness of our method by embedding it in SABRE, showing that it can reduce circuit depth by up to 50% and 27% on average on, for instance, Google Sycamore and 117 real quantum circuits from MQTBench.","2023-11-28","2026-07-02 19:57:59","2026-07-10 01:01:34","","1-9","","","","","","","","","","","","","","","","","","","","Journal Abbreviation: 2023 IEEE/ACM International Conference on Computer Aided Design (ICCAD)","","","","Design automation; Computers; Hardware; Logic gates; Performance evaluation; Qubit; Crosstalk","","","","","","","","","","","","","","","","","","","","","","","","","","","","","","","","2023 IEEE/ACM International Conference on Computer Aided Design (ICCAD)","","","","","","","","","","","","","","",""
"IECGK52S","conferencePaper","2025","J. Zappin; T. Stalnaker; O. Chaparro; D. Poshyvanyk","Bridging the Quantum Divide: Aligning Academic and Industry Goals in Software Engineering","2025 IEEE/ACM International Workshop on Quantum Software Engineering (Q-SE)","","","10.1109/Q-SE66736.2025.00013","","This position paper examines the substantial divide between academia and industry within quantum software engineering. For example, while academic research related to debugging and testing predominantly focuses on a limited subset of primarily quantum-specific issues, industry practitioners face a broader range of practical concerns, including software integration, compatibility, and real-world implementation hurdles. This disconnect mainly arises due to academia's limited access to industry practices and the often confidential, competitive nature of quantum development in commercial settings. As a result, academic advancements often fail to translate into actionable tools and methodologies that meet industry needs. By analyzing discussions within quantum developer forums, we identify key gaps in focus and resource availability that hinder progress on both sides. We propose collaborative efforts aimed at developing practical tools, methodologies, and best practices to bridge this divide, enabling academia to address the application-driven needs of industry and fostering a more aligned, sustainable ecosystem for quantum software development.","2025-05-03","2026-07-02 19:57:59","2026-07-10 00:58:44","","43-47","","","","","","","","","","","","","","","","","","","","Journal Abbreviation: 2025 IEEE/ACM International Workshop on Quantum Software Engineering (Q-SE)","","","","Software; Debugging; Software development management; Software engineering; Quantum mechanics; Testing; Industries; Collaboration; Ecosystems; Faces","","","","","","","","","","","","","","","","","","","","","","","","","","","","","","","","2025 IEEE/ACM International Workshop on Quantum Software Engineering (Q-SE)","","","","","","","","","","","","","","",""
"HGNEH5LB","conferencePaper","2025","F. Pratibha; P. Ganeriwala; N. Mahmud","Integrating Reconfigurable Accelerators with Quantum Computing","2025 IEEE International Conference on Quantum Computing and Engineering (QCE)","","","10.1109/QCE65121.2025.10329","","In hybrid quantum-classical (HQC) computing, the coherent execution of algorithms on quantum and classical resources is a critical challenge. Most HQC algorithms involve iterative exchanges of data between quantum and classical processors, causing system bottlenecks and leading to high latency in applications. In this paper, we propose a novel framework that unifies quantum and reconfigurable resources for HQC algorithms, to mitigate system bottlenecks and latency. The proposed framework integrates Field-Programmable Gate Arrays (FPGAs) with quantum processing units (QPUs) for deploying HQC algorithms. Classical subroutines of the algorithms are accelerated on FPGA fabric using a high-throughput processing pipeline, while quantum subroutines are executed on QPUs. High-level software is used to seamlessly facilitate workload distribution and data exchange between classical and quantum processors. To evaluate the proposed framework, an HQC algorithm, namely variational quantum classification and MNIST dataset are used as a test case. The results demonstrate that the FPGA pipeline achieves up to $8 \times$ improvement in runtime compared to the baseline of a state-of-the-art quantum software framework running on a server-grade CPU.","2025-09-30","2026-07-02 19:57:59","2026-07-10 00:58:09","","256-259","","","02","","","","","","","","","","","","","","","","","Journal Abbreviation: 2025 IEEE International Conference on Quantum Computing and Engineering (QCE)","","","","Software algorithms; Software; Quantum computing; Program processors; Runtime; Iterative algorithms; Classification algorithms; Fabrics; Field programmable gate arrays; Field-Programmable Gate Arrays; Hybrid Quantum-Classical Computing; Pipelines; Reconfigurable Computing","","","","","","","","","","","","","","","","","","","","","","","","","","","","","","","","2025 IEEE International Conference on Quantum Computing and Engineering (QCE)","","","","","","","","","","","","","","",""
"8REJUMEF","conferencePaper","2025","H. Reiter; A. R. Hamid; F. Schlösser; M. B. Kjærgaard; W. Hasselbring","Ecoscape: Fault Tolerance Benchmark for Adaptive Remediation Strategies in Real-Time Edge ML","2025 IEEE International Conference on Quantum Software (QSW)","","","10.1109/QSW67625.2025.00041","","Edge computing offers significant advantages for real-time data processing tasks, such as object recognition, by reducing network latency and bandwidth usage. However, edge environments are susceptible to various types of fault. A remediator is an automated software component designed to adjust the configuration parameters of a software service dynamically. Its primary function is to maintain the service's operational state within predefined Service Level Objectives by applying corrective actions in response to deviations from these objectives. Remediators can be implemented based on the Kubernetes container orchestration tool by implementing remediation strategies such as rescheduling or adjusting application parameters. However, currently, there is no method to compare these remediation strategies fairly. This paper introduces Ecoscape, a comprehensive benchmark designed to evaluate the performance of remediation strategies in fault-prone environments. Using Chaos Engineering techniques, Ecoscape simulates realistic fault scenarios and provides a quantifiable score to assess the efficacy of different remediation approaches. In addition, it is configurable to support domainspecific Service Level Objectives. We demonstrate the capabilities of Ecoscape in edge machine learning inference, offering a clear framework to optimize fault tolerance in these systems without needing a physical edge testbed.","2025-07-07","2026-07-02 19:57:59","2026-07-10 00:58:24","","275-280","","","","","","","","","","","","","","","","","","","","Journal Abbreviation: 2025 IEEE International Conference on Quantum Software (QSW)","","","","Software; Fault tolerance; Fault tolerant systems; Quantum computing; Real-time systems; Benchmark testing; Machine learning; Autoscaling; Benchmark; Edge computing; Edge Computing; Fault Tolerance; Kubernetes; Machine Learning Inference; Object recognition; Real-Time; Refining; Remediation; Scheduling","","","","","","","","","","","","","","","","","","","","","","","","","","","","","","","","2025 IEEE International Conference on Quantum Software (QSW)","","","","","","","","","","","","","","",""
"YLQZ28JC","conferencePaper","2025","M. Strobl; M. Franz; E. Kuehn; W. Mauerer; A. Streit","QML-Essentials–A Framework for Working with Quantum Fourier Models","2025 IEEE International Conference on Quantum Software (QSW)","","","10.1109/QSW67625.2025.00035","","In this work, we propose a framework in the form of a Python package, specifically designed for the analysis of Quantum Machine Learning models. This framework is based on the PennyLane simulator and facilitates the evaluation and training of Variational Quantum Circuits. It provides additional functionality ranging from the ability to add different types of noise to the classical simulation, over different parameter initialisation strategies, to the calculation of expressibility and entanglement for a given model. As an intrinsic property of Quantum Fourier Models, it provides two methods for calculating the corresponding Fourier spectrum: one via the Fast Fourier Transform and another analytical method based on the expansion of the expectation value using trigonometric polynomials. It also provides a set of predefined approaches that allow a fast and straightforward implementation of Quantum Machine Learning models. With this framework, we extend the PennyLane simulator with a set of tools that allow researchers a more convenient start with Quantum Fourier Models and aim to unify the analysis of Variational Quantum Circuits.","2025-07-07","2026-07-02 19:57:59","2026-07-10 01:00:26","","238-243","","","","","","","","","","","","","","","","","","","","Journal Abbreviation: 2025 IEEE International Conference on Quantum Software (QSW)","","","","Quantum circuit; Software; Computational modeling; Integrated circuit modeling; Training; Quantum Computing; Machine learning; Noise; Quantum Machine Learning; Analytical models; Polynomials; Python; Quantum Software Framework","","","","","","","","","","","","","","","","","","","","","","","","","","","","","","","","2025 IEEE International Conference on Quantum Software (QSW)","","","","","","","","","","","","","","",""
"835SBM8E","conferencePaper","2024","D. Ferrari; M. Bandini; M. Amoretti","Execution Management of Distributed Quantum Computing Jobs","2024 IEEE International Conference on Quantum Computing and Engineering (QCE)","","","10.1109/QCE60285.2024.10269","","In a distributed quantum computation, a large quantum circuit gets sliced into sub-circuits that must be executed at the same time on a quantum computing cluster. The interactions between the sub-circuits are usually defined in terms of non-local gates that require shared entangled pairs and classical communication between different nodes. Assuming that multiple end users submit distributed quantum computing (DQC) jobs to the cluster, an execution management problem arises. This is actually a parallel job scheduling problem, in which a set of jobs of varying processing times need to be scheduled on multiple machines while trying to minimize the length of the schedule. In a previous work, we started investigating the problem considering random circuits and approximating the length of each DQC job with the number of layers of the circuit. In this work, we put forward the study by considering a more realistic model for estimating DQC job lengths and by performing evaluations with circuits of practical interest.","2024-09-15","2026-07-02 19:57:59","2026-07-10 00:57:36","","150-154","","","02","","","","","","","","","","","","","","","","","Journal Abbreviation: 2024 IEEE International Conference on Quantum Computing and Engineering (QCE)","","","","Quantum circuit; Quantum entanglement; Logic gates; Computational modeling; Integrated circuit modeling; Quantum networks; Measurement; Processor scheduling; Schedules; Scheduling; distributed quantum computing; execution management; job scheduling; quantum network","","","","","","","","","","","","","","","","","","","","","","","","","","","","","","","","2024 IEEE International Conference on Quantum Computing and Engineering (QCE)","","","","","","","","","","","","","","",""
"U85MA7ZY","conferencePaper","2025","B. Hien; M. Walter; S. Hofmann; R. Wille","A Fully Planar Approach to Field-Coupled Nanocomputing: Scalable Placement and Routing Without Wire Crossings","2025 IEEE 25th International Conference on Nanotechnology (NANO)","1944-9380","","10.1109/NANO63165.2025.11113822","","Field-coupled Nanocomputing (FCN) is a class of promising post-CMOS technologies that transmit information through electric or magnetic fields instead of current flow. They utilize basic building blocks called cells, which can form gates that implement Boolean functions. However, the design constraints for FCN circuits differ significantly from those for CMOS. One major challenge is that wires in FCN have to be realized as gates, i. e., they are constructed from cells and incur the same costs as gates. Additionally, all FCN technologies are fabricated on a single layer, e.g., a silicon surface, requiring all elements-gates and wires-to be placed within that same layer. Consequently, FCN employs special gates, called wire crossings, to enable signals to cross. While existing wirecrossing implementations are complex and were previously considered costly, initial efforts have aimed at minimizing their use. However, recent physical simulations and experiments on a quantum annealing platform have shown that currently used wire crossings in FCN significantly compromise signal stability, to the extent that circuits cannot function reliably. This work addresses that issue by introducing the first placement and routing algorithm that produces fully planar FCN circuits, eliminating the need for all wire crossings. For a comparative evaluation, a state-of-the-art placement and routing algorithm was also modified to enforce planarity. However, our proposed algorithm is more scalable and can handle inputs with up to $149 k$ gates, enabling it to process circuits that are $182 \times$ more complex than those handled by the modified state-of-theart algorithm.","2025-07-13","2026-07-02 19:57:59","2026-07-10 00:57:22","","649-654","","","","","","","","","","","","","","","","","","","","Journal Abbreviation: 2025 IEEE 25th International Conference on Nanotechnology (NANO)","","","","Scalability; Logic gates; Routing; Circuits; Quantum annealing; Silicon; Simulated annealing; Refining; Stability analysis; Wires","","","","","","","","","","","","","","","","","","","","","","","","","","","","","","","","2025 IEEE 25th International Conference on Nanotechnology (NANO)","","","","","","","","","","","","","","",""
"DLT59DU5","conferencePaper","2025","H. Higuchi; Y. Ito; K. Sakamoto; K. Fujii; J. W. Pedersen; A. Yoshikawa","A Quantum Algorithm for Nonlinear Electromagnetic Fluid Dynamics via Koopman-Von Neumann Linearization: 1D Numerical Evaluation Using Qulacs","2025 IEEE International Conference on Quantum Software (QSW)","","","10.1109/QSW67625.2025.00014","","We focus on the electromagnetic fluid dynamics governing plasmas and develop a quantum algorithm for nonlinear partial differential equations. Specifically, we apply Koopman-von Neumann (KvN) linearization to transform the electromagnetic fluid dynamics into a Schrödinger equation. The time evolution of this system is then computed using Hamiltonian simulation via Quantum Singular Value Transformation (QSVT). The proposed quantum algorithm has the potential to significantly reduce computational complexity compared to an ideal classical high-precision scheme, which scales as $O\left(N_{x}^{4}\right)$ where $N_{x}$ is the number of grid points per direction. By leveraging quantum computation, this complexity is reduced to $O\left(N_{x} \log N_{x}\right)$ offering a potential advantage in large-scale simulations. To assess the feasibility and performance of quantum computing in plasma simulations, we implement the proposed quantum algorithm and conduct numerical validations. Specifically, we present results for two test cases: one with a linear solution and the other with a nonlinear solution. As a result, the behavior of composite numerical errors arising from discretization, KvN, and QSVT is elucidated, demonstrating the effectiveness of the proposed quantum algorithm. The novelty of this study lies in the application of a promising quantum algorithm for nonlinear partial differential equations to plasma simulations, along with a concrete numerical evaluation of its computational performance. Furthermore, this work presents a novel direction by identifying a nonlinear, high- degree-of-freedom physical system that can be efficiently solved by a quantum algorithm under theoretical guarantees.","2025-07-07","2026-07-02 19:57:59","2026-07-10 00:58:23","","35-40","","","","","","","","","","","","","","","","","","","","Journal Abbreviation: 2025 IEEE International Conference on Quantum Software (QSW)","","","","Quantum computing; Quantum algorithm; Mathematical models; Electric potential; Object recognition; Computational complexity; Electromagnetics; Fluid dynamics; Hamiltonian simulation; Nonlinear partial differential equations; Partial differential equations; Plasma simulation","","","","","","","","","","","","","","","","","","","","","","","","","","","","","","","","2025 IEEE International Conference on Quantum Software (QSW)","","","","","","","","","","","","","","",""
"IAAVSVKG","conferencePaper","2024","G. Belli; M. Mordacci; M. Amoretti","A Scalable Quantum Neural Network for Approximate Unitary Synthesis","2024 IEEE International Conference on Quantum Computing and Engineering (QCE)","","","10.1109/QCE60285.2024.10251","","In this work, scalable quantum neural networks are introduced to approximate unitary evolutions through the Standard Recursive Block Basis (SRBB) and, subsequently, redesigned with a reduced number of CNOTs. This algebraic approach to the problem of unitary synthesis exploits Lie algebras and their topological features to obtain a continuous parameterization of unitary operators. First, we implemented the recursive construction of the SRBB to provide a starting tool for quickly verifying the mathematical properties needed to guarantee the original scalability scheme, already known to the literature only from a theoretical point of view. Unexpectedly, 2-qubit systems emerge as a special case outside this scheme. Furthermore, we present a method to reduce the number of CNOT gates, thus deriving a new implementable scaling scheme, which requires only one single layer and whose performance has been tested with a variety of different unitary matrices via the PennyLane library.","2024-09-15","2026-07-02 19:57:59","2026-07-10 00:58:16","","49-54","","","02","","","","","","","","","","","","","","","","","Journal Abbreviation: 2024 IEEE International Conference on Quantum Computing and Engineering (QCE)","","","","Scalability; Quantum computing; Logic gates; Solids; Measurement; Libraries; Standards; Neural networks; Quantum Neural Network; Algebra; Approximate Unitary Synthesis; Approximation algorithms; Gate Synthesis; Lie Algebra; Parameterized Quantum Circuit; Variational Quantum Algorithm","","","","","","","","","","","","","","","","","","","","","","","","","","","","","","","","2024 IEEE International Conference on Quantum Computing and Engineering (QCE)","","","","","","","","","","","","","","",""
"UDMI5JSQ","journalArticle","2025","S. Li; X. Zhou; Y. Feng","Benchmarking Quantum Circuit Transformation With QKNOB Circuits","IEEE Transactions on Quantum Engineering","","2689-1808","10.1109/TQE.2025.3527399","","Current superconducting quantum devices impose strict connectivity constraints on quantum circuit execution, necessitating circuit transformation before executing quantum circuits on physical hardware. Numerous quantum circuit transformation (QCT) algorithms have been proposed. To enable faithful evaluation of state-of-the-art QCT algorithms, this article introduces qubit mapping benchmark with known near-optimality (QKNOB), a novel benchmark construction method for QCT. QKNOB circuits have built-in transformations with near-optimal (close to the theoretical optimum) swap count and depth overhead. QKNOB provides general and unbiased evaluation of QCT algorithms. Using QKNOB, we demonstrate that SABRE, the default Qiskit compiler, consistently achieves the best performance on the 53-qubit IBM Q Rochester and Google Sycamore devices for both swap count and depth objectives. Our results also reveal significant performance gaps relative to the near-optimal transformation costs of QKNOB. Our construction algorithm and benchmarks are open-source.","2025","2026-07-02 19:57:59","2026-07-10 01:01:35","","1-15","","","6","","IEEE Transactions on Quantum Engineering","","","","","","","","","","","","","","","","","","","Quantum circuit; Scalability; Logic gates; Performance evaluation; Benchmark testing; Qubit; Quantum mechanics; Costs; Approximation algorithms; Architecture; hardware/software co-design; performance optimization; placement; routing; Transforms","","","","","","","","","","","","","","","","","","","","","","","","","","","","","","","","","","","","","","","","","","","","","","",""
"U259P523","journalArticle","2024","Q. Wang; J. Guan; J. Liu; Z. Zhang; M. Ying","New Quantum Algorithms for Computing Quantum Entropies and Distances","IEEE Transactions on Information Theory","","1557-9654","10.1109/TIT.2024.3399014","","We propose a series of quantum algorithms for computing a wide range of quantum entropies and distances, including the von Neumann entropy, quantum Rényi entropy, trace distance, and fidelity. The proposed algorithms significantly outperform the prior best (and even quantum) ones in the low-rank case, some of which achieve exponential speedups. In particular, for N-dimensional quantum states of rank r, our proposed quantum algorithms for computing the von Neumann entropy, trace distance and fidelity within additive error  $\varepsilon $  have time complexity of  $\tilde {O}(r/\varepsilon ^{2})$ ,  $\tilde {O}(r^{5}/\varepsilon ^{6})$  and  $\tilde {O}(r^{6.5}/\varepsilon ^{7.5})$ , respectively. By contrast, prior quantum algorithms for the von Neumann entropy and trace distance usually have time complexity  $\Omega (N)$ , and the prior best one for fidelity has time complexity  $\tilde {O}(r^{12.5}/\varepsilon ^{13.5})$ . The key idea of our quantum algorithms is to extend block-encoding from unitary operators in previous work to quantum states (i.e., density operators). It is realized by developing several convenient techniques to manipulate quantum states and extract information from them. The advantage of our techniques over the existing methods is that no restrictions on density operators are required; in sharp contrast, the previous methods usually require a lower bound on the minimal non-zero eigenvalue of density operators.","2024-08","2026-07-02 19:57:59","2026-07-10 01:01:12","","5653-5680","","8","70","","IEEE Transactions on Information Theory","","","","","","","","","","","","","","","","","","","Quantum state; Quantum computing; Computational modeling; Quantum algorithm; quantum algorithms; quantum fidelity; Complexity theory; Entropy; quantum entropy; Time complexity; trace distance","","","","","","","","","","","","","","","","","","","","","","","","","","","","","","","","","","","","","","","","","","","","","","",""
"KCIJJUTG","conferencePaper","2024","J. Klamroth; B. Beckert","Bounding Rounding Errors in the Simulation of Quantum Circuits","2024 IEEE International Conference on Quantum Software (QSW)","","","10.1109/QSW62656.2024.00024","","Quantum simulators are a ubiquitous part of quantum software development. This is especially true for the current NISQ-era but will probably remain true for a long time as error-free controlled testing is hardly possible on real devices. However, quantum simulators are implemented in classical languages and thus fall prey to rounding errors. We present bounds on these errors based on the number of gates and qubits alone. This can be crucial to rule out rounding errors prior to executing the circuit. Additionally, we show that these theoretical bounds are sufficient to essentially rule out relevant rounding errors for the simulation of small to medium-sized circuits and even for larger circuits under the assumption that only 1- and 2-qubit gates are used.","2024-07-07","2026-07-02 19:57:59","2026-07-10 00:58:40","","99-106","","","","","","","","","","","","","","","","","","","","Journal Abbreviation: 2024 IEEE International Conference on Quantum Software (QSW)","","","","Quantum circuit; Software; Software development management; Logic gates; Qubit; quantum simulation; Upper bound; Testing; error-bounds; floating-point arithmetic","","","","","","","","","","","","","","","","","","","","","","","","","","","","","","","","2024 IEEE International Conference on Quantum Software (QSW)","","","","","","","","","","","","","","",""
"926VF8UJ","conferencePaper","2021","G. O’Brien; J. A. Clark","Using Genetic Improvement to Retarget quantum Software on Differing Hardware","2021 IEEE/ACM International Workshop on Genetic Improvement (GI)","","","10.1109/GI52543.2021.00015","","Quantum computers are rapidly developing to a point where they can solve problems faster than any classical computation. In addition, competing standards for languages, models and architectures are also being created. These standards are often bespoke and aimed at optimizing around a single algorithm or problem. This can make it very difficult to reuse these them should the original hardware become unavailable or obsolete. We demonstrate a method that can compile circuits more generally across hardware constraints with the use of a genetic improvement inspired search technique that includes a realistic model of the hardware. We show that this method is effective at selecting gates that can be more easily implemented and run compared to generic optimization. This method reduces the total chance of failure. To ensure that these results are practical, empirical results are generated using different IBM hardware and a selection of real algorithms.","2021-05-30","2026-07-02 19:57:59","2026-07-10 00:58:18","","31-38","","","","","","","","","","","","","","","","","","","","Journal Abbreviation: 2021 IEEE/ACM International Workshop on Genetic Improvement (GI)","","","","Software algorithms; Quantum circuit; Software; Computers; Hardware; Quantum Computing; Genetic Improvement; Genetics; Program Synthesis; Tools","","","","","","","","","","","","","","","","","","","","","","","","","","","","","","","","2021 IEEE/ACM International Workshop on Genetic Improvement (GI)","","","","","","","","","","","","","","",""
"C8YL3XA3","conferencePaper","2025","M. Walter; J. Drewniok; R. Wille","The Operational Domain Explorer: A Comprehensive Framework to Unveil the Thermal Landscape of Silicon Dangling Bond Logic Beyond Conventional Operability","2025 IEEE 25th International Conference on Nanotechnology (NANO)","1944-9380","","10.1109/NANO63165.2025.11113672","","As Silicon Dangling Bond (SiDB) logic emerges as a promising beyond-CMOS computing paradigm, evaluating its robustness against fabrication imperfections and thermal noise becomes crucial. The Operational Domain framework provides a foundation for such assessments but overlooks key Figures of Merit (FoMs) such as temperature robustness, alternative input paradigms, and I/O integrity validation. This paper introduces new methodologies that extend operational domains to incorporate these factors, enabling a more comprehensive analysis of SiDB gate stability. Implemented in the open-source Operational Domain Explorer, these methods provide high-resolution robustness evaluations. Our results reveal that critical temperature domains exhibit highly uneven structures, previously thermally unstable gates can function at room temperature under specific material parameters, and enforcing I/O integrity significantly reduces temperature stability. By addressing these overlooked aspects, this work refines SiDB robustness evaluation and provides new insights into optimizing both simulation methodologies and fabrication strategies for more reliable SiDB-based computing architectures.","2025-07-13","2026-07-02 19:57:59","2026-07-10 01:00:27","","28-33","","","","","","","","","","","","","","","","","","","","Journal Abbreviation: 2025 IEEE 25th International Conference on Nanotechnology (NANO)","","","","Logic gates; Pins; Robustness; Silicon; Stability analysis; Fabrication; Temperature; Thermal analysis; Thermal noise; Thermal stability","","","","","","","","","","","","","","","","","","","","","","","","","","","","","","","","2025 IEEE 25th International Conference on Nanotechnology (NANO)","","","","","","","","","","","","","","",""
"6IP4KKF5","journalArticle","2023","D. Ferrari; S. Carretta; M. Amoretti","A Modular Quantum Compilation Framework for Distributed Quantum Computing","IEEE Transactions on Quantum Engineering","","2689-1808","10.1109/TQE.2023.3303935","","For most practical applications, quantum algorithms require large resources in terms of qubit number, much larger than those available with current noisy intermediate-scale quantum processors. With the network and communication functionalities provided by the quantum Internet, distributed quantum computing (DQC) is considered as a scalable approach for increasing the number of available qubits for computational tasks. For DQC to be effective and efficient, a quantum compiler must find the best partitioning for the quantum algorithm and then perform smart remote operation scheduling to optimize Einstein–Podolsky–Rosen (EPR) pair consumption. At the same time, the quantum compiler should also find the best local transformation for each partition. In this article, we present a modular quantum compilation framework for DQC that takes into account both network and device constraints and characteristics. We implemented and tested a quantum compiler based on the proposed framework with some circuits of interest, such as the VQE and QFT ones, considering different network topologies, with quantum processors characterized by heavy-hexagon coupling maps. We also devised a strategy for remote scheduling that can exploit both TeleGate and TeleData operations and tested the impact of using either only TeleGates or both. The evaluation results show that TeleData operations can have a positive impact on the number of consumed EPR pairs, depending on the characteristic of compiled circuit. Meanwhile, choosing a more connected network topology helps reduce the number of layers dedicated to remote operations.","2023","2026-07-02 19:57:59","2026-07-10 00:57:37","","1-13","","","4","","IEEE Transactions on Quantum Engineering","","","","","","","","","","","","","","","","","","","Quantum circuit; Quantum computing; Logic gates; Qubit; Program processors; Distributed quantum computing (DQC); Network topology; quantum compilation; quantum Internet","","","","","","","","","","","","","","","","","","","","","","","","","","","","","","","","","","","","","","","","","","","","","","",""
"FREAQ4N8","conferencePaper","2023","Y. Liu; C. Xu; S. Jin","Reinforcement Learning for Continuous Control: A Quantum Normalized Advantage Function Approach","2023 IEEE International Conference on Quantum Software (QSW)","","","10.1109/QSW59989.2023.00020","","In this study, we present a new approach to quantum reinforcement learning that can handle tasks with a range of continuous actions. Our method uses a quantum version of the classic normalized advantage function (QNAF), only needing the Q-value network created by a quantum neural network and avoiding any policy network. We implemented the method by TensorFlow framework. When tested against standard Gym benchmarks, QNAF outperforms classical NAF and prior quantum methods in terms of fewer adjustable parameters. Furthermore, it shows improved stability, reliably converging regardless of changes in initial random parameters.","2023-07-02","2026-07-02 19:58:00","2026-07-10 01:02:52","","83-87","","","","","","","","","","","","","","","","","","","","Journal Abbreviation: 2023 IEEE International Conference on Quantum Software (QSW)","","","","Quantum state; Software algorithms; Scalability; Quantum entanglement; Software; Reinforcement Learning; Computational efficiency; Parameterized Quantum Circuit; Continuous Action Space; Quantum Computation; Reinforcement learning","","","","","","","","","","","","","","","","","","","","","","","","","","","","","","","","2023 IEEE International Conference on Quantum Software (QSW)","","","","","","","","","","","","","","",""
"GFYCU5EQ","conferencePaper","2025","V. Mardones; S. Sepúlveda","QSimplify, Less is More: Reduction of Quantum Circuits","2025 IEEE CHILEAN Conference on Electrical, Electronics Engineering, Information and Communication Technologies (CHILECON)","2832-1537","","10.1109/CHILECON66915.2025.11476025","","Context: Quantum circuits are highly sensitive to noise and structural limitations, which reduce fidelity in practical applications. Simplifying quantum software is essential to address these challenges. Objective: To assess whether simplifying circuits using equivalent subcircuits reduces errors on real quantum platforms. Method: QSimplify, a prototype, detects and replaces redundant patterns in quantum circuits using an extensible catalog of equivalences. Results: The tool reduced the gate count by 40 % without affecting functionality. In both simulation and hardware, errors varied by $\pm 1 \%$, with no consistent trend related to the number of shots. Conclusion: Automatic structural simplification improves readability and reduces complexity without changing the functionality of the circuit. More detailed evaluations of complex circuits and additional metrics are needed to validate the impact on quantum software quality.","2025-10-28","2026-07-02 19:58:00","2026-07-10 01:02:30","","1-4","","","","","","","","","","","","","","","","","","","","Journal Abbreviation: 2025 IEEE CHILEAN Conference on Electrical, Electronics Engineering, Information and Communication Technologies (CHILECON)","","","","Quantum circuit; Protocols; Quantum circuits; Circuits; Circuits and systems; circuits simplification; Cognitive systems; Communications technology; functional equivalence; HTTP; Information and communication technology; Quantum communication; quantum software quality","","","","","","","","","","","","","","","","","","","","","","","","","","","","","","","","2025 IEEE CHILEAN Conference on Electrical, Electronics Engineering, Information and Communication Technologies (CHILECON)","","","","","","","","","","","","","","",""
"EP8H58CU","conferencePaper","2024","S. Nagarajan; M. Malarvel; T. J","A Framework for Quantum based Software Development Process","2024 International Conference on Advances in Data Engineering and Intelligent Computing Systems (ADICS)","","","10.1109/ADICS58448.2024.10533595","","Quantum software is essential for fully harnessing the capabilities of quantum computing systems. Consequently, it has been garnering growing interest in recent times. This document provides a precise definition of the concept of “quantum software engineering” and presents a comprehensive framework for the life cycle of quantum software. Given the interdisciplinary nature of quantum computing, it is essential to establish a shared understanding of the process for developing and implementing a quantum software application. At present, there isn't a complete methodology or lifecycle that covers every significant stage that could come up along the process of development and execution. That's why we provide the quantum software lifecycle in this document. With this paradigm, practitioners, developers, and scholars have a clear path forward for quantum computing. The provision of a methodical development roadmap for quantum- principles-based software encourages creativity in this quickly expanding subject.","2024-04-18","2026-07-02 19:58:00","2026-07-10 01:01:35","","1-6","","","","","","","","","","","","","","","","","","","","Journal Abbreviation: 2024 International Conference on Advances in Data Engineering and Intelligent Computing Systems (ADICS)","","","","Software algorithms; Software; Quantum computing; Optimization; Quantum algorithm; Machine learning; Error correction; Classical computing; Data engineering; Ethics; Instruments","","","","","","","","","","","","","","","","","","","","","","","","","","","","","","","","2024 International Conference on Advances in Data Engineering and Intelligent Computing Systems (ADICS)","","","","","","","","","","","","","","",""
"VPWMMV34","conferencePaper","2023","N. Quetschlich; L. Burgholzer; R. Wille","Predicting Good Quantum Circuit Compilation Options","2023 IEEE International Conference on Quantum Software (QSW)","","","10.1109/QSW59989.2023.00015","","Any potential application of quantum computing, once encoded as a quantum circuit, needs to be compiled in order to be executed on a quantum computer. Deciding which qubit technology, which device, which compiler, and which corresponding settings are best for the considered problem—according to a measure of goodness—requires expert knowledge and is overwhelming for end-users from different domains trying to use quantum computing to their advantage. In this work, we treat the problem as a statistical classification task and explore the utilization of supervised machine learning techniques to optimize the compilation of quantum circuits. Based on that, we propose a framework that, given a quantum circuit, predicts the best combination of these options and, therefore, automatically makes these decisions for end-users. Experimental evaluations show that, considering a prototypical setting with 3000 quantum circuits, the proposed framework yields promising results: for more than three quarters of all unseen test circuits, the best combination of compilation options is determined. Moreover, for more than 95% of the circuits, a combination of compilation options within the top-three is determined—while the median compilation time is reduced by more than one order of magnitude. Furthermore, the resulting methodology not only provides end-users with a prediction of the best compilation options, but also provides means to extract explicit knowledge from the machine learning technique. This knowledge helps in two ways: it lays the foundation for further applications of machine learning in this domain and, also, allows one to quickly verify whether a machine learning algorithm is reasonably trained. The corresponding framework and the pre-trained classifier are publicly available on GitHub (https://github.com/cda-tum/MQTPredictor) as part of the Munich Quantum Toolkit (MQT).","2023-07-02","2026-07-02 19:58:00","2026-07-10 01:00:50","","43-53","","","","","","","","","","","","","","","","","","","","Journal Abbreviation: 2023 IEEE International Conference on Quantum Software (QSW)","","","","Quantum circuit; Software; Hardware; Qubit; Machine learning; Predictive models; Machine learning algorithms","","","","","","","","","","","","","","","","","","","","","","","","","","","","","","","","2023 IEEE International Conference on Quantum Software (QSW)","","","","","","","","","","","","","","",""
"UEBEYDFN","conferencePaper","2023","J. Ammermann; T. Bittner; D. Eichhorn; I. Schaefer; C. Seidl","Can Quantum Computing Improve Uniform Random Sampling of Large Configuration Spaces?","2023 IEEE/ACM 4th International Workshop on Quantum Software Engineering (Q-SE)","","","10.1109/Q-SE59154.2023.00012","","A software product line models the variability of highly configurable systems. Complete exploration of all valid configurations (the configuration space) is infeasible as it grows exponentially with the number of features in the worst case. In practice, few representative configurations are sampled instead, which may be used for software testing or hardware verification. Pseudo-randomness of modern computers introduces statistical bias into these samples. Quantum computing enables truly random, uniform configuration sampling based on inherently random quantum physical effects. We propose a method to encode the entire configuration space in a superposition and then measure one random sample. We show the method's uniformity over multiple samples and investigate its scale for different feature models. We discuss the possibilities and limitations of quantum computing for uniform random sampling regarding current and future quantum hardware.","2023-05-17","2026-07-02 19:58:00","2026-07-10 00:58:36","","34-41","","","","","","","","","","","","","","","","","","","","Journal Abbreviation: 2023 IEEE/ACM 4th International Workshop on Quantum Software Engineering (Q-SE)","","","","Scalability; Computers; Quantum computing; Computational modeling; Quantum algorithm; Quantum mechanics; Software product lines; Software testing; Uniform sampling","","","","","","","","","","","","","","","","","","","","","","","","","","","","","","","","2023 IEEE/ACM 4th International Workshop on Quantum Software Engineering (Q-SE)","","","","","","","","","","","","","","",""
"DLX7RRCE","conferencePaper","2025","S. Petchartee","A Universal Quantum Compiler GPT: Multi-Framework Optimization and Translation Using Large Language Models","2025 29th International Computer Science and Engineering Conference (ICSEC)","2768-0592","","10.1109/ICSEC67360.2025.11298108","","We present the first universal quantum compiler based on Generative Pre-trained Transformer (GPT) architecture that provides cross-framework optimization and translation capabilities for quantum circuits. Our Quantum Compiler GPT (QC-GPT) unifies four major quantum computing frameworks—Qiskit Terra, Cirq, tket and PyQuil— into a single Al-driven compilation system. The model demonstrates significant improvements in circuit optimization, achieving 23-47% reduction in gate count, 18-35% reduction in circuit depth, and 12-28% improvement in estimated fidelity compared to existing compilers. QC-GPT also enables seamless translation between quantum frameworks with 96.3% accuracy while providing human-readable explanations for optimization decisions. Our approach leverages a quantum-aware transformer architecture with 512M parameters, trained on 104,000 circuit optimization examples across all supported frameworks. This work represents the first successful application of large language models to universal quantum compilation, opening new possibilities for Al-assisted quantum software development.","2025-11-02","2026-07-02 19:58:00","2026-07-10 01:01:36","","58-63","","","","","","","","","","","","","","","","","","","","Journal Abbreviation: 2025 29th International Computer Science and Engineering Conference (ICSEC)","","","","Accuracy; Quantum circuit; Software development management; Translation; Logic gates; Optimization; Transformers; Quantum Compilation; Quantum Computing; Computer architecture; Circuit optimization; Circuit Optimization; Framework Translation; Generative Pre-Trained Transformer","","","","","","","","","","","","","","","","","","","","","","","","","","","","","","","","2025 29th International Computer Science and Engineering Conference (ICSEC)","","","","","","","","","","","","","","",""
"6J5BH948","journalArticle","2022","K. Korzekwa; Z. Puchała; M. Tomamichel; K. Życzkowski","Encoding Classical Information Into Quantum Resources","IEEE Transactions on Information Theory","","1557-9654","10.1109/TIT.2022.3157440","","We introduce and analyse the problem of encoding classical information into different resources of a quantum state. More precisely, we consider a general class of communication scenarios characterised by encoding operations that commute with a unique resource destroying map and leave free states invariant. Our motivating example is given by encoding information into coherences of a quantum system with respect to a fixed basis (with unitaries diagonal in that basis as encodings and the decoherence channel as a resource destroying map), but the generality of the framework allows us to explore applications ranging from super-dense coding to thermodynamics. For any state, we find that the number of messages that can be encoded into it using such operations in a one-shot scenario is upper bounded in terms of the information spectrum relative entropy between the given state and its version with erased resources. Furthermore, if the resource destroying map is the twirling channel over some unitary group, we find matching one-shot lower bounds as well. In the asymptotic setting where we encode into many copies of the resource state, our bounds yield an operational interpretation of resource monotones such as the relative entropy of coherence and its corresponding relative entropy variance.","2022-07","2026-07-02 19:58:00","2026-07-10 00:59:05","","4518-4530","","7","68","","IEEE Transactions on Information Theory","","","","","","","","","","","","","","","","","","","Quantum system; Encoding; Testing; Decoding; Entropy; Extraterrestrial measurements; quantum entanglement; quantum mechanics; Thermodynamics","","","","","","","","","","","","","","","","","","","","","","","","","","","","","","","","","","","","","","","","","","","","","","",""
"YFSDDCEV","conferencePaper","2024","O. Kinanen; A. D. Muñoz-Moller; V. Stirbu; T. Mikkonen","Improving Quantum Developer Experience with Kubernetes and Jupyter Notebooks","2024 IEEE International Conference on Quantum Computing and Engineering (QCE)","","","10.1109/QCE60285.2024.10286","","Quantum computing proposes a revolutionary paradigm that can radically transform numerous scientific and industrial application domains. To realize this promise, new capabilities need software solutions that are able to effectively harness its power. However, developers face significant challenges when developing quantum software due to the high computational demands of simulating quantum computers on classical systems. In this paper, we investigate the potential of using an accessible and cost-efficient manner remote computational capabilities to improve the experience of quantum software developers.","2024-09-15","2026-07-02 19:58:00","2026-07-10 01:00:58","","245-250","","","02","","","","","","","","","","","","","","","","","Journal Abbreviation: 2024 IEEE International Conference on Quantum Computing and Engineering (QCE)","","","","Software; Computers; Quantum computing; Faces; Transforms; developer experience; Jupyter notebook; Quantum software; software development","","","","","","","","","","","","","","","","","","","","","","","","","","","","","","","","2024 IEEE International Conference on Quantum Computing and Engineering (QCE)","","","","","","","","","","","","","","",""
"U92ZTHUU","conferencePaper","2023","Z. Pan; Y. Feng; Z. Li; Y. Liu; Y. Li","Understanding the Impact of Quantum Noise on Quantum Programs","2023 IEEE International Conference on Software Analysis, Evolution and Reengineering (SANER)","2640-7574","","10.1109/SANER56733.2023.00047","","Quantum computing is expected to introduce the next era of computing speed and power, and its software - quantum program is gaining increasing research interest in the software engineering community. A significant characteristic of quantum computing is the existence of noise. Unlike classical computers where the output of a program is usually deterministic, the execution of a quantum program may be affected by quantum noise. Such a difference may cause difficulties or misunderstandings for developers shifting from classical programming to quantum programming. To understand the impact of quantum noise on quantum programs and its implications for software developers, we conduct a series of studies with real-world quantum programs and quantum computing environments. Specifically, we first measure and analyze the noise in a real quantum computer by testing it with a basic quantum program. We find that a non-neglectable amount of quantum noise generally exists in real quantum computers. Then we investigate the robustness of quantum programs against different quantum noises by testing 18 real-world quantum programs and 50,000 randomly generated quantum circuits in simulated and real environments. We observe that quantum noise can significantly influence the correctness of quantum programs, and different quantum circuit structures show diverse sensitivity patterns under the same noise. Based on the observations, we build a machine learning model to predict the fidelity of a quantum program under certain quantum noise. The model achieves a small average fidelity prediction error, meaning the impact of noise can be precisely estimated statistically.","2023-03-21","2026-07-02 19:58:00","2026-07-10 01:03:01","","426-437","","","","","","","","","","","","","","","","","","","","Journal Abbreviation: 2023 IEEE International Conference on Software Analysis, Evolution and Reengineering (SANER)","","","","Software; Computers; Programming; Quantum computing; quantum computing; Machine learning; Predictive models; Robustness; empirical study; quantum noise; quantum software engineering; robustness","","","","","","","","","","","","","","","","","","","","","","","","","","","","","","","","2023 IEEE International Conference on Software Analysis, Evolution and Reengineering (SANER)","","","","","","","","","","","","","","",""
"WTJ92XHF","conferencePaper","2025","A. Tudisco; D. Volpe; G. Turvani","Multi-VQC: A Novel QML Approach for Enhancing Healthcare Classification","2025 IEEE International Conference on Quantum Software (QSW)","","","10.1109/QSW67625.2025.00013","","Accurate and reliable diagnosis of diseases is crucial in enabling timely medical treatment and enhancing patient survival rates. In recent years, Machine Learning has revolutionized diagnostic practices by creating classification models capable of identifying diseases. However, these classification problems often suffer from significant class imbalances, which can inhibit the effectiveness of traditional models. Therefore, the interest in Quantum models has arisen, driven by the captivating promise of overcoming the limitations of the classical counterpart thanks to their ability to express complex patterns by mapping data in a higher-dimensional computational space. This work proposes a novel approach for enhancing the classification performance of Quantum Neural Networks (QNN) consisting of multiple Variational Quantum Circuits (VQCs) arranged sequentially. This strategy increases the nonlinearity of the model by exploiting the measurement operation and improving its ability to capture complex patterns. In this analysis, the proposed method is compared against classical models while varying its degrees of freedom, specifically the number of involved VQCs, on three well-known healthcare datasets - Prostate Cancer, Heart Failure, and Diabetes. The results prove the potential of the quantum model and demonstrate the validity of the proposed approach, showing that its advantage increases with the complexity of the classification.","2025-07-07","2026-07-02 19:58:00","2026-07-10 00:57:04","","28-34","","","","","","","","","","","","","","","","","","","","Journal Abbreviation: 2025 IEEE International Conference on Quantum Software (QSW)","","","","Quantum circuit; Software; Computational modeling; Integrated circuit modeling; Machine learning; Topology; Quantum Machine Learning; Classification; Neural networks; Quantum Neural Network; Cardiovascular diseases; Diabetes; Healthcare; Prostate cancer; Variational Quantum Circuits","","","","","","","","","","","","","","","","","","","","","","","","","","","","","","","","2025 IEEE International Conference on Quantum Software (QSW)","","","","","","","","","","","","","","",""
"SH9SBI3J","conferencePaper","2024","R. Wille; L. Berent; T. Forster; J. Kunasaikaran; K. Mato; T. Peham; N. Quetschlich; D. Rovara; A. Sander; L. Schmid; D. Schönberger; Y. Stade; L. Burgholzer","The MQT Handbook : A Summary of Design Automation Tools and Software for Quantum Computing","2024 IEEE International Conference on Quantum Software (QSW)","","","10.1109/QSW62656.2024.00013","","Quantum computers are becoming a reality and numerous quantum computing applications with a near-term perspective (e.g., for finance, chemistry, machine learning, and optimization) and with a long-term perspective (e.g., for cryptography or unstructured search) are currently being investigated. However, designing and realizing potential applications for these devices in a scalable fashion requires automated, efficient, and user-friendly software tools that cater to the needs of end users, engineers, and physicists at every level of the entire quantum software stack. Many of the problems to be tackled in that regard are similar to design problems from the classical realm for which sophisticated design automation tools have been developed in the previous decades.The Munich Quantum Toolkit (MQT) is a collection of software tools for quantum computing developed by the Chair for Design Automation at the Technical University of Munich which explicitly utilizes this design automation expertise. Our overarching objective is to provide solutions for design tasks across the entire quantum software stack. This entails high-level support for end users in realizing their applications, efficient methods for the classical simulation, compilation, and verification of quantum circuits, tools for quantum error correction, support for physical design, and more. These methods are supported by corresponding data structures (such as decision diagrams or the ZX-calculus) and core methods (such as SAT encodings/solvers). All of the developed tools are available as open-source implementations and are hosted on github.com/cda-tum.Note: A live version of this document is available at mqt.readthedocs.io.","2024-07-07","2026-07-02 19:58:00","2026-07-10 01:01:19","","1-8","","","","","","","","","","","","","","","","","","","","Journal Abbreviation: 2024 IEEE International Conference on Quantum Software (QSW)","","","","Design automation; Quantum computing; Full stack; Task analysis; Reliability engineering; Software reliability; Software tools","","","","","","","","","","","","","","","","","","","","","","","","","","","","","","","","2024 IEEE International Conference on Quantum Software (QSW)","","","","","","","","","","","","","","",""
"RUGYA6WB","conferencePaper","2025","M. Mordacci; M. Amoretti","Training Variational Quantum Circuits Using Particle Swarm Optimization","2025 IEEE International Conference on Quantum Computing and Engineering (QCE)","","","10.1109/QCE65121.2025.10438","","In this work, the Particle Swarm Optimization (PSO) algorithm has been used to train various Variational Quantum Circuits (VQCs). This approach is motivated by the fact that commonly used gradient-based optimization methods can suffer from the barren plateaus problem. PSO is a stochastic optimization technique inspired by the collective behavior of a swarm of birds. The dimension of the swarm, the number of iterations of the algorithm, and the number of trainable parameters can be set. In this study, PSO has been used to train the entire structure of VQCs, allowing it to select which quantum gates to apply, the target qubits, and the rotation angle, in case a rotation is chosen. The algorithm is restricted to choosing from four types of gates: Rx, Ry, Rz, and cNOT. The proposed optimization approach has been tested on various datasets of the MedMNIST, which is a collection of biomedical image datasets designed for image classification tasks. Performance has been compared with the results achieved by classical stochastic gradient descent applied to a predefined VQC. The results show that the PSO can achieve comparable or even better classification accuracy across multiple datasets, despite the PSO using a lower number of quantum gates than the VQC used with gradient descent optimization.","2025-09-30","2026-07-02 19:58:00","2026-07-10 00:59:27","","546-547","","","02","","","","","","","","","","","","","","","","","Journal Abbreviation: 2025 IEEE International Conference on Quantum Computing and Engineering (QCE)","","","","Quantum circuit; Logic gates; Training; Qubit; Neural networks; Quantum Neural Network; Classification algorithms; Birds; Image classification; Optimization methods; Particle swarm optimization; Particle Swarm Optimization; Variational Quantum Circuit","","","","","","","","","","","","","","","","","","","","","","","","","","","","","","","","2025 IEEE International Conference on Quantum Computing and Engineering (QCE)","","","","","","","","","","","","","","",""
"LMYEDVJH","conferencePaper","2023","H. T. Nguyen; M. Usman; R. Buyya","iQuantum: A Case for Modeling and Simulation of Quantum Computing Environments","2023 IEEE International Conference on Quantum Software (QSW)","","","10.1109/QSW59989.2023.00013","","Today’s quantum computers are primarily accessible through the cloud and are expected to be deployed in edge networks in the near future. With the rapid advancement and proliferation of quantum computing research worldwide, there has been a considerable increase in demand for using cloud-based quantum computation resources. This demand has highlighted the need for designing efficient and adaptable resource management strategies and service models for quantum computing. However, the limited quantity, quality, and accessibility of quantum resources pose significant challenges to practical research in quantum software and systems. To address these challenges, we propose iQuantum, a first-of-its-kind simulation toolkit that can model quantum computing environments for prototyping and evaluating system design and scheduling algorithms. This paper presents the quantum computing system model, architectural design, proof-of-concept implementation, potential use cases, and future development of iQuantum. Our proposed iQuantum simulator is anticipated to boost research in quantum software and systems, particularly in the creation and evaluation of policies and algorithms for resource management, job scheduling, and hybrid quantum-classical task orchestration in quantum computing environments integrating edge and cloud resources.","2023-07-02","2026-07-02 19:58:00","2026-07-10 00:58:25","","21-30","","","","","","","","","","","","","","","","","","","","Journal Abbreviation: 2023 IEEE International Conference on Quantum Software (QSW)","","","","Software algorithms; Software; Computers; Quantum computing; Computational modeling; quantum computing; Adaptation models; hybrid quantum computing; quantum cloud modeling; quantum job scheduling; Scheduling algorithms; simulation","","","","","","","","","","","","","","","","","","","","","","","","","","","","","","","","2023 IEEE International Conference on Quantum Software (QSW)","","","","","","","","","","","","","","",""
"3TLVKL3M","conferencePaper","2021","H. -C. Cheng; A. Winter; N. Yu","Discrimination of quantum states under locality constraints in the many-copy setting","2021 IEEE International Symposium on Information Theory (ISIT)","","","10.1109/ISIT45174.2021.9518100","","We study the discrimination of a pair of orthogonal quantum states in the many-copy setting. This is not a problem when arbitrary quantum measurements are allowed, as then the states can be distinguished perfectly even with one copy. However, it becomes highly nontrivial when we consider states of a multipartite system and locality constraints are imposed. We hence focus on the restricted families of measurements such as local operation and classical communication (LOCC), separable operations (SEP), and the positive-partial-transpose operations (PPT) in this paper. We first study asymptotic discrimination of an arbitrary multipartite entangled pure state against its orthogonal complement using LOCC/SEP/PPT measurements. We prove that the incurred optimal average error probability always decays exponentially in the number of copies, by proving upper and lower bounds on the exponent. In the special case of discriminating a maximally entangled state against its orthogonal complement, we determine the explicit expression for the optimal average error probability, thus establishing the associated Chernoff exponent. Our technique is based on the idea of using PPT operations to approximate LOCC. Then, we show an infinite asymptotic separation between SEP and PPT operations by providing a pair of states constructed from an unextendible product basis (UPB): they can be distinguished perfectly by PPT measurements, while the optimal error probability using SEP measurements admits an exponential lower bound. On the technical side, we prove this result by providing a quantitative version of the well-known statement that the tensor product of UPBs is UPB.","2021-07-12","2026-07-02 19:58:00","2026-07-10 00:58:23","","1188-1193","","","","","","","","","","","","","","","","","","","","Journal Abbreviation: 2021 IEEE International Symposium on Information Theory (ISIT)","","","","Quantum state; Quantum entanglement; Error probability; Measurement uncertainty; Tensors; Information theory","","","","","","","","","","","","","","","","","","","","","","","","","","","","","","","","2021 IEEE International Symposium on Information Theory (ISIT)","","","","","","","","","","","","","","",""
"DTG558AX","conferencePaper","2025","M. Nadim; M. Hassan; A. K. Mandal; C. K. Roy","Quantum Vs. Classical Machine Learning Algorithms for Software Defect Prediction: Challenges and Opportunities","2025 IEEE/ACM International Workshop on Quantum Software Engineering (Q-SE)","","","10.1109/Q-SE66736.2025.00012","","Software defect prediction is a critical aspect of software quality assurance, as it enables early identification and mitigation of defects, thereby reducing the cost and impact of software failures. Over the past few years, quantum computing has risen as an exciting technology capable of transforming multiple domains; Quantum Machine Learning (QML) is one of them. QML algorithms harness the power of quantum computing to solve complex problems with better efficiency and effectiveness than their classical counterparts. However, research into its application in software engineering to predict software defects still needs to be explored. In this study, we worked to fill the research gap by comparing the performance of three QML and five classical machine learning (CML) algorithms on the 20 software defect datasets. Our investigation reports the comparative scenarios of QML vs. CML algorithms and identifies the better-performing and consistent algorithms to predict software defects. We also highlight the challenges and future directions of employing QML algorithms in real software defect datasets based on the experience we faced while performing this investigation. The findings of this study can help practitioners and researchers further progress in this research domain by making software systems reliable and bug-free.","2025-05-03","2026-07-02 19:58:00","2026-07-10 00:59:29","","35-42","","","","","","","","","","","","","","","","","","","","Journal Abbreviation: 2025 IEEE/ACM International Workshop on Quantum Software Engineering (Q-SE)","","","","Software algorithms; Software; Quantum computing; Software engineering; Machine learning; Software Defect Prediction; Software quality; Quantum Machine Learning; Machine learning algorithms; Software reliability; Classical Machine Learning; Feature Selection; Hybrid Quantum-Classical Models; Prediction algorithms; Software systems","","","","","","","","","","","","","","","","","","","","","","","","","","","","","","","","2025 IEEE/ACM International Workshop on Quantum Software Engineering (Q-SE)","","","","","","","","","","","","","","",""
"G69HNDMQ","conferencePaper","2024","A. Sander; I. -A. Florea; L. Burgholzer; R. Wille","Stripping Quantum Decision Diagrams of their Identity","2024 IEEE International Conference on Quantum Software (QSW)","","","10.1109/QSW62656.2024.00032","","Classical representations of quantum states and operations as vectors and matrices are plagued by an exponential growth in memory and runtime requirements for increasing system sizes. Based on their use in classical computing, an alternative data structure known as Decision Diagrams (DDs) has been proposed, which, in many cases, provides both a more compact representation and more efficient computation. In the classical realm, decades of research have been conducted on DDs and numerous variations tailored for specific applications exist. However, DDs for quantum computing are just in their infancy and there is still room for tailoring them to this new technology. In particular, existing representations of DDs require extending all operations in a quantum circuit to the full system size through extension by nodes representing identity matrices. In this work, we make an important step forward for quantum DDs by stripping these identity structures from quantum operations. This significantly reduces the number of nodes required to represent them as well as eases the pressure on key building blocks of their implementation. As a result, we obtain a structure that is more natural for quantum computing and significantly speeds up computations—with a runtime improvement of up to 70 × compared to the state-of-the-art.","2024-07-07","2026-07-02 19:58:00","2026-07-10 00:57:02","","168-174","","","","","","","","","","","","","","","","","","","","Journal Abbreviation: 2024 IEEE International Conference on Quantum Software (QSW)","","","","Quantum state; Vectors; Software; Quantum Computing; Memory management; Runtime; Quantum Circuit Simulation; Circuit simulation; Data structures; Decision Diagrams","","","","","","","","","","","","","","","","","","","","","","","","","","","","","","","","2024 IEEE International Conference on Quantum Software (QSW)","","","","","","","","","","","","","","",""
"RKGTP7U2","conferencePaper","2021","R. Shaydulin; K. Marwaha; J. Wurtz; P. C. Lotshaw","QAOAKit: A Toolkit for Reproducible Study, Application, and Verification of the QAOA","2021 IEEE/ACM Second International Workshop on Quantum Computing Software (QCS)","","","10.1109/QCS54837.2021.00011","","Understanding the best known parameters, performance, and systematic behavior of the Quantum Approximate Optimization Algorithm (QAOA) remain open research questions, even as the algorithm gains popularity. We introduce QAOAKit, a Python toolkit for the QAOA built for exploratory research. QAOAKit is a unified repository of preoptimized QAOA parameters and circuit generators for common quantum simulation frameworks. We combine, standardize, and cross-validate previously known parameters for the MaxCut problem, and incorporate this into QAOAKit. We also build conversion tools to use these parameters as inputs in several quantum simulation frameworks that can be used to reproduce, compare, and extend known results from various sources in the literature. We describe QAOAKit and provide examples of how it can be used to reproduce research results and tackle open problems in quantum optimization.","2021-11-15","2026-07-02 19:58:00","2026-07-10 01:01:19","","64-71","","","","","","","","","","","","","","","","","","","","Journal Abbreviation: 2021 IEEE/ACM Second International Workshop on Quantum Computing Software (QCS)","","","","Software algorithms; Software; Optimization; Conferences; Systematics; Approximation algorithms; Generators; open quantum software; quantum approximate optimization algorithm","","","","","","","","","","","","","","","","","","","","","","","","","","","","","","","","2021 IEEE/ACM Second International Workshop on Quantum Computing Software (QCS)","","","","","","","","","","","","","","",""
"MPAFUUYD","conferencePaper","2023","R. G. Sundaram; H. Gupta","Distributing Quantum Circuits Using Teleportations","2023 IEEE International Conference on Quantum Software (QSW)","","","10.1109/QSW59989.2023.00030","","Scalability is currently one of the most sought-after objectives in the field of quantum computing. Distributing a quantum circuit across a quantum network is one way to facilitate large computations using current quantum computers. In this paper, we consider the problem of distributing a quantum circuit across a network of heterogeneous quantum computers, while minimizing the number of teleportations (the communication cost) needed to implement gates spanning multiple computers. We design two algorithms for this problem. The first, called Local-Best, initially distributes the qubits across the network, then tries to teleport qubits only when necessary, with teleportations being influenced by gates in the near future. The second, called Zero-Stitching, divides the given circuit into sub-circuits such that each sub-circuit can be executed using zero teleportations and the teleportation cost incurred at the borders of the sub-circuits is minimal. We evaluate our algorithms over a wide range of randomly-generated circuits as well as known benchmarks, and compare their performance to prior work. We observe that our techniques outperform the prior approach by a significant margin (up to 50%).","2023-07-02","2026-07-02 19:58:00","2026-07-10 01:01:16","","186-192","","","","","","","","","","","","","","","","","","","","Journal Abbreviation: 2023 IEEE International Conference on Quantum Software (QSW)","","","","Scalability; Computers; Logic gates; Benchmark testing; Qubit; Teleportation; Costs","","","","","","","","","","","","","","","","","","","","","","","","","","","","","","","","2023 IEEE International Conference on Quantum Software (QSW)","","","","","","","","","","","","","","",""
"VA3W7TFM","conferencePaper","2024","M. Kölle; G. Stenzel; J. Stein; S. Zielinski; B. Ommer; C. Linnhoff-Popien","Quantum Denoising Diffusion Models","2024 IEEE International Conference on Quantum Software (QSW)","","","10.1109/QSW62656.2024.00023","","In recent years, machine learning models like DALL-E, Craiyon, and Stable Diffusion have gained significant attention for their ability to generate high-resolution images from concise descriptions. Concurrently, quantum computing is showing promising advances, especially with quantum machine learning which capitalizes on quantum mechanics to meet the increasing computational requirements of traditional machine learning algorithms. This paper explores the integration of quantum machine learning and variational quantum circuits to augment the efficacy of diffusion-based image generation models. Specifically, we address two challenges of classical diffusion models: their low sampling speed and the extensive parameter requirements. We introduce two quantum diffusion models and benchmark their capabilities against their classical counterparts using MNIST digits, Fashion MNIST, and CIFAR-10. Our models surpass the classical models with similar parameter counts in terms of performance metrics FID, SSIM, and PSNR. Moreover, we introduce a consistency model unitary single sampling architecture that combines the diffusion procedure into a single step, enabling a fast one-step image generation.","2024-07-07","2026-07-02 19:58:00","2026-07-10 00:59:26","","88-98","","","","","","","","","","","","","","","","","","","","Journal Abbreviation: 2024 IEEE International Conference on Quantum Software (QSW)","","","","Computational modeling; Benchmark testing; Computer architecture; Measurement; Quantum Machine Learning; Variational Quantum Circuits; Denoising Diffusion; Diffusion models; Image synthesis; Noise reduction; Quantum Convolutions; Quantum Diffusion Models","","","","","","","","","","","","","","","","","","","","","","","","","","","","","","","","2024 IEEE International Conference on Quantum Software (QSW)","","","","","","","","","","","","","","",""
"L475QZ86","conferencePaper","2022","W. v. d. Schoot; D. Leermakers; R. Wezeman; N. Neumann; F. Phillipson","Evaluating the Q-score of Quantum Annealers","2022 IEEE International Conference on Quantum Software (QSW)","","","10.1109/QSW55613.2022.00017","","We report the Atos Q-score for D-Wave’s quantum devices, classical algorithms and hybrid quantum-classical solver. Computing the Q-score entails solving the Max-Cut problem for increasingly large graphs. This work presents the first computation of the Q-score on a quantum device and shows how these quantum devices compare to classical devices at solving optimisation problems. We use D-Wave’s standard methods out of the box with a time limit of 60 seconds. The Q-score for D-Wave’s 2000Q and Advantage devices are 70 and 140, respectively. The Q-score for two of D-Wave’s classical algorithms, based on tabu search and simulated annealing respectively, are 2,300 and 5,800. Finally, we report the out-of-the-box hybrid approach to have a Q-score of 12,500.","2022-07-10","2026-07-02 19:58:00","2026-07-10 01:02:37","","9-16","","","","","","","","","","","","","","","","","","","","Journal Abbreviation: 2022 IEEE International Conference on Quantum Software (QSW)","","","","Software algorithms; Software; Quantum computing; Benchmark testing; Annealing; quantum annealing; Quantum annealing; Standards; Simulated annealing; application-oriented benchmarks; D-Wave; Max-Cut.; Q-score","","","","","","","","","","","","","","","","","","","","","","","","","","","","","","","","2022 IEEE International Conference on Quantum Software (QSW)","","","","","","","","","","","","","","",""
"2L9FD6H2","conferencePaper","2024","K. J. Mesman; F. Battistel; E. Reehuis; D. d. Jong; M. J. Tiggelman; J. Gloudemans; J. C. v. Oven; C. C. Bultink","Q-Profile: Profiling Tool for Quantum Control Stacks applied to the Quantum Approximate Optimization Algorithm","2024 IEEE International Conference on Quantum Software (QSW)","","","10.1109/QSW62656.2024.00026","","Scaling up the number of qubits and accelerating quantum algorithms are important steps towards reaching quantum advantage. This poses heavy demands, as pulses need to be distributed to an increasing number of control channels and variational algorithms require rapid interleaving of quantum and classical computation. Assessing the bottlenecks in the control stack is therefore key to prepare it for reaching quantum advantage. However, existing benchmark suites suffer from indirect access to control hardware, limiting accuracy. In this work, we present Q-Profile, a tool to profile quantum control stacks using a direct connection from the host CPU to the control stack, providing fine accuracy in measuring runtime and allowing to identify performance bottlenecks. We demonstrate our tool by benchmarking the Quantum Approximate Optimization Algorithm on a Qblox Cluster for a virtual 4 to 14-qubit transmon system and identify the major execution bottlenecks. We estimate a 1.40x total runtime speedup by using an active qubit reset, and demonstrate a further 1.37x speedup by parallel control module initialization. The presented method of profiling is included in the open-source Quantify quantum control software, making it applicable to other control-stack providers and to other benchmarks, while still providing detailed information. By extension, this tool will enable identifying and eliminating bottlenecks for future quantum acceleration.","2024-07-07","2026-07-02 19:58:00","2026-07-10 00:59:05","","116-124","","","","","","","","","","","","","","","","","","","","Journal Abbreviation: 2024 IEEE International Conference on Quantum Software (QSW)","","","","Software algorithms; Accuracy; NISQ; Benchmark testing; Qubit; Quantum algorithm; Benchmarking; Runtime; Accelerating; Profiling; Quantum advantage; Quantum control stacks","","","","","","","","","","","","","","","","","","","","","","","","","","","","","","","","2024 IEEE International Conference on Quantum Software (QSW)","","","","","","","","","","","","","","",""
"WIYDGPFY","conferencePaper","2023","C. Liang; Z. Li; M. Zhang; L. Han","A Superconducting Quantum Chip Architecture Design Method for Quantum Programs","2023 3rd International Symposium on Computer Technology and Information Science (ISCTIS)","","","10.1109/ISCTIS58954.2023.10213168","","In the field of superconducting quantum computing, chip architecture design is an important research direction. Currently, most chips are designed for general-purpose architectures, and the fixed connection structure is difficult to ensure the flexibility of mapping, adding extra gate operations and affecting the execution efficiency of different quantum programs. To this end, this paper proposes a superconducting quantum chip architecture design method for quantum programs. The method aims at reducing the number of gates after mapping, and generates a chip architecture with higher fitness by combining the two-qubit gate information of quantum programs through an improved genetic algorithm. The experimental results show that the chip architecture generated by this method outperforms two 2 * 8 scale square lattice generic architectures in 33 test samples, with an average reduction of 35.3 % and 17.9% in the total number of gates optimized, respectively, which verifies the effectiveness of this method.","2023-07-07","2026-07-02 19:58:00","2026-07-10 00:57:29","","1115-1121","","","","","","","","","","","","","","","","","","","","Journal Abbreviation: 2023 3rd International Symposium on Computer Technology and Information Science (ISCTIS)","","","","Quantum computing; Hardware; Logic gates; Genetic Algorithm; Computer architecture; Lattices; Design methodology; Chip Architecture; component; Information science; Quantum Program; qubit gate; Superconducting Quantum Computing","","","","","","","","","","","","","","","","","","","","","","","","","","","","","","","","2023 3rd International Symposium on Computer Technology and Information Science (ISCTIS)","","","","","","","","","","","","","","",""
"3CZUPTZW","conferencePaper","2023","P. Spoletini","Towards Quantum Requirements Engineering","2023 IEEE 31st International Requirements Engineering Conference Workshops (REW)","2770-6834","","10.1109/REW57809.2023.00072","","Quantum computing is rapidly transitioning from a scientific curiosity to an industrial reality, offering the potential to overcome classical computation limitations. This shift has given rise to the field of quantum software engineering (QSE), focused on developing novel approaches for engineering large-scale quantum applications. Traditional software engineering methods fall short in addressing the unique characteristics of quantum computing, necessitating innovative QSE methodologies and tools. While progress has been made in testing and debugging quantum programs, very little work has been done on analyzing if and how existing requirements engineering techniques can address the challenges that designing quantum software raises. This paper discusses some of the challenges for requirements engineers while eliciting requirements for quantum software, modeling the collected requirements, and analyzing them, and introduces some initial solutions for eliciting, modeling, and analyzing quantum requirements.","2023-09-04","2026-07-02 19:58:00","2026-07-10 01:01:03","","371-374","","","","","","","","","","","","","","","","","","","","Journal Abbreviation: 2023 IEEE 31st International Requirements Engineering Conference Workshops (REW)","","","","Software; Quantum computing; Debugging; Computational modeling; Quantum Computing; Conferences; Analytical models; Model Checking; Oral communication; Quantum Finite State Machines; Requirements Elicitation; Requirements Modeling","","","","","","","","","","","","","","","","","","","","","","","","","","","","","","","","2023 IEEE 31st International Requirements Engineering Conference Workshops (REW)","","","","","","","","","","","","","","",""
"T2GC5ZTY","conferencePaper","2024","Z. Morrell; M. Vuffray; S. Misra; C. Coffrin","QuantumAnnealing: A Julia Package for Simulating Dynamics of Transverse Field Ising Models","2024 IEEE International Conference on Quantum Computing and Engineering (QCE)","","","10.1109/QCE60285.2024.00096","","Analog Quantum Computers are promising tools for improving performance on applications such as modeling behavior of quantum materials, providing fast heuristic solutions to optimization problems, and simulating quantum systems. Due to the challenges of simulating dynamic quantum systems, there are relatively few classical tools for modeling the behavior of these devices and verifying their performance. QuantumAnnealing.jl provides a toolkit for performing simulations of Analog Quantum Computers on classical hardware. This package includes functionality for simulation of the time evolution of the Transverse Field Ising Model, replicating annealing schedules used by real world annealing hardware, implementing custom annealing schedules, and more. This allows for rapid prototyping of models expected to display interesting behavior, verification of the performance of quantum devices, and easy comparison against the expected behavior of quantum devices against classical approaches for small systems. The software is provided as open-source and is available through Julia's package registry system.","2024-09-15","2026-07-02 19:58:00","2026-07-10 01:03:01","","764-773","","","01","","","","","","","","","","","","","","","","","Journal Abbreviation: 2024 IEEE International Conference on Quantum Computing and Engineering (QCE)","","","","Software; Computers; Hardware; Performance evaluation; Quantum system; Computational modeling; Quantum annealing; Schedules; Simulated annealing; Quantum Software; Analog Quantum Computing; Julia; Quantum Annealing; Quantum Simulation; Time-varying systems","","","","","","","","","","","","","","","","","","","","","","","","","","","","","","","","2024 IEEE International Conference on Quantum Computing and Engineering (QCE)","","","","","","","","","","","","","","",""
"9YQL55Z6","conferencePaper","2024","M. M. Louamri; N. e. Belaloui; A. Tounsi; M. T. Rouabah","Comparative Study of Quantum Transpilers: Evaluating the Performance of Qiskit-Braket-Provider, qBraid-SDK, and Pytket Extensions","2024 1st International Conference on Innovative and Intelligent Information Technologies (IC3IT)","","","10.1109/IC3IT63743.2024.10869429","","In this study, we present a comprehensive evaluation of popular SDK-to-SDK quantum transpilers (that is transpilers that takes a quantum circuit from an initial SDK and output a quantum circuit in another SDK), focusing on critical metrics such as correctness, failure rate, and transpilation time. To ensure unbiased evaluation and accommodate diverse quantum computing scenarios, we developed two dedicated tools: RandomQC, for generating random quantum circuits across various types (pure random, VQE-like, and SDK-specific circuits), and Benchmarq, to streamline the benchmarking process. Using these tools, we benchmarked prominent quantum transpilers as of February 2024. Our results highlight the superior performance of the qiskit-braket-provider, a specialized transpiler from Qiskit to Braket, achieving a remarkably low failure rate of 0. 2 %. The qBraid-SDK, offering generalized transpilation across multiple SDKs, demonstrated robust but slower performance. The pytket extensions, while fast, faced limitations with complex circuits due to their one-to-one transpilation approach. In particular, the exceptional performance of the qiskit-bracket-provider stems not only from its specialization but also from its architecture, which combines one-to-one transpilation with gate decomposition for unsupported gates, enhancing both speed and capability. This study aims to provide practical guidelines to users of SDK-to-SDK quantum transpilers and guidance to developers for improving the design and development of future tools.","2024-12-03","2026-07-02 19:58:00","2026-07-10 00:59:27","","1-6","","","","","","","","","","","","","","","","","","","","Journal Abbreviation: 2024 1st International Conference on Innovative and Intelligent Information Technologies (IC3IT)","","","","Quantum circuit; Software; Hardware; Logic gates; Benchmark testing; quantum computing; Computer architecture; Measurement; Program processors; Guidelines; Information technology; quantum software interoperability; SDK-to-SDK quantum transpilation","","","","","","","","","","","","","","","","","","","","","","","","","","","","","","","","2024 1st International Conference on Innovative and Intelligent Information Technologies (IC3IT)","","","","","","","","","","","","","","",""
"XYNALK6V","conferencePaper","2026","L. Schmid; K. Staudacher; R. Wille","Alternating ZX Circuit Extraction for Hardware-Adaptive Compilation","2026 Design, Automation & Test in Europe Conference (DATE)","1558-1101","","10.23919/DATE69613.2026.11539068","","We present a novel quantum circuit extraction scheme that tightly integrates graph-like ZX diagrams with hardware-adaptive routing. The method utilizes the degrees of freedom during the conversion from a ZX diagram to a quantum circuit (extraction). It alternates between generating multiple extraction options and evaluating them based on hardware constraints, allowing the routing algorithm to inform and guide the extraction process. This feedback loop extends existing graph-like ZX extraction and supports modular integration of different extraction algorithms, routing strategies, and target hardware, making it a versatile building block during compilation. To perform numerical evaluations, a reference instance of the scheme is implemented with SWAP-based routing for neutral atom hardware and evaluated using various benchmark collections on small-to mid-scale circuits. The reference code is available as open-source, allowing fast integration of other extraction and/or routing tools to stimulate further research and foster improvements of the proposed scheme.","2026-04-20","2026-07-02 19:58:00","2026-07-10 00:59:15","","1-7","","","","","","","","","","","","","","","","","","","","Journal Abbreviation: 2026 Design, Automation & Test in Europe Conference (DATE)","","","","Quantum circuit; Hardware; Routing; Qubit; Circuits; Printing; Wire; Algorithms; Wires; Aluminum","","","","","","","","","","","","","","","","","","","","","","","","","","","","","","","","2026 Design, Automation & Test in Europe Conference (DATE)","","","","","","","","","","","","","","",""
"T8DXQ5V5","conferencePaper","2024","J. Romero-Alvarez; J. Alvarado-Valiente; J. Casco-Seco; E. Moguel; J. Garcia-Alonso; J. M. Murillo","Scheduling Process of Quantum Circuits to Optimize Tasks Execution on Quantum Computers","2024 IEEE International Conference on Quantum Computing and Engineering (QCE)","","","10.1109/QCE60285.2024.10275","","Quantum computing holds significant potential across various fields such as cybersecurity, finance, and health-care, among many others. However, we currently face multiple limitations such as the low availability of computers, the underutilization of available qubits, and the ever-increasing number of users, which results in prolonged waiting times. This, combined with the cost of executions, limits access to quantum computing. To address these challenges, we propose a scheduling process to optimize task execution on quantum computers. The proposed scheduling process unifies multiple circuits to enhance the efficiency of resource utilization in quantum machines. This approach allows for better use of available qubits and reduces the associated execution costs. We validate the proposed method employing various quantum algorithms by systematically examining the scheduling process through a comparative case study between two quantum service providers: IBM Quantum and Amazon Braket. This validation has shown that the scheduling process does not generate a significant impact on the results, ensuring similar results to single circuit executions with a fraction of the cost.","2024-09-15","2026-07-02 19:58:00","2026-07-10 00:58:42","","182-186","","","02","","","","","","","","","","","","","","","","","Journal Abbreviation: 2024 IEEE International Conference on Quantum Computing and Engineering (QCE)","","","","Quantum circuit; Software; Computers; Quantum computing; Qubit; Quantum Computing; Quantum algorithm; Costs; Processor scheduling; Scheduling; Quantum Circuit Scheduling; Quantum Software Engineering; Resource management","","","","","","","","","","","","","","","","","","","","","","","","","","","","","","","","2024 IEEE International Conference on Quantum Computing and Engineering (QCE)","","","","","","","","","","","","","","",""
"J8BTSKLH","conferencePaper","2025","J. Alvarado-Valiente; J. Romero-Alvarez; J. Casco-Seco; E. Moguel; J. Garcia-Alonso; J. M. Murillo","A Service for the Parallelization of Quantum Circuits","2025 IEEE CHILEAN Conference on Electrical, Electronics Engineering, Information and Communication Technologies (CHILECON)","2832-1537","","10.1109/CHILECON66915.2025.11476574","","Current quantum computing platforms often exhibit suboptimal hardware utilization, with most circuits engaging only a fraction of the available qubits. This inefficiency inflates execution costs, extends queueing times, and hampers scalability, particularly in shared, cloud-based environments. This paper introduces a service-oriented architecture for the parallel execution of quantum circuits that jointly schedules and executes logically independent circuits within a single task. The service supports multiple configurable scheduling policies, based on criteria such as circuit depth, number of qubits, and number of shots, and ensures logical separation of circuits with accurate result demultiplexing. Extensive validation on real quantum hardware, including IBM and AWS processors, demonstrates significant improvements: task submission reductions of up to 95%, cost savings of up to 93%, and fidelity levels exceeding 97% even under high utilization. This solution offers a reusable, extensible approach that enhances resource efficiency and performance in Quantum Computing as a Service platforms.","2025-10-28","2026-07-02 19:58:00","2026-07-10 00:58:35","","1-4","","","","","","","","","","","","","","","","","","","","Journal Abbreviation: 2025 IEEE CHILEAN Conference on Electrical, Electronics Engineering, Information and Communication Technologies (CHILECON)","","","","Quantum circuit; Quantum Computing; Circuits; Circuits and systems; Communications technology; Information and communication technology; Quantum communication; Quantum Software Engineering; Circuit synthesis; Parallel Execution; Quantum Computing as a Service; Service-oriented architecture; Web services","","","","","","","","","","","","","","","","","","","","","","","","","","","","","","","","2025 IEEE CHILEAN Conference on Electrical, Electronics Engineering, Information and Communication Technologies (CHILECON)","","","","","","","","","","","","","","",""
"QSGVG3YS","conferencePaper","2025","S. Afrose; V. Leyton-Ortega; T. Humble","Learning-Based Quantum Compilation: Translating QASM to QIR with CodeBERT","2025 IEEE International Conference on Quantum Computing and Engineering (QCE)","","","10.1109/QCE65121.2025.10453","","We propose a learning-based approach to quantum compilation by translating OpenQASM to Quantum Intermediate Representation (QIR) using a fine-tuned CodeBERT model. Trained on 10,000 synthetic QASM-QIR pairs, the model captures code semantics while addressing QIR verbosity and the 512-token limit via a custom token compression scheme. Finetuning was performed on the Frontier supercomputer, with results showing syntactic correctness and stable validation loss reduction. Our method moves toward enabling flexible, language-modeldriven quantum software tools. It also introduces syntax error handling and the possibility of incorporating classical control constructs, addressing limitations in existing rule-based compilers like qBraid-QIR. While the current model has been validated on quantum-only circuits, we propose future evaluations on hybrid quantum-classical examples. This poster will provide architecture insights, compression examples, training loss plots, and QIR outputs. Our work highlights the potential for scalable, adaptable compilation in future quantum toolchains.","2025-09-30","2026-07-02 19:58:00","2026-07-10 01:01:28","","576-577","","","02","","","","","","","","","","","","","","","","","Journal Abbreviation: 2025 IEEE International Conference on Quantum Computing and Engineering (QCE)","","","","Quantum computing; Integrated circuit modeling; Training; Transformers; Quantum Computing; Program processors; OpenQASM; Syntactics; Semantics; Adaptation models; Software tools; Fine-tuning LLM; Quantum Intermediate Representation; Supercomputers","","","","","","","","","","","","","","","","","","","","","","","","","","","","","","","","2025 IEEE International Conference on Quantum Computing and Engineering (QCE)","","","","","","","","","","","","","","",""
"JR5CCKLN","conferencePaper","2025","L. S. Herzog; L. Burgholzer; C. Ufrecht; D. D. Scherer; R. Wille","Joint Cutting for Hybrid Schrödinger-Feynman Simulation of Quantum Circuits","2025 62nd ACM/IEEE Design Automation Conference (DAC)","","","10.1109/DAC63849.2025.11133287","","Despite the continuous advancements in size and robustness of real quantum devices, reliable large-scale quantum computers are not yet available. Hence, classical simulation of quantum algorithms remains crucial for testing new methods and estimating quantum advantage. Pushing classical simulation methods to their limit is essential, particularly due to their inherent exponential complexity. Besides the established Schrödinger-style full statevector simulation, so-called Hybrid Schrödinger-Feynman (HSF) approaches have shown promise to make simulations more efficient. HSF simulation employs the idea of “cutting” the circuit into smaller parts, reducing their execution times. This, however, comes at the cost of an exponential overhead in the number of cuts. Inspired by the domain of Quantum Circuit Cutting, we propose an HSF simulation method based on the idea of “joint cutting” to significantly reduce the aforementioned overhead. This means that, prior to the cutting procedure, gates are collected into “blocks” and all gates in a block are jointly cut instead of individually. We investigate how the proposed refinement can help decrease simulation times and highlight the remaining challenges. Experimental evaluations show that “joint cutting” can outperform the standard HSF simulation by up to a factor $\approx 4000 \times$ and the Schrödinger-style simulation by a factor $\approx 200 \times$ for suitable instances. The implementation is available at https://github.com/cda-tum/mqt-qsim-joint-cutting.","2025-06-22","2026-07-02 19:58:00","2026-07-10 00:59:15","","1-7","","","","","","","","","","","","","","","","","","","","Journal Abbreviation: 2025 62nd ACM/IEEE Design Automation Conference (DAC)","","","","Design automation; Quantum circuit; Logic gates; Qubit; quantum computing; Quantum algorithm; Testing; circuit cutting; Standards; Robustness; Quantum advantage; classical simulation; hybrid Schrödinger-Feynman; joint cutting; Shape","","","","","","","","","","","","","","","","","","","","","","","","","","","","","","","","2025 62nd ACM/IEEE Design Automation Conference (DAC)","","","","","","","","","","","","","","",""
"C5B3G9QU","conferencePaper","2025","S. Chundury; Z. Xu; A. Shehata; S. Kim; F. Mueller; I. -S. Suh","Quantum Simulators and Applications on Quantum Framework","2025 IEEE International Conference on Quantum Computing and Engineering (QCE)","","","10.1109/QCE65121.2025.10426","","Simulating quantum circuits is essential for validating quantum algorithms. However, no single simulator consistently performs best - efficiency depends on circuit structure, entanglement, and depth. In this work, we integrate Qiskit-Aer (state-vector and matrix product state) and QTensor, a tree-tensor-network based simulator, into the Quantum Framework (QFw), a modular platform that supports multiple quantum backends via a unified interface. We also enable distributed quantum approximate optimization algorithm (DQAOA) application compatibility with QFw, allowing sub-problems to be solved in parallel at scale. We then benchmark DQAOA and TFIM (transverse field Ising model) circuits across supported simulators, showing how performance varies significantly with problem type. All simulations are deployed on the Frontier supercomputer using QFw's MPI-based orchestration for distributed, multinode execution. These results underscore the need for simulatoragnostic infrastructure to enable systematic evaluation and highperformance scaling of quantum workloads. QFw provides a practical and extensible path toward reproducible quantum algorithm development across diverse application domains.","2025-09-30","2026-07-02 19:58:00","2026-07-10 01:01:32","","522-523","","","02","","","","","","","","","","","","","","","","","Journal Abbreviation: 2025 IEEE International Conference on Quantum Computing and Engineering (QCE)","","","","Quantum circuit; Software engineering; Optimization; Computational modeling; Integrated circuit modeling; Quantum Computing; Quantum algorithm; Tensors; Quantum Circuit Simulation; Systematics; Quantum Software Engineering; Supercomputers; Periodic structures; Tensor Networks","","","","","","","","","","","","","","","","","","","","","","","","","","","","","","","","2025 IEEE International Conference on Quantum Computing and Engineering (QCE)","","","","","","","","","","","","","","",""
"U7L56LBC","conferencePaper","2023","T. Nguyen; Y. Shi; S. Stein; T. Stavenger; M. Warner; M. Roetteler; T. Hoefler; A. Li","A Reference Implementation for a Quantum Message Passing Interface","2023 IEEE International Conference on Quantum Computing and Engineering (QCE)","","","10.1109/QCE57702.2023.10248","","Quantum computers today are noisy and limited in the number of qubits that can be set with reasonable fidelities and gate times for each system. Since the current limit on the number of qubits is difficult to surpass, it is expected that the future of quantum computing will lie in connecting different quantum computers together to form a quantum network, each with its own limitations. Herein lies the field of distributed quantum computing optimized for large-scale communication. One such system that has been designed is the Quantum Message Passing Interface (QMPI). This interface, unlike the classical MPI, takes advantage of quantum teleportation to communicate between different quantum nodes but leverages the framework built for classical MPI. This general interface is essential as we try to connect various quantum computers, as it can be used to develop distributed quantum algorithms across various nodes. In this work, we develop a reference implementation for a QMPI interface in Qiskit and characterize its performance. In our interface, we have implemented point-to-point and optimized collective operations for larger distributed quantum networks. To test our framework, we demonstrate our implementation with applications that can leverage the QMPI framework including Trotterization of the transverse field Ising model and distributive quantum phase estimation. Lastly, we have developed a new technique for decomposing quantum gates across many nodes which leverages multi-controlled Toffolli gates. This technique beats the state of the art for an adder circuit in terms of fidelity and the number of EPR pairs used.","2023-09-17","2026-07-02 19:58:00","2026-07-10 01:02:10","","292-293","","","02","","","","","","","","","","","","","","","","","Journal Abbreviation: 2023 IEEE International Conference on Quantum Computing and Engineering (QCE)","","","","Computers; Quantum computing; Logic gates; Qubit; Quantum Computing; Quantum Software Engineering; Legged locomotion; Message passing; Phase estimation; Quantum Communications and Cryptography; Quantum Internet Networking Communications","","","","","","","","","","","","","","","","","","","","","","","","","","","","","","","","2023 IEEE International Conference on Quantum Computing and Engineering (QCE)","","","","","","","","","","","","","","",""
"NKD8NT2U","conferencePaper","2023","S. Chundury; J. Lietz; E. A. Coello Pérez; A. Shehata; I. -S. Suh; F. Mueller","A PEPS Plugin for TNQVM","2023 IEEE International Conference on Quantum Computing and Engineering (QCE)","","","10.1109/QCE57702.2023.10293","","This work introduces an extension to the Tensor Network Quantum Virtual Machine (TNQVM) tool, enhancing the existing stack of ExaScale Tensor Network (ExaTN), ExaScale Accelerator (XACC), and TNQVM. It features a new plugin that enables efficient simulation of a Projected Entangled Pair State (PEPS), a 2D tensor network. To improve simulation efficiency for PEPS, we have implemented the snake boundary contraction algorithm. By integrating this capability into the existing stack, we enhance the overall functionality and versatility of the framework. We tested this new PEPS topology for a simple GHZ bell-pair generation quantum circuit and saw that its runtime is very close to that of the MPS topology. We estimate that the real potential of the PEPS topology becomes discernible when quantum circuits with multidimensional entanglement are simulated using tensor networks. In such cases, 1D tensor networks fail to represent or contract them efficiently.","2023-09-17","2026-07-02 19:58:00","2026-07-10 01:01:31","","383-384","","","02","","","","","","","","","","","","","","","","","Journal Abbreviation: 2023 IEEE International Conference on Quantum Computing and Engineering (QCE)","","","","Quantum entanglement; Software; Quantum Computing; Runtime; Tensors; Topology; Quantum Circuit Simulation; Network topology; Tensor Networks; Pro-jected Entangled Pair State; Quantum Software En-gineering; Virtual machining","","","","","","","","","","","","","","","","","","","","","","","","","","","","","","","","2023 IEEE International Conference on Quantum Computing and Engineering (QCE)","","","","","","","","","","","","","","",""
"YJY6FHT8","conferencePaper","2025","M. Lammers; F. H. Holik; A. Fernandez","Quantum Resource Management in the NISQ Era: Challenges, Vision, and a Runtime Framework","2025 IEEE CHILEAN Conference on Electrical, Electronics Engineering, Information and Communication Technologies (CHILECON)","2832-1537","","10.1109/CHILECON66915.2025.11476009","","Quantum computers represent a radical technological advancement in the way information is processed by using the principles of quantum mechanics to solve very complex problems that exceed the capabilities of classical systems. However, in the current NISQ era (Noisy Intermediate-Scale Quantum devices), the available hardware presents several limitations, such as a limited number of qubits, high error rates, and reduced coherence times. Efficient management of quantum resources, both physical (qubits, error rates, connectivity) and logical (quantum gates, algorithms, error correction), becomes particularly relevant in the design and deployment of quantum algorithms. In this work, we analyze the role of resources in the various uses of NISQ devices today, identifying their relevance and implications for software engineering focused on the use of quantum computers. We propose a vision for runtime-aware quantum software development, identifying key challenges to its realization, such as limited introspection capabilities and temporal constraints in current platforms. As a proof of concept, we introduce Qonscious, a prototype framework that enables conditional execution of quantum programs based on dynamic resource evaluation. With this contribution, we aim to strengthen the field of Quantum Resource Estimation (QRE) and move towards the development of scalable, reliable, and resource-aware quantum software.","2025-10-28","2026-07-02 19:58:00","2026-07-10 00:59:26","","1-8","","","","","","","","","","","","","","","","","","","","Journal Abbreviation: 2025 IEEE CHILEAN Conference on Electrical, Electronics Engineering, Information and Communication Technologies (CHILECON)","","","","Quantum circuit; Quantum Computing; Circuits; Circuits and systems; Thermal noise; Communications technology; Quantum communication; Quantum Software Engineering; Central Processing Unit; Circuit noise; Oscillators; Quantum Resource Estimation (QRE); Quantum Resource Management","","","","","","","","","","","","","","","","","","","","","","","","","","","","","","","","2025 IEEE CHILEAN Conference on Electrical, Electronics Engineering, Information and Communication Technologies (CHILECON)","","","","","","","","","","","","","","",""
"NZJTUHEJ","journalArticle","2025","M. Takken; M. Emmerich; R. Wille","An Abstract Simulator for Species Concentrations in Channel-Based Microfluidic Devices","IEEE Transactions on Computer-Aided Design of Integrated Circuits and Systems","","1937-4151","10.1109/TCAD.2025.3549703","","The design of microfluidic devices, i.e., Lab-on-Chips (LoCs) or Micro Total Analysis Systems ( $\mu $ TASs), is a tedious and cumbersome process with many time-consuming and costly fabrication cycles. Many of these devices contain dissolved species (i.e., solutes) that are required to appear in the system at specific predefined concentrations. The use of simulations can aid the design process of microfluidic devices. However, methods from Computational Fluid Dynamics (CFDs), which are commonly used, are computationally costly and require a lot of time to finish. In this work, we present a simulator for species concentrations in channel-based microfluidic devices that operates on a higher level of abstraction and is multiple orders of magnitude faster than CFD simulation methods. The simulator has been implemented in C++ and is benchmarked against CFD simulations as well as against measured results from experiments on a fabricated device. The results are analyzed and the applicability of the simulator for the simulation of microfluidic devices is assessed.","2025-10","2026-07-02 19:58:00","2026-07-10 01:00:26","","3764-3775","","10","44","","IEEE Transactions on Computer-Aided Design of Integrated Circuits and Systems","","","","","","","","","","","","","","","","","","","Performance evaluation; Computational modeling; Integrated circuit modeling; Mathematical models; Computational fluid dynamics; Computational fluid dynamics (CFD); computer simulation; concentration gradient; fluid systems; Fluids; Hydraulic systems; Lab-on-a-chip; lab-on-a-chip (LoC); microfluidic devices; Microfluidics; Navier-Stokes equations","","","","","","","","","","","","","","","","","","","","","","","","","","","","","","","","","","","","","","","","","","","","","","",""
"KC48TD5A","conferencePaper","2023","Q. Chen; R. Câmara; J. Campos; A. Souto; I. Ahmed","The Smelly Eight: An Empirical Study on the Prevalence of Code Smells in Quantum Computing","2023 IEEE/ACM 45th International Conference on Software Engineering (ICSE)","1558-1225","","10.1109/ICSE48619.2023.00041","","Quantum Computing (QC) is a fast-growing field that has enhanced the emergence of new programming languages and frameworks. Furthermore, the increased availability of computational resources has also contributed to an influx in the development of quantum programs. Given that classical and QC are significantly different due to the intrinsic nature of quantum programs, several aspects of QC (e.g., performance, bugs) have been investigated, and novel approaches have been proposed. However, from a purely quantum perspective, maintenance, one of the major steps in a software development life-cycle, has not been considered by researchers yet. In this paper, we fill this gap and investigate the prevalence of code smells in quantum programs as an indicator of maintenance issues. We defined eight quantum-specific smells and validated them through a survey with 35 quantum developers. Since no tool specifically aims to detect quantum smells, we developed a tool called QSmell that supports the proposed quantum-specific smells. Finally, we conducted an empirical investigation to analyze the prevalence of quantum-specific smells in 15 open-source quantum programs. Our results showed that 11 programs (73.33%) contain at least one smell and, on average, a program has three smells. Furthermore, the long circuit is the most prevalent smell present in 53.33% of the programs.","2023-05-14","2026-07-02 19:58:00","2026-07-10 01:01:11","","358-370","","","","","","","","","","","","","","","","","","","","Journal Abbreviation: 2023 IEEE/ACM 45th International Conference on Software Engineering (ICSE)","","","","Software; Quantum computing; Computer bugs; Codes; Computer languages; Empirical study; Maintenance engineering; Quantum software engineering; Quantum-specific code smell; Surveys","","","","","","","","","","","","","","","","","","","","","","","","","","","","","","","","2023 IEEE/ACM 45th International Conference on Software Engineering (ICSE)","","","","","","","","","","","","","","",""
"Y5KEXPQD","conferencePaper","2024","Y. Qiao; X. Sun","Canonical Forms for Matrix Tuples in Polynomial Time","2024 IEEE 65th Annual Symposium on Foundations of Computer Science (FOCS)","2575-8454","","10.1109/FOCS61266.2024.00054","","Left-right and conjugation actions on matrix tuples have received considerable attention in theoretical computer science due to their connections with polynomial identity testing, group isomorphism, and tensor isomorphism. In this paper, we present polynomial-time algorithms for computing canonical forms of matrix tuples over a finite field under these actions. Our algorithm builds upon new structural insights for matrix tuples, which can be viewed as a generalization of Schur's lemma for irreducible representations to general representations. Index Terms-canonical form, matrix tuples, tensors, group isomorphism, computer algebra","2024-10-27","2026-07-02 19:58:00","2026-07-10 01:02:54","","780-789","","","","","","","","","","","","","","","","","","","","Journal Abbreviation: 2024 IEEE 65th Annual Symposium on Foundations of Computer Science (FOCS)","","","","Computer science; Testing; Tensors; Polynomials; Algebra; canonical form; computer algebra; Galois fields; group isomorphism; Indexes; matrix tuples; tensors","","","","","","","","","","","","","","","","","","","","","","","","","","","","","","","","2024 IEEE 65th Annual Symposium on Foundations of Computer Science (FOCS)","","","","","","","","","","","","","","",""
"RGSEXL4E","conferencePaper","2025","J. Alvarado-Valiente; J. Romero-Alvarez; J. Casco-Seco; E. Moguel; J. Garcia-Alonso","Quantum Island Mapping: Optimizing Multi-Circuit Execution in Quantum Processors","2025 IEEE International Conference on Quantum Computing and Engineering (QCE)","","","10.1109/QCE65121.2025.00091","","Currently, quantum processors offered by quantum service providers are significantly underutilized, resulting in high execution costs and limited scalability. Various approaches have explored parallelization and circuit scheduling techniques to improve resource utilization. While these methods can significantly reduce both cost and execution times, they often have an impact on the results' noise. Addressing this challenge, this emerging study proposes a technique called Quantum Island Mapping, which enables the execution of multiple quantum circuits by separating them into “islands” within the qubit topology of a processor. The goal is to schedule multiple circuits into a single task to reduce execution costs and queuing, while maintaining a controlled separation of qubits between circuits to minimize interferences. To achieve this, separation distance parameters are defined, specifying the minimum number of qubits between different islands. This allows for configurations ranging from zero separation (maximum processor utilization) to maximum separation (single-circuit execution). The technique has been validated through experiments on a real quantum computer using well-known quantum algorithms, achieving optimal results.","2025-09-30","2026-07-02 19:58:00","2026-07-10 00:58:35","","791-796","","","01","","","","","","","","","","","","","","","","","Journal Abbreviation: 2025 IEEE International Conference on Quantum Computing and Engineering (QCE)","","","","Quantum circuit; Scalability; Quantum computing; Software engineering; Qubit; Quantum Computing; Costs; Program processors; Topology; Schedules; Quantum Software Engineering; Resource management; Circuit Mapping; Quantum Topologies","","","","","","","","","","","","","","","","","","","","","","","","","","","","","","","","2025 IEEE International Conference on Quantum Computing and Engineering (QCE)","","","","","","","","","","","","","","",""
"LFN3VVRJ","journalArticle","2023","T. Lubinski; S. Johri; P. Varosy; J. Coleman; L. Zhao; J. Necaise; C. H. Baldwin; K. Mayer; T. Proctor","Application-Oriented Performance Benchmarks for Quantum Computing","IEEE Transactions on Quantum Engineering","","2689-1808","10.1109/TQE.2023.3253761","","In this work, we introduce an open-source suite of quantum application-oriented performance benchmarks that is designed to measure the effectiveness of quantum computing hardware at executing quantum applications. These benchmarks probe a quantum computer's performance on various algorithms and small applications as the problem size is varied, by mapping out the fidelity of the results as a function of circuit width and depth using the framework of volumetric benchmarking. In addition to estimating the fidelity of results generated by quantum execution, the suite is designed to benchmark certain aspects of the execution pipeline in order to provide end users with a practical measure of both the quality of and the time to solution. Our methodology is constructed to anticipate advances in quantum computing hardware that are likely to emerge in the next five years. This benchmarking suite is designed to be readily accessible to a broad audience of users and provides benchmarks that correspond to many well-known quantum computing algorithms.","2023","2026-07-02 19:58:00","2026-07-10 01:02:10","","1-32","","","4","","IEEE Transactions on Quantum Engineering","","","","","","","","","","","","","","","","","","","Quantum computing; Performance evaluation; Benchmark testing; quantum computing; Quantum algorithm; Algorithms; application benchmarks; benchmarking; benchmarks","","","","","","","","","","","","","","","","","","","","","","","","","","","","","","","","","","","","","","","","","","","","","","",""
"AFB6Y6MR","conferencePaper","2022","V. Saravanan; S. Mohamed Saeed","Machine Learning for Quantum Hardware Performance Assessment","2022 IEEE 40th International Conference on Computer Design (ICCD)","2576-6996","","10.1109/ICCD56317.2022.00030","","The development of near-term quantum computers, referred to as Noisy Intermediate-Scale Quantum (NISQ) computers, has progressed rapidly in the past few years resulting in several quantum computers which vary in their underlying technology and physical constraints. The performance of these computers also varies from one quantum algorithm to another. To enable efficient selection of the quantum computer that provides the highest output fidelity for a given application, an accurate noise modeling of each quantum hardware is required. However, noise modeling for a given application is a complex problem because of the unknown interaction between the quantum circuit parameters and the noise parameters of NISQ devices. We propose the use of Machine Learning (ML) to model the performance of different quantum computers at the application level. The ML models predict the output fidelity of the quantum application executed on different quantum computers given their publicly available physical constraints. We use a diverse training dataset to cover the key features for application-level benchmarking of the quantum hardware. Our results obtained from different superconducting quantum devices show that our proposed ML models enable cost-effective quantum computer selection for different quantum applications with different fidelity metrics.","2022-10-23","2026-07-02 19:58:00","2026-07-10 01:02:31","","1-7","","","","","","","","","","","","","","","","","","","","Journal Abbreviation: 2022 IEEE 40th International Conference on Computer Design (ICCD)","","","","Computers; Quantum computing; Hardware; Performance evaluation; Computational modeling; Benchmark testing; Machine learning; Application-level benchmarking; Machine learning (ML); Noisy Intermediate-Scale Quantum (NISQ) computer; System-level performance","","","","","","","","","","","","","","","","","","","","","","","","","","","","","","","","2022 IEEE 40th International Conference on Computer Design (ICCD)","","","","","","","","","","","","","","",""
"NQTG83H3","journalArticle","2021","D. Leung; A. Nayak; A. Shayeghi; D. Touchette; P. Yao; N. Yu","Capacity Approaching Coding for Low Noise Interactive Quantum Communication Part I: Large Alphabets","IEEE Transactions on Information Theory","","1557-9654","10.1109/TIT.2021.3086221","","We consider the problem of implementing two-party interactive quantum communication over noisy channels, a necessary endeavor if we wish to fully reap quantum advantages for communication. For an arbitrary protocol with n messages, designed for a noiseless qudit channel over a poly (n ) size alphabet, our main result is a simulation method that fails with probability less than 2-Θ(nϵ) and uses a qudit channel over the same alphabet n(1 + Θ(√{ϵ} )) times, of which an ϵ fraction can be corrupted adversarially. The simulation is thus capacity achieving to leading order, and we conjecture that it is optimal up to a constant factor in the √{ϵ} term. Furthermore, the simulation is in a model that does not require pre-shared resources such as randomness or entanglement between the communicating parties. Our work improves over the best previously known quantum result where the overhead is a non-explicit large constant [Brassard et al., SICOMP'19] for low ϵ.","2021-08","2026-07-02 19:58:00","2026-07-10 00:57:37","","5443-5490","","8","67","","IEEE Transactions on Information Theory","","","","","","","","","","","","","","","","","","","Quantum state; Protocols; Quantum computing; Noise measurement; Error analysis; Quantum communication; channel capacity; Channel coding; interactive quantum communication; two-party computation","","","","","","","","","","","","","","","","","","","","","","","","","","","","","","","","","","","","","","","","","","","","","","",""
"433YFJ3N","conferencePaper","2025","D. Schoenberger; R. Wille","Orchestrating Multi-Zone Shuttling in Trapped-Ion Quantum Computers","2025 IEEE International Conference on Quantum Computing and Engineering (QCE)","","","10.1109/QCE65121.2025.00119","","Trapped-ion quantum computers are a promising platform, offering high-quality qubits with long coherence times and high-fidelity gate operations. The Quantum Charge Coupled Device (QCCD) architecture provides a scalable blueprint by leveraging the ability to shuttle ions between distinct zones. However, realizing such architectures in practice requires software support to manage ion movement across multi-zone layouts. In this work, we propose a compilation strategy for QCCD architectures with multiple processing zones located outside a grid-type memory zone. Unlike previous approaches that treat processing zones as black-boxes, our method explicitly models their structural constraints, enabling optimized ion movement to and through them. It combines qubit partitioning with dependency-aware gate selection to reduce inter-zone shuttling while enabling simultaneous gate execution. We implemented the method in an open-source tool and empirically demonstrated its effectiveness across several QCCD layouts, laying a foundation for the compilation of multi-zone trapped-ion systems.","2025-09-30","2026-07-02 19:58:00","2026-07-10 00:57:39","","1069-1075","","","01","","","","","","","","","","","","","","","","","Journal Abbreviation: 2025 IEEE International Conference on Quantum Computing and Engineering (QCE)","","","","Quantum circuit; Computers; Logic gates; Computational modeling; Qubit; Computer architecture; Layout; Ions; shuttling; Closed box; compilation; Dynamic scheduling; ion trap; qccd","","","","","","","","","","","","","","","","","","","","","","","","","","","","","","","","2025 IEEE International Conference on Quantum Computing and Engineering (QCE)","","","","","","","","","","","","","","",""
"LSUTILRG","journalArticle","2026","M. Huang; J. Guan; W. Fang; M. Ying","Approximation Methods for Simulation and Equivalence Checking of Noisy Quantum Circuits","IEEE Transactions on Computer-Aided Design of Integrated Circuits and Systems","","1937-4151","10.1109/TCAD.2025.3623498","","In the current noisy intermediate-scale quantum (NISQ) era, simulating and verifying noisy quantum circuits is crucial but faces challenges such as quantum state explosion and complex noise representations, constraining simulation and equivalence checking to circuits with a limited number of qubits. This article introduces an approximation algorithm for simulating and assessing the equivalence of noisy quantum circuits, specifically designed to improve scalability under low-noise conditions. The approach utilizes a novel tensor network (TN) diagram combined with singular value decomposition to approximate the tensors of quantum noises. The implementation is based on Google’s TensorNetwork Python package for contraction. Experimental results on realistic quantum circuits with realistic hardware noise models indicate that our algorithm can simulate and check the equivalence of quantum approximate optimization algorithm (QAOA) circuits with around 200 qubits and 20 noise operators, outperforming state-of-the-art approaches in scalability and speed.","2026-06","2026-07-02 19:58:00","2026-07-10 00:59:25","","2679-2692","","6","45","","IEEE Transactions on Computer-Aided Design of Integrated Circuits and Systems","","","","","","","","","","","","","","","","","","","Quantum circuit; Quantum computing; Logic gates; Noise measurement; Qubit; Tensors; Approximation algorithms; Approximation algorithm; Circuit faults; equivalence checking; noisy simulation; quantum circuits; tensor network (TN)","","","","","","","","","","","","","","","","","","","","","","","","","","","","","","","","","","","","","","","","","","","","","","",""
"AURRBRIC","journalArticle","2024","Q. Wang; Z. Zhang","Fast Quantum Algorithms for Trace Distance Estimation","IEEE Transactions on Information Theory","","1557-9654","10.1109/TIT.2023.3321121","","In quantum information, trace distance is a basic metric of distinguishability between quantum states. However, there is no known efficient approach to estimate the value of trace distance in general. In this paper, we propose efficient quantum algorithms for estimating the trace distance within additive error  $\varepsilon $  between mixed quantum states of rank  $r$ . Specifically, we first provide a quantum algorithm using  $r \cdot \widetilde O \left ({1/\varepsilon ^{2}}\right)$  queries to the quantum circuits that prepare the purifications of quantum states. Then, we modify this quantum algorithm to obtain another algorithm using  $\widetilde O \left ({r^{2}/\varepsilon ^{5}}\right)$  samples of quantum states, which can be applied to quantum state certification. These algorithms have query/sample complexities that are independent of the dimension  $N$  of quantum states, and their time complexities only incur an extra  $O \left ({\log \left ({N}\right)}\right)$  factor. In addition, we show that the decision version of low-rank trace distance estimation is  $\mathsf {BQP}$ -complete.","2024-04","2026-07-02 19:58:00","2026-07-10 01:01:12","","2720-2733","","4","70","","IEEE Transactions on Information Theory","","","","","","","","","","","","","","","","","","","Quantum state; Estimation; Quantum algorithm; Task analysis; Complexity theory; Time complexity; trace distance; Certification; Hadamard test; Quantum algorithms; singular value decomposition","","","","","","","","","","","","","","","","","","","","","","","","","","","","","","","","","","","","","","","","","","","","","","",""
"2F3GBL4J","conferencePaper","2025","Y. Wen; G. Cheng","Slackness-Driven Microservice Deployment Across Geo-Distributed Clouds: Workflow-Aware Scheduling for End-to-End QoS Assurance","2025 IEEE International Conference on Quantum Software (QSW)","","","10.1109/QSW67625.2025.00039","","Microservice architectures are pivotal for geodistributed cloud applications, yet the scheduling of interdependent components poses a dual challenge: balancing resource cost and end-to-end latency while managing workflow complexity. Existing approaches predominantly focus on critical paths, leaving slackness in non-critical paths as an underexplored optimization opportunity. This paper proposes NIWA, a slackness-driven scheduling framework that quantifies the performance tolerance of microservice components from an end-to-end QoS perspective. By dynamically analyzing workflow dependencies and latency slackness, NIWA enables three core capabilities: 1) Cost-efficient deployment: Identifying components with excessive performance margins and relocating them to cost-effective regions without violating latency requirements. 2) Anomaly mitigation: Detecting slackness anomalies as early warnings for potential QoS violations and localizing root causes. 3) SLO decomposition: Translating end-to-end latency targets into component-level slackness thresholds for automated orchestration. Dual validation demonstrates NIWA's efficacy: 1) Simulation accuracy: 98.89% slackness quantification across 1,000 workflows (20.4 components avg.) with zero error overflow; 2) Production readiness: Proven in DeathStarBench applications (Social Network, Hotel Reservation) under cross-region deployments.","2025-07-07","2026-07-02 19:58:00","2026-07-10 01:02:54","","263-268","","","","","","","","","","","","","","","","","","","","Journal Abbreviation: 2025 IEEE International Conference on Quantum Software (QSW)","","","","Accuracy; Software; Optimization; Costs; Microservice architectures; Systematics; Software reliability; Dynamic scheduling; Critical Path Analysis; Geo-Aware Deployment; Microservice Workflow; Quality of service; SLO Setting; Social networking (online)","","","","","","","","","","","","","","","","","","","","","","","","","","","","","","","","2025 IEEE International Conference on Quantum Software (QSW)","","","","","","","","","","","","","","",""
"VBIDZP8R","book","2022","Johan Vos","Quantum Computing in Action","","978-1-61729-632-1","","","http://ieeexplore.ieee.org/document/10280445","Quantum computing is on the horizon and you can get started today! This practical, clear-spoken guide shows you don’t need a physics degree to write your first quantum software.  In Quantum Computing in Action you will learn:  An introduction to the core concepts of quantum computing Qubits and quantum gates Superposition, entanglement, and hybrid computing Quantum algorithms including Shor’s, Deutsch-jozsa, and Grover’s search  Quantum Computing in Action shows you how to leverage your existing Java skills into writing your first quantum software, so you’re ready for the quantum revolution. This book is focused on practical implementations of quantum computing algorithms—there’s no deep math or confusing theory. Using Strange, a Java-based quantum computer simulator, you’ll go hands-on with quantum computing’s core components including qubits and quantum gates.","2022","2026-07-02 19:58:00","2026-07-10 00:58:58","","","1","","","","","","","","","","Manning","","","","","","","","","","","","","","","","","","","","","","","","","","","","","","","","","","","","","","","","","","","","","","","","","","","","","","","","","","","",""
"HHE2WX6P","conferencePaper","2023","K. Mato; S. Hillmich; R. Wille","Compression of Qubit Circuits: Mapping to Mixed-Dimensional Quantum Systems","2023 IEEE International Conference on Quantum Software (QSW)","","","10.1109/QSW59989.2023.00027","","Quantum computers are becoming a reality thanks to the accomplishments made in recent years. The quantum computers available today offer hundreds of qubits but are still limited in the number of operations they can perform before errors accumulate and the quantum state decays. In regard to the error accumulation, non-local operations such as CX or CZ are main contributors. One promising solution to reduce the number of required non-local operations is to make a more efficient use of the quantum hardware by exploiting the inherent high-dimensional capabilities of quantum systems. In a process called circuit compression, non-local operations between qubits are mapped to local operations in qudits, i.e., higher-dimensional systems. In this work, we present a strategy for enabling quantum circuit compression with the aim of mapping clusters of qubits in a given circuit to the mixed-dimensional qudits of the target hardware. Further, we discuss the principles of circuit compression as well as the physical structure of qubits and qudits, before introducing a new representation that captures the essence of quantum operations, affecting the different logical levels in the quantum states in nodes and edges of a graph. Based on this, we propose an automated approach for mapping qubit circuits of arbitrary gate sets to mixed-dimensional quantum systems, lowering the number of non-local operations. Empirical evaluations confirm the effectiveness of the proposed approach reducing the number of non-local operations by up to 50% for almost half of the cases. Finally, the corresponding source code is available freely at github.com/cda-tdum/qudit-compression.","2023-07-02","2026-07-02 19:58:00","2026-07-10 00:59:06","","155-161","","","","","","","","","","","","","","","","","","","","Journal Abbreviation: 2023 IEEE International Conference on Quantum Software (QSW)","","","","Quantum state; Computers; Hardware; Logic gates; Quantum system; Qubit; quantum computing; Source coding; circuit compression; qudits","","","","","","","","","","","","","","","","","","","","","","","","","","","","","","","","2023 IEEE International Conference on Quantum Software (QSW)","","","","","","","","","","","","","","",""
"7K2CJ28R","conferencePaper","2023","S. Khadirsharbiyani; M. Sadeghi; M. E. Zarch; J. Kotra; M. T. Kandemir","TRIM: crossTalk-awaRe qubIt Mapping for multiprogrammed quantum systems","2023 IEEE International Conference on Quantum Software (QSW)","","","10.1109/QSW59989.2023.00025","","The challenge of mapping logical qubits to physical qubits in quantum systems has been addressed in prior proposals that optimize the Probability of Successful Trial (PST) by considering the coherence and gate error rates. However, these proposals do not account for crosstalk errors, which occur when active qubits interact during execution. The reason for this is that crosstalk only appears after the initial mapping, while previous strategies allocate qubits based on program and quantum system characteristics using one-step mapping methods. Scheduling-based solutions have been created to address this problem by inserting barriers between gates to reduce crosstalk, but at the expense of increased execution time and coherence error rates, ultimately decreasing overall accuracy. This paper presents and evaluates TRIM, a novel strategy that characterizes crosstalk and eliminates it in an iterative fashion using a multi-step greedy search method, which can be applied to any qubit mapping to reduce crosstalk while keeping execution time and coherence errors in check. Evaluations of TRIM using multiple workloads show PST improvements of 7.3% for single-programmed execution and 7.7% for multiprogramming scenarios, while reducing or keeping the number of gates, compared to a state-of-the-art mapping scheme. Additionally, TRIM achieves 5.4% and 3.3% PST improvements for single-programmed and multiprogrammed executions, respectively, compared to a state-of-the-art scheduling strategy.","2023-07-02","2026-07-02 19:58:00","2026-07-10 01:01:34","","138-148","","","","","","","","","","","","","","","","","","","","Journal Abbreviation: 2023 IEEE International Conference on Quantum Software (QSW)","","","","Reliability; Logic gates; NISQ; Quantum system; Qubit; Quantum Computing; Error analysis; Compiler; Crosstalk; Coherence; Mapping Techniques; Search methods","","","","","","","","","","","","","","","","","","","","","","","","","","","","","","","","2023 IEEE International Conference on Quantum Software (QSW)","","","","","","","","","","","","","","",""
"FIV8W42R","conferencePaper","2024","A. Wright; M. Lewis; P. Zuliani; S. Soudjani","T-Count Optimizing Genetic Algorithm for Quantum State Preparation","2024 IEEE International Conference on Quantum Software (QSW)","","","10.1109/QSW62656.2024.00020","","Quantum state preparation is a crucial process within numerous quantum algorithms, and the need for efficient initialization of quantum registers is ever increasing as demand for useful quantum computing grows. The problem arises as the number of qubits to be initialized grows, the circuits required to implement the desired state also exponentially increase in size leading to loss of fidelity to noise. This is mainly due to the susceptibility to environmental effects of the non-Clifford T gate, whose use should thus be reduced as much as possible. In this paper, we present and utilize a genetic algorithm for state preparation circuits consisting of gates from the Clifford + T gate set and optimize them in T-Count as to reduce the impact of noise. Whilst the method presented here does not always produce the most accurate circuits in terms of fidelity, it can generate high-fidelity, non-trivial quantum states such as quantum Fourier transform states. In addition, our algorithm does automatically generate fault tolerantly implementable solutions where the number of the most error prone components is reduced. We present an evaluation of the algorithm when trialed against preparing random, Poisson probability distribution, W, GHZ, and quantum Fourier transform states. We also experimentally demonstrate the scalability issues as qubit count increases, which highlights the need for further optimization of the search process.","2024-07-07","2026-07-02 19:58:00","2026-07-10 00:57:04","","58-68","","","","","","","","","","","","","","","","","","","","Journal Abbreviation: 2024 IEEE International Conference on Quantum Software (QSW)","","","","Scalability; Logic gates; Qubit; Quantum Computing; Circuits; Noise; Clifford + T; Evolutionary computation; Fourier transforms; Genetic Algorithms; State Preparation; T-Count","","","","","","","","","","","","","","","","","","","","","","","","","","","","","","","","2024 IEEE International Conference on Quantum Software (QSW)","","","","","","","","","","","","","","",""
"SSFQDWJX","conferencePaper","2025","Y. Wang; P. K. Donta; L. Lovén; S. Dustdar; N. H. Motlagh","Lightweight LSTM-Based Adaptive Kafka Tuning for Predictive IoT Data Streams","2025 IEEE International Conference on Quantum Software (QSW)","","","10.1109/QSW67625.2025.00038","","The Internet of Things (IoT) is a fundamental element of the computing continuum, characterized by data streams that exhibit predictable patterns primarily driven by sensor configurations and deployment strategies. On the other hand, Apache Kafka, renowned for its high-throughput and faulttolerant data streaming capabilities, is well-suited for managing IoT data streams. However, static Kafka configurations often result in inefficiencies such as suboptimal batching, increased consumer lag, and underutilization of system resources. To address these challenges, we propose a dynamic reconfiguration approach that leverages short-term historical data to forecast message rates and adjust Kafka parameters in real time using a lightweight Long Short-Term Memory (LSTM) model. This adaptive approach optimizes the configuration of Kafka producers and consumers for IoT environments, achieving a prediction accuracy of 91.42% with minimal computational overhead. Experimental evaluations demonstrate substantial improvements in consumer lag reduction, throughput stability, and CPU utilization across heterogeneous IoT workloads, with the system requiring only brief observation periods to effectively tune performance.","2025-07-07","2026-07-02 19:58:00","2026-07-10 01:02:54","","257-262","","","","","","","","","","","","","","","","","","","","Journal Abbreviation: 2025 IEEE International Conference on Quantum Software (QSW)","","","","Accuracy; Real-time systems; Adaptation models; Predictive models; Tuning; Stability analysis; Adaptive systems; Data Streams; Internet of Things; IoT; Kafka adaptive tuning; Long short term memory; Publish/subscribe systems; quality of service; Throughput","","","","","","","","","","","","","","","","","","","","","","","","","","","","","","","","2025 IEEE International Conference on Quantum Software (QSW)","","","","","","","","","","","","","","",""
"SI7CC4VQ","conferencePaper","2025","F. Farsian; T. Trombetti; C. Burigana; F. Schilliró; A. Bulgarelli; V. Cardone; L. Cappelli; M. Meneghetti; G. Murante; A. Rizzo; G. Sarracino; I. Graziotti; R. Scaramella; V. Testa","The Application of Quantum Fourier Transform in Cosmic Microwave Background Data Analysis","2025 IEEE International Conference on Quantum Software (QSW)","","","10.1109/QSW67625.2025.00037","","The Cosmic Microwave Background (CMB) data analysis and the map-making process rely heavily on the use of spherical harmonics. For suitable pixelizations of the sphere, the (forward and inverse) Fourier transform plays a crucial role in computing all-sky map from spherical harmonic expansion coefficients - or from angular power spectrum - and vice versa. While the Fast Fourier Transform (FFT) is traditionally employed in these computations, the Quantum Fourier Transform (QFT) offers a theoretical advantage in terms of computational efficiency and potential speedup. In this work, we study the potential advantage of using the QFT in this context by exploring the substitution of the FFT with the QFT within the healpy package. Performance evaluations are conducted using the Aer simulator. Our results indicate that QFT exhibits potential advantages over FFT that are particularly relevant at high-resolution. However, classical-to-quantum data encoding overhead represents a limitation to current efficiency. In this work, we adopted amplitude encoding, due to its efficiency on encoding maximum data to minimum number of qubits. We identify data encoding as a potential significant bottleneck and discuss its impact on quantum speedup. Future improvements in quantum encoding strategies and algorithmic optimizations could further enhance the feasibility of QFT in CMB data analysis.","2025-07-07","2026-07-02 19:58:00","2026-07-10 00:58:01","","250-256","","","","","","","","","","","","","","","","","","","","Journal Abbreviation: 2025 IEEE International Conference on Quantum Software (QSW)","","","","Software algorithms; Software; Qubit; Encoding; Quantum mechanics; Computational efficiency; Quantum advantage; Cosmic Microwave Background; Data analysis; Data-Analysis; Fast Fourier transforms; Harmonic analysis; Quantum Fourier Transform","","","","","","","","","","","","","","","","","","","","","","","","","","","","","","","","2025 IEEE International Conference on Quantum Software (QSW)","","","","","","","","","","","","","","",""
"5YTUR5CU","conferencePaper","2025","M. Ziiatdinov; F. Farsian; F. Schilliró; S. Distefano","Comparing Quantum Machine Learning Approaches in Astrophysical Signal Detection","2025 IEEE International Conference on Quantum Software (QSW)","","","10.1109/QSW67625.2025.00020","","Machine Learning (ML) serves as a general-purpose, highly adaptable, and versatile framework for investigating complex systems across domains. However, the resulting computational resource demands, in terms of the number of parameters and the volume of data required to train ML models, can be high, often prohibitive. This is the case in astrophysics, where multimedia space data streams usually have to be analyzed. In this context, quantum computing emerges as a compelling and promising alternative, offering the potential to address these challenges in a feasible way. Specifically, a four-step quantum machine learning (QML) workflow is proposed encompassing data encoding, quantum circuit design, model training and evaluation. Then, focusing on the data encoding step, different techniques and models are investigated within a case study centered on the Gamma-Ray Bursts (GRB) signal detection in the astrophysics domain. The results thus obtained demonstrate the effectiveness of QML in astrophysics, highlighting the critical role of data encoding, which significantly affects the QML model performance.","2025-07-07","2026-07-02 19:58:00","2026-07-10 01:00:28","","92-103","","","","","","","","","","","","","","","","","","","","Journal Abbreviation: 2025 IEEE International Conference on Quantum Software (QSW)","","","","Data models; Computational modeling; Integrated circuit modeling; Training; Encoding; Machine learning; Astrophysics; Data Encoding; Data Reuploading; Focusing; Gamma-ray bursts; Gamma-Ray Bursts; Kernel Methods; Quantum Fingerprinting; Signal detection","","","","","","","","","","","","","","","","","","","","","","","","","","","","","","","","2025 IEEE International Conference on Quantum Software (QSW)","","","","","","","","","","","","","","",""
"TKFU8VWW","conferencePaper","2025","J. Alnas; A. S. Dalvi; K. R. Brown","Towards a Pulse-Level Intermediate Representation for Diverse Quantum Control Systems","2025 IEEE International Conference on Quantum Computing and Engineering (QCE)","","","10.1109/QCE65121.2025.00057","","A system-independent intermediate representation (IR) for pulse-level programming of quantum control systems is required to enable rapid development and reuse of quantum software across diverse platforms. In this work, we demonstrate the utility of pulselib [1] as a candidate for such an IR. We implement graph-based IRs and transpilation pipelines for two unique frequency synthesizers and benchmark performance against existing IRs. Key elements of these pipelines are munchers and parametrizable pulse schedules. The former encodes targetspecific constraints and allows translation of fundamentally system-agnostic pulse descriptions to arbitrary low-level representations, and the latter enables schedule reuse that produces savings in transpilation time relative to device-specific alternatives. Benchmarks reveal that pulselib provides performance comparable to fast, device-specific IRs while providing a speedup of up to $4.5 x$ over existing IRs. For highly parametrized applications, pulselib provides favorable scaling of transpilation times with respect to the number of parameters and can exhibit speedups relative to existing IRs up to 69% larger than speedups provided by optimized, device-specific techniques.","2025-09-30","2026-07-02 19:58:00","2026-07-10 00:58:34","","448-458","","","01","","","","","","","","","","","","","","","","","Journal Abbreviation: 2025 IEEE International Conference on Quantum Computing and Engineering (QCE)","","","","Programming; Real-time systems; Performance evaluation; Benchmark testing; Control systems; Extensibility; Standards; Schedules; Pipelines; intermediate representation; pulse-level; quantum control; RFSoC; Signal generators","","","","","","","","","","","","","","","","","","","","","","","","","","","","","","","","2025 IEEE International Conference on Quantum Computing and Engineering (QCE)","","","","","","","","","","","","","","",""
"KS8LE94U","conferencePaper","2022","T. Schmale; B. Temesi; A. Baishya; N. Pulido-Mateo; L. Krinner; T. Dubielzig; C. Ospelkaus; H. Weimer; D. Borcherding","Backend compiler phases for trapped-ion quantum computers","2022 IEEE International Conference on Quantum Software (QSW)","","","10.1109/QSW55613.2022.00020","","A promising architecture for scaling up quantum computers based on trapped ions are so called Quantum Charged-Coupled Devices (QCCD). These consist of multiple ion traps, each designed for solving specific tasks, that are connected by transport links. In this paper we present the backend compiler phases needed for running quantum circuits on a QCCD architecture, while providing strategies to solve the optimization problems that occur when generating assembly instructions. We implement and test these strategies for the QVLS-QI chip architecture.","2022-07-10","2026-07-02 19:58:00","2026-07-10 01:02:11","","32-37","","","","","","","","","","","","","","","","","","","","Journal Abbreviation: 2022 IEEE International Conference on Quantum Software (QSW)","","","","Software; Computers; Hardware; Logic gates; Optimization; Quantum Computing; Computer architecture; Circuit optimization; Compiler; Ions; Trapped-Ions","","","","","","","","","","","","","","","","","","","","","","","","","","","","","","","","2022 IEEE International Conference on Quantum Software (QSW)","","","","","","","","","","","","","","",""
"5A6K87E9","conferencePaper","2023","P. Codognet","Generating Presence-Absence Matrices by Quantum Annealing","2023 IEEE/ACM 4th International Workshop on Quantum Software Engineering (Q-SE)","","","10.1109/Q-SE59154.2023.00008","","We consider the problem of generating binary matrices with fixed sums for their rows and columns coefficients, i.e. with fixed margins. Such presence-absence (0/1) matrices are widely used in ecological research, for instance to represent the presence or absence of particular species in a particular habitat. Generating random matrices with fixed sums for their rows and their columns is an important issue in order to compare some given matrix presenting field data versus randomly generated matrices with similar characteristics (same sums on rows and columns) in order to test some hypothesis, i.e. when performing null model statistical analysis. We propose to model this problem in QUBO (Quadratic Unconstrained Binary Optimization) in order to solve it by quantum annealing. QUBO is the input language of quantum computers based on quantum annealing such as the D-Wave systems and of “quantum-inspired” annealing solvers based on dedicated classical hardware. We present some experimental results achieved on the D-Wave Advantage quantum computer and on the Fixstars Amplify Annealing Engine.","2023-05-17","2026-07-02 19:58:00","2026-07-10 01:01:01","","9-15","","","","","","","","","","","","","","","","","","","","Journal Abbreviation: 2023 IEEE/ACM 4th International Workshop on Quantum Software Engineering (Q-SE)","","","","Computers; Hardware; Biological system modeling; Computational modeling; Annealing; Quantum annealing; QUBO; fixed-sum-constraints; presence-absence-matrix; quantum-annealing; Statistical analysis","","","","","","","","","","","","","","","","","","","","","","","","","","","","","","","","2023 IEEE/ACM 4th International Workshop on Quantum Software Engineering (Q-SE)","","","","","","","","","","","","","","",""
"NNX3VGZI","conferencePaper","2023","H. D. Menendez; L. Bello; D. Clark","Dynamic Output State Classification for Quantum Computers","2023 IEEE/ACM 4th International Workshop on Quantum Software Engineering (Q-SE)","","","10.1109/Q-SE59154.2023.00009","","Quantum computers promise a potentially disruptive approach to improving computation in fields such as physics, chemistry, cryptography, optimisation, and machine learning. However, testing quantum computations for faults is currently impractical because of the existence of noise and errors associated with the output. Executing in a quantum system a circuit with only a few valid output states can generate a significant number of implausible states that have zero probability in an ideal computation. Among other sources of noise, readout errors come from the difficulty of discriminating a measurement between 0 and 1 for the different qubits. These issues are affected by readout drift, requiring regular recalibration of the process. In this paper, we provide a novel technique for post-computation analysis of the output probability distributions that permits better discrimination of kerneled data, delaying the need for recalibration. We achieve this by altering the linear discrimination of the final output states by way of a dynamic state selection process that combines Gaussian mixture models with a probability threshold. As an initial assessment of the technique we examine its effect on three to five qubits GHZ states. Our results on almost every one of nine IBM quantum computers show that the number of implausible states is reduced significantly and that the resulting probability distribution is closer to the expected one.","2023-05-17","2026-07-02 19:58:00","2026-07-10 00:58:23","","16-23","","","","","","","","","","","","","","","","","","","","Journal Abbreviation: 2023 IEEE/ACM 4th International Workshop on Quantum Software Engineering (Q-SE)","","","","Computers; Noise measurement; Quantum system; Qubit; Physics; Measurement uncertainty; Probability distribution; clustering; error mitigation; quantum computation","","","","","","","","","","","","","","","","","","","","","","","","","","","","","","","","2023 IEEE/ACM 4th International Workshop on Quantum Software Engineering (Q-SE)","","","","","","","","","","","","","","",""
"PH39AIIR","conferencePaper","2023","S. Ali; T. Yue","Quantum Software Testing: A Brief Introduction","2023 IEEE/ACM 45th International Conference on Software Engineering: Companion Proceedings (ICSE-Companion)","2574-1934","","10.1109/ICSE-Companion58688.2023.00093","","Quantum software testing concentrates on testing quantum programs to discover quantum faults in the programs cost-effectively. Given the foundations in quantum mechanics, the way quantum computations are performed is significantly different than classical computing. Therefore, quantum software testing also differs from classical software testing. There has been quite an interest in building quantum software testing techniques since 2019 in the software engineering (SE) community. Thus, we aim to introduce quantum software testing to the SE community. In particular, we will present the basic foundations of quantum computing and quantum programming as circuits, followed by the current state of the art on quantum software testing. Next, we will present some basic quantum software testing techniques and finally give the research directions that deserve attention from the SE community.","2023-05-14","2026-07-02 19:58:26","2026-07-10 01:01:30","","332-333","","","","","","","","","","","","","","","","","","","","Journal Abbreviation: 2023 IEEE/ACM 45th International Conference on Software Engineering: Companion Proceedings (ICSE-Companion)","","","","Software; Programming; Quantum computing; Quantum mechanics; Buildings; Software testing; Circuit faults; quantum circuits; quantum programs; quantum software testing","","","","","","","","","","","","","","","","","","","","","","","","","","","","","","","","2023 IEEE/ACM 45th International Conference on Software Engineering: Companion Proceedings (ICSE-Companion)","","","","","","","","","","","","","","",""
"C4VM8E7N","conferencePaper","2024","S. Ali","Quantum Software Testing 101","2024 IEEE/ACM 46th International Conference on Software Engineering: Companion Proceedings (ICSE-Companion)","2574-1934","","10.1145/3639478.3643059","","Quantum software testing (QST) is an emerging research area within quantum software engineering (QSE) to ensure quantum software functional and non-functional correctness and dependabil-ity. Since quantum computers perform computations significantly differently than classical computing, testing quantum software run-ning on these quantum computers also differs due to quantum computing's unique characteristics, e.g., entanglement and super-position. Due to the rising interest of the software engineering community in QSE, we will provide an introduction to QST. We will introduce quantum computing and its various principles, quan-tum software development as quantum circuits, and current QST literature, including a key set of techniques with examples. Finally, a set of future research challenges related to QST will be presented.","2024-04-14","2026-07-02 19:58:26","2026-07-10 01:01:29","","426-427","","","","","","","","","","","","","","","","","","","","Journal Abbreviation: 2024 IEEE/ACM 46th International Conference on Software Engineering: Companion Proceedings (ICSE-Companion)","","","","Quantum circuit; Quantum entanglement; Software; Computers; Quantum computing; Software engineering; quantum computing; Software testing; quantum programs; quantum software testing","","","","","","","","","","","","","","","","","","","","","","","","","","","","","","","","2024 IEEE/ACM 46th International Conference on Software Engineering: Companion Proceedings (ICSE-Companion)","","","","","","","","","","","","","","",""
"WGF8WQAK","conferencePaper","2023","X. Wang; P. Arcaini; T. Yue; S. Ali","QuCAT: A Combinatorial Testing Tool for Quantum Software","2023 38th IEEE/ACM International Conference on Automated Software Engineering (ASE)","2643-1572","","10.1109/ASE56229.2023.00062","","With the increased developments in quantum computing, the availability of systematic and automatic testing approaches for quantum programs is becoming increasingly essential. To this end, we present the quantum software testing tool QuCAT for combinatorial testing of quantum programs. QuCAT provides two functionalities of use. With the first functionality, the tool generates a test suite of a given strength (e.g., pairwise). With the second functionality, it generates test suites with increasing strength until a failure is triggered or a maximum strength is reached. QuCAT uses two test oracles to check the correctness of test outputs. We assess the cost and effectiveness of QuCAT with 3 faulty versions of 5 quantum programs. Results show that combinatorial test suites with a low strength can find faults with limited cost, while a higher strength performs better to trigger some difficult faults with relatively higher cost.","2023-09-11","2026-07-02 19:58:26","2026-07-10 01:03:21","","2066-2069","","","","","","","","","","","","","","","","","","","","Journal Abbreviation: 2023 38th IEEE/ACM International Conference on Automated Software Engineering (ASE)","","","","Software; Quantum computing; Software engineering; Costs; Combinatorial testing; Systematics; quantum programs; Automatic testing; combinatorial testing; software testing","","","","","","","","","","","","","","","","","","","","","","","","","","","","","","","","2023 38th IEEE/ACM International Conference on Automated Software Engineering (ASE)","","","","","","","","","","","","","","",""
"7IPM24RF","journalArticle","2025","X. Wang; S. Ali; D. Taibi","The Landscape of Quantum Software Testing Tools","IEEE Software","","1937-4194","10.1109/MS.2025.3578154","","This paper presents the current landscape of automated testing tools for quantum software. These tools are categorized by the testing techniques and analyzed based on several characteristics. We summarize the current state of these tools and provide insights to highlight major directions for future research.—Davide Taibi","2025-10","2026-07-02 19:58:26","2026-07-10 01:03:21","","136-140","","5","42","","IEEE Software","","","","","","","","","","","","","","","","","","","Quantum computing; Performance evaluation; Software testing; Software tools; Automatic testing; Market research","","","","","","","","","","","","","","","","","","","","","","","","","","","","","","","","","","","","","","","","","","","","","","",""
"MNB82S9B","conferencePaper","2026","R. Wille; M. Walter; S. Hofmann; P. Hopf; M. Messing; L. Burgholzer","The Munich Quantum Software Company: Developing Production-ready Quantum Computing Software","2026 Design, Automation & Test in Europe Conference (DATE)","1558-1101","","10.23919/DATE69613.2026.11539326","","Quantum computing is becoming a reality. Superconducting, ion traps, neutral atoms, etc.—the hardware is getting there! However, software capable of handling complex design tasks is needed to connect end users to these platforms. Unfortunately, software for quantum computing is still in its infancy, and the development of quantum computing software remains a significant challenge. The MQSC aims to create production-ready software tools that provide for quantum computing what we already take for granted in classical IT.","2026-04-20","2026-07-02 19:58:26","2026-07-10 01:01:20","","1-1","","","","","","","","","","","","","","","","","","","","Journal Abbreviation: 2026 Design, Automation & Test in Europe Conference (DATE)","","","","Software; Quantum computing","","","","","","","","","","","","","","","","","","","","","","","","","","","","","","","","2026 Design, Automation & Test in Europe Conference (DATE)","","","","","","","","","","","","","","",""
"8W5USQAR","conferencePaper","2023","T. Yue; S. Ali; P. Arcaini","Towards Quantum Software Requirements Engineering","2023 IEEE International Conference on Quantum Computing and Engineering (QCE)","","","10.1109/QCE57702.2023.10201","","Quantum software engineering (QSE) is receiving increasing attention, as evidenced by increasing publications on topics, e.g., quantum software modeling, testing, and debugging. However, in the literature, quantum software requirements engineering (QSRE) is still a software engineering area that is relatively less investigated. To this end, in this paper, we provide an initial set of thoughts about how requirements engineering for quantum software might differ from that for classical software after making an effort to map classical requirements classifications (e.g., functional and extra-functional requirements) into the context of quantum software. Moreover, we provide discussions on various aspects of QSRE that deserve attention from the Quantum software engineering community.","2023-09-17","2026-07-02 19:58:26","2026-07-10 01:02:12","","161-164","","","02","","","","","","","","","","","","","","","","","Journal Abbreviation: 2023 IEEE International Conference on Quantum Computing and Engineering (QCE)","","","","Software; Quantum computing; Debugging; Software engineering; Testing; quantum software engineering; requirements; requirements engineering; Requirements engineering","","","","","","","","","","","","","","","","","","","","","","","","","","","","","","","","2023 IEEE International Conference on Quantum Computing and Engineering (QCE)","","","","","","","","","","","","","","",""
"JZGQ96MM","conferencePaper","2022","M. Trinca; J. F. Ferreira; R. Abreu","A Preliminary Study on Generating Well-Formed Q# Quantum Programs for Fuzz Testing","2022 IEEE International Conference on Software Testing, Verification and Validation Workshops (ICSTW)","2159-4848","","10.1109/ICSTW55395.2022.00033","","Generative Sequence-To-Sequence models have been proposed for the task of generating well-formed programs, an important task for fuzz testing tools such as compilers. In this paper, we propose a Sequence-to-Sequence model to generate well-formed Q# Quantum programs. The ratio of syntactically valid programs among 1,000 Q# files generated by our model is 79.6%. In addition, we also contribute with a dataset of 1,723 Q# files taken from publicly available repositories on GitHub, which can be used by the growing community of Quantum Software Engineering.","2022-04-04","2026-07-02 19:58:26","2026-07-10 01:00:26","","118-121","","","","","","","","","","","","","","","","","","","","Journal Abbreviation: 2022 IEEE International Conference on Software Testing, Verification and Validation Workshops (ICSTW)","","","","Software; Software development management; Software engineering; Task analysis; Program processors; Conferences; Machine Learning; Quantum Software Engineering; Fuzzing; Fuzz Testing; Sequence-to-Sequence Models","","","","","","","","","","","","","","","","","","","","","","","","","","","","","","","","2022 IEEE International Conference on Software Testing, Verification and Validation Workshops (ICSTW)","","","","","","","","","","","","","","",""
"9VZR5S2X","conferencePaper","2026","S. Sadik; M. A. Mohosen; M. H. Nawab; T. Rahman; M. F. Rahman; M. Sayduzzaman; D. Kundu","QuSecVerify: Automated Verification Framework for Quantum Cybersecurity Software","2026 IEEE 2nd International Conference on Quantum Photonics, Artificial Intelligence & Networking (QPAIN)","","","10.1109/QPAIN69676.2026.11546456","","Quantum computing brings opportunities in the field of cybersecurity, yet ensuring that quantum security software is actually functional is a task of great proportions. This paper provides QuSecVerify, a verification model tailored to quantum cybersecurity applications (such as quantum key distribution, quantum-based intrusion detection, and quantum blockchain applications). We have used three methods that include formal verification over SMT solvers over a Quantum RAM model, mutation testing over security-oriented fault operators, and statistical testing as defined by repeated quantum measurements. We benchmarked the framework on key distribution on a quantum machine learning intrusion detector, BB84, and quantum consensus protocol. Our findings indicate that using our approach identifies 95.7 percent of injected faults, which is 40 percent less verification than in manual verifiability, and 23 bugs were still detected in tested implementations. The work is a bridge in the field of quantum software engineering, as it offers a practical and general tool to verify quantum code that is security-critical. [Here is the QuSecVerify Public Repository that consists of the full Implementation https://github.com/ssadik11/QuSecVerify]","2026-04-16","2026-07-02 19:58:26","2026-07-10 01:01:38","","1-7","","","","","","","","","","","","","","","","","","","","Journal Abbreviation: 2026 IEEE 2nd International Conference on Quantum Photonics, Artificial Intelligence & Networking (QPAIN)","","","","Protocols; Software; Programming; Encoding; formal verification; Security; Testing; Modeling; Printing; Timing; Tools; quantum software testing; mutation testing; quantum blockchain; quantum cryptography; quantum intrusion detection; SMT solvers","","","","","","","","","","","","","","","","","","","","","","","","","","","","","","","","2026 IEEE 2nd International Conference on Quantum Photonics, Artificial Intelligence & Networking (QPAIN)","","","","","","","","","","","","","","",""
"5LPQ2C6R","conferencePaper","2025","X. Mao; Z. Huang; J. Ge; C. Wang; W. Wang; L. Cai","Towards Defect Prediction for Quantum Software*","2025 IEEE/ACM International Workshop on Quantum Software Engineering (Q-SE)","","","10.1109/Q-SE66736.2025.00007","","Software defects are faults or bugs within a program that can lead to incorrect or unexpected outcomes. Efficiently allocating software quality assurance (SQA) resources to components with a higher likelihood of defects, based on software defect prediction (SDP) models, can save significant effort. Although SDP has been extensively studied in classical software, its applicability to quantum software remains unexplored. Defect prediction for quantum software presents unique challenges, including the susceptibility to quantum-specific defects arising from quantum coding conventions and the limited size of available datasets. To address these issues, we propose QDP-FSL, an SDP model using a pre-trained code model to capture the semantics of quantum software code, and applying few-shot learning (FSL) to learn effectively from a small number of defective samples. Results show that QDP-FSL outperforms baseline methods that rely on static analysis. This work lays the foundation for future research in defect prediction for quantum software engineering and outlines potential directions for further improvement.","2025-05-03","2026-07-02 19:58:26","2026-07-10 01:03:19","","1-8","","","","","","","","","","","","","","","","","","","","Journal Abbreviation: 2025 IEEE/ACM International Workshop on Quantum Software Engineering (Q-SE)","","","","Computer bugs; Software engineering; Encoding; Codes; Conferences; Semantics; Static analysis; Predictive models; Software quality; quantum software engineering; few shot learning; Few shot learning; software defect prediction; software quality assurance","","","","","","","","","","","","","","","","","","","","","","","","","","","","","","","","2025 IEEE/ACM International Workshop on Quantum Software Engineering (Q-SE)","","","","","","","","","","","","","","",""
"X6RSRISH","conferencePaper","2023","M. Yamaguchi; N. Yoshioka","Design by Contract Framework for Quantum Software","2023 IEEE/ACM 4th International Workshop on Quantum Software Engineering (Q-SE)","","","10.1109/Q-SE59154.2023.00010","","To realize reliable quantum software, techniques to automatically ensure the quantum software's correctness have recently been investigated. However, they primarily focus on fixed quantum circuits rather than the procedure of building quantum circuits. Despite being a common approach, the correctness of building circuits using different parameters following the same procedure is not guaranteed. To this end, we propose a design-by-contract framework for quantum software. Our framework provides a python-embedded language to write assertions on the input and output states of all quantum circuits built by certain procedures. Additionally, it provides a method to write assertions about the statistical processing of measurement results to ensure the procedure's correctness for obtaining the final result. These assertions are automatically checked using a quantum computer simulator. For evaluation, we implemented our framework and wrote assertions for some widely used quantum algorithms. Consequently, we found that our framework has sufficient expressive power to verify the whole procedure of quantum software.","2023-05-17","2026-07-02 19:58:26","2026-07-10 01:00:27","","24-25","","","","","","","","","","","","","","","","","","","","Journal Abbreviation: 2023 IEEE/ACM 4th International Workshop on Quantum Software Engineering (Q-SE)","","","","Quantum circuit; Software; Programming; quantum computing; Quantum algorithm; Conferences; Buildings; Software reliability; Programming by contract; Testing and Debugging","","","","","","","","","","","","","","","","","","","","","","","","","","","","","","","","2023 IEEE/ACM 4th International Workshop on Quantum Software Engineering (Q-SE)","","","","","","","","","","","","","","",""
"MUHMRFW2","conferencePaper","2025","T. Jin; S. Xia; J. Zhao","NovaQ: Improving Quantum Program Testing through Diversity-Guided Test Case Generation","2025 40th IEEE/ACM International Conference on Automated Software Engineering (ASE)","2643-1572","","10.1109/ASE63991.2025.00335","","Quantum programs are designed to run on quantum computers, leveraging quantum circuits to solve problems that are intractable for classical machines. As quantum computing advances, ensuring the reliability of quantum programs has become increasingly important. This paper introduces NovaQ, a diversity-guided testing framework for quantum programs. NovaQ combines a distribution-based test case generator with a novelty-driven evaluation module. The generator produces diverse quantum state inputs by mutating circuit parameters, while the evaluator quantifies behavioral novelty based on internal circuit state metrics, including magnitude, phase, and entanglement. By selecting inputs that map to infrequently covered regions in the metric space, NovaQ effectively explores under-tested program behaviors. We evaluate NovaQ on quantum programs of varying sizes and complexities. Experimental results show that NovaQ consistently achieves higher test input diversity and detects more bugs than existing baseline approaches.","2025-11-16","2026-07-02 19:58:26","2026-07-10 01:02:09","","3881-3885","","","","","","","","","","","","","","","","","","","","Journal Abbreviation: 2025 40th IEEE/ACM International Conference on Automated Software Engineering (ASE)","","","","Quantum state; Quantum circuit; Quantum entanglement; Software engineering; Qubit; Measurement; Testing; Generators; quantum programs; diversity; entanglement; Fault detection; magnitude; phase; Space exploration; test case","","","","","","","","","","","","","","","","","","","","","","","","","","","","","","","","2025 40th IEEE/ACM International Conference on Automated Software Engineering (ASE)","","","","","","","","","","","","","","",""
"2PNLIKX8","conferencePaper","2024","S. Saito; S. Endo; Y. Suzuki","Towards N-version Quantum Software Systems for Reliable Classical-Quantum Computing","2024 IEEE 35th International Symposium on Software Reliability Engineering Workshops (ISSREW)","2994-810X","","10.1109/ISSREW63542.2024.00064","","While quantum computers have attracted much attention, dealing with computational errors due to noise effects caused by the interaction between quantum hardware and the external environment is a significant challenge. In this paper, we propose an approach to apply N-version programming (NVP) to quantum software to improve the reliability of the entire quantum software system. First, we define architecture patterns for N-version quantum software systems (NVQS) based on a combination of quantum libraries and devices. Next, given that the output of the quantum software system is a probability distribution, we came up with an evaluation strategy inspired by the concept of NVP for clustering and selecting multiple probability distributions output from NVQS. Finally, we outline our future experimental plan.","2024-10-28","2026-07-02 19:58:26","2026-07-10 01:01:38","","119-120","","","","","","","","","","","","","","","","","","","","Journal Abbreviation: 2024 IEEE 35th International Symposium on Software Reliability Engineering Workshops (ISSREW)","","","","Programming; Quantum computing; Hardware; Probability distribution; Conferences; Libraries; Noise; Reliability engineering; Software reliability; Software systems; N-version programming; probability distribution; quantum software system","","","","","","","","","","","","","","","","","","","","","","","","","","","","","","","","2024 IEEE 35th International Symposium on Software Reliability Engineering Workshops (ISSREW)","","","","","","","","","","","","","","",""
"XAKYMSIW","conferencePaper","2025","N. C. L. Ramalho; E. A. da Silva; H. A. de Souza; M. L. Chaim","Quantum Testing in the Wild: A Case Study with Qiskit Algorithms","2025 IEEE International Conference on Software Analysis, Evolution and Reengineering (SANER)","2640-7574","","10.1109/SANER64311.2025.00079","","Although classical computing has excelled in a wide range of applications, there remain problems that push the limits of its capabilities, especially in fields like cryptography, optimization, and materials science. Quantum computing introduces a new computational paradigm, based on principles of superposition and entanglement to explore solutions beyond the capabilities of classical computation. With the increasing interest in the field, there are challenges and opportunities for academics and practitioners in terms of software engineering practices, particularly in testing quantum programs. This paper presents an empirical study of testing patterns in quantum algorithms. We analyzed all the tests handling quantum aspects of the implementations in the Qiskit Algorithms library and identified seven distinct patterns that make use of (1) fixed seeds for algorithms based on random elements; (2) deterministic oracles; (3) precise and approximate assertions; (4) Data-Driven Testing (DDT); (5) functional testing; (6) testing for intermediate parts of the algorithms being tested; and (7) equivalence checking for quantum circuits. Our results show a prevalence of classical testing techniques to test the quantum-related elements of the library, while recent advances from the research community have yet to achieve wide adoption among practitioners.","2025-03-04","2026-07-02 19:58:26","2026-07-10 01:00:49","","780-785","","","","","","","","","","","","","","","","","","","","Journal Abbreviation: 2025 IEEE International Conference on Software Analysis, Evolution and Reengineering (SANER)","","","","Software algorithms; Quantum circuit; Quantum entanglement; Software; Software engineering; Quantum algorithm; Testing; Libraries; Approximation algorithms; Software testing; Quantum Software Engineering; Quantum Software Testing; Empirical Study; Test Patterns","","","","","","","","","","","","","","","","","","","","","","","","","","","","","","","","2025 IEEE International Conference on Software Analysis, Evolution and Reengineering (SANER)","","","","","","","","","","","","","","",""
"CMQDXXD7","conferencePaper","2021","S. Ali; P. Arcaini; X. Wang; T. Yue","Assessing the Effectiveness of Input and Output Coverage Criteria for Testing Quantum Programs","2021 14th IEEE Conference on Software Testing, Verification and Validation (ICST)","2159-4848","","10.1109/ICST49551.2021.00014","","Quantum programs implement quantum algorithms solving complex computational problems. Testing such programs is challenging due to the inherent characteristics of Quantum Computing (QC), such as the probabilistic nature and computations in superposition. However, automated and systematic testing is needed to ensure the correct behavior of quantum programs. To this end, we present an approach called Quito (QUantum InpuT Output coverage) consisting of three coverage criteria defined on the inputs and outputs of a quantum program, together with their test generation strategies. Moreover, we define two types of test oracles, together with a procedure to determine the passing and failing of test suites with statistical analyses. To evaluate the cost-effectiveness of the three coverage criteria, we conducted experiments with five quantum programs. We used mutation analysis to determine the coverage criteria’ effectiveness and cost in terms of the number of test cases. Based on the results of mutation analysis, we also identified equivalent mutants for quantum programs.","2021-04-12","2026-07-02 19:58:26","2026-07-10 01:01:29","","13-23","","","","","","","","","","","","","","","","","","","","Journal Abbreviation: 2021 14th IEEE Conference on Software Testing, Verification and Validation (ICST)","","","","Quantum algorithm; Conferences; Systematics; Software testing; Statistical analysis; quantum programs; software testing; Probabilistic logic; mutation analysis; coverage criteria; Test pattern generators","","","","","","","","","","","","","","","","","","","","","","","","","","","","","","","","2021 14th IEEE Conference on Software Testing, Verification and Validation (ICST)","","","","","","","","","","","","","","",""
"VWTIFC62","conferencePaper","2024","R. Wille; L. Schmid; Y. Stade; J. Echavarria; M. Schulz; L. Schulz; L. Burgholzer","QDMI - Quantum Device Management Interface: Hardware-Software Interface for the Munich Quantum Software Stack","2024 IEEE International Conference on Quantum Computing and Engineering (QCE)","","","10.1109/QCE60285.2024.10411","","Quantum computing is a promising technology that requires a sophisticated software stack to connect end users to the wide range of possible quantum backends. However, current software tools are usually hard-coded for single platforms and lack a dynamic interface that can automatically retrieve and adapt to changing physical characteristics and constraints of different platforms. With new hardware platforms frequently introduced and their performance changing on a daily basis, this constitutes a serious limitation. In this paper, we show-case a concept and a prototypical realization of an interface, called the Quantum Device Management Interface (QDMI), that addresses this problem by explicitly connecting the software and hardware developers, mediating between their competing interests. QDMI allows hardware platforms to provide their physical characteristics in a standardized way, and software tools to query that data to guide the compilation process accordingly. This enables software tools to automatically adapt to different platforms and to optimize the compilation process for the specific hardware constraints. QDMI is a central part of the Munich Quantum Software Stack (MQSS)-a sophisticated software stack to connect end users to the wide range of possible quantum backends. QDMI is publicly available as open source at https://github.com/Munich-Quantum-Software-Stack/QDMI.","2024-09-15","2026-07-02 19:58:26","2026-07-10 01:01:20","","573-574","","","02","","","","","","","","","","","","","","","","","Journal Abbreviation: 2024 IEEE International Conference on Quantum Computing and Engineering (QCE)","","","","Quantum computing; Hardware; Performance evaluation; Full stack; quantum software; Software tools; hardware-software interface; mqss; qdmi; software stack","","","","","","","","","","","","","","","","","","","","","","","","","","","","","","","","2024 IEEE International Conference on Quantum Computing and Engineering (QCE)","","","","","","","","","","","","","","",""
"ZY9SGBWJ","conferencePaper","2021","X. Wang; P. Arcaini; T. Yue; S. Ali","Quito: a Coverage-Guided Test Generator for Quantum Programs","2021 36th IEEE/ACM International Conference on Automated Software Engineering (ASE)","2643-1572","","10.1109/ASE51524.2021.9678798","","Automation in quantum software testing is essential to support systematic and cost-effective testing. Towards this direction, we present a quantum software testing tool called Quito that can automatically generate test suites covering three coverage criteria defined on inputs and outputs of a quantum program coded in Qiskit, i.e., input coverage, output coverage, and input-output coverage. Quito also implements two types of test oracles based on program specifications, i.e., checking whether a quantum program produced a wrong output or checking a probabilistic test oracle with statistical test. We describe the architecture and methodology of the tool. We also validated the tool with one quantum program and one faulty version of it. Results indicate that Quito can generate test suites and perform test assessments that detect faults, and produce test results with a good time performance.Quito’s code: https://github.com/Simula-COMPLEX/quitoQuito’s video: https://youtu.be/kuI9QaCo8A8Artifact Available: https://doi.org/10.5281/zenodo.5288665","2021-11-15","2026-07-02 19:58:26","2026-07-10 01:03:20","","1237-1241","","","","","","","","","","","","","","","","","","","","Journal Abbreviation: 2021 36th IEEE/ACM International Conference on Automated Software Engineering (ASE)","","","","Software; Codes; Computer architecture; Computer languages; Systematics; Software testing; quantum programs; software testing; Probabilistic logic; coverage criteria; test assessment; test generation","","","","","","","","","","","","","","","","","","","","","","","","","","","","","","","","2021 36th IEEE/ACM International Conference on Automated Software Engineering (ASE)","","","","","","","","","","","","","","",""
"PVC58ELZ","conferencePaper","2022","R. Abreu; J. P. Fernandes; L. Llana; G. Tavares","Metamorphic Testing of Oracle Quantum Programs","2022 IEEE/ACM 3rd International Workshop on Quantum Software Engineering (Q-SE)","","","10.1145/3528230.3529189","","Quantum Computing is regarded with a growing sense of excite-ment and expectation. While the preliminary evidences of its prac-tical interest accumulate, there are numerous challenges that must be addressed before quantum computing can reach generalized adoption and realize its full potential. One such challenge concerns assessing whether a quantum program is correct, namely in the sense that it implements the desired functionality. In the classical realm, program testing is a well-established approach to find de-fects in programs. While this approach should inspire quantum software development, porting classical testing techniques to the quantum world is by no means trivial. We propose a novel approach to test quantum programs. Our approach is based on the use of metamorphic relations, which allows us to overcome the well-known quantum measurement problem. We describe a series of exploratory experiments whose results provide evidence of the usefulness of our approach.","2022-05-18","2026-07-02 19:58:26","2026-07-10 01:01:14","","16-23","","","","","","","","","","","","","","","","","","","","Journal Abbreviation: 2022 IEEE/ACM 3rd International Workshop on Quantum Software Engineering (Q-SE)","","","","Software; Quantum computing; Software engineering; Testing; Conferences; Metamorphic Testing; Quantum Software Qual-ity; Quantum Testing","","","","","","","","","","","","","","","","","","","","","","","","","","","","","","","","2022 IEEE/ACM 3rd International Workshop on Quantum Software Engineering (Q-SE)","","","","","","","","","","","","","","",""
"LEJMRIWN","conferencePaper","2021","X. Wang; P. Arcaini; T. Yue; S. Ali","Application of Combinatorial Testing to Quantum Programs","2021 IEEE 21st International Conference on Software Quality, Reliability and Security (QRS)","2693-9177","","10.1109/QRS54544.2021.00029","","The capability of Quantum Computing (QC) in solving complex problems has been increasingly recognized. However, similar to classical computing, to fully exploit QC's potential, it is important to ensure the correctness of quantum programs. Doing so via software testing is, however, very challenging because of QC's inherent properties: superposition and entanglement. Towards the direction of ensuring the correctness of quantum programs, we propose an approach called QuCAT (QUantum CombinAtorial Testing) for systematic and automated testing of quantum programs by benefiting from combinatorial testing, which has been proven to be cost-effective in testing classical programs. QuCAT supports two combinatorial test suite generation scenarios, i.e., generating combinatorial test suites of a given strength, and incrementally generating and executing combinatorial test suites of increasing strength until a fault is found. The approach employs two types of test oracles to assess test results. We performed an empirical study with 18 faulty versions of quantum programs to evaluate QuCAT with strengths of two, three, and four in the two test generation scenarios. We compare the cost-effectiveness of combinatorial testing of various strengths and random testing (taken as baseline approach). Results show that combinatorial testing always performs better than random testing with the same cost and finds faults more quickly (in terms of required number of test cases). In addition, in most cases, combinatorial testing with a higher strength outperforms the lower strength in terms of effectiveness.","2021-12-06","2026-07-02 19:58:26","2026-07-10 01:03:20","","179-188","","","","","","","","","","","","","","","","","","","","Journal Abbreviation: 2021 IEEE 21st International Conference on Software Quality, Reliability and Security (QRS)","","","","Quantum computing; Costs; Combinatorial testing; Conferences; Software quality; Systematics; Software reliability; quantum programs; quantum software testing; combinatorial testing","","","","","","","","","","","","","","","","","","","","","","","","","","","","","","","","2021 IEEE 21st International Conference on Software Quality, Reliability and Security (QRS)","","","","","","","","","","","","","","",""
"3CRPG779","conferencePaper","2022","N. Oldfield; T. Yue; S. Ali","Investigating Quantum Cause-Effect Graphs","2022 IEEE/ACM 3rd International Workshop on Quantum Software Engineering (Q-SE)","","","10.1145/3528230.3529186","","Cause-effect graphs have shown promising results in identifying relations among causes and effects of classical software systems, followed by designing effective test cases from them. Towards this end, we investigate the use of cause-effect graphs for quantum pro-grams. Classical cause-effect graphs apply classical logic (e.g., AND, OR) to express these relations, which might not be practical for describing similar relations in quantum programs due to quantum superposition and entanglement. Thus, we propose an extension of cause-effect graphs, where quantum logic inspired functions (e.g., Hadamard) and their generalizations are defined and applied. Moreover, we present a metamodel describing various forms of cause-effect graphs. Finally, we demonstrate a possible method for generating test cases from a quantum cause-effect graph applied to a Bell state quantum program. Lastly, the design and utility of the resulting testing method is discussed, along with future prospects for general quantum cause-effect graphs.","2022-05-18","2026-07-02 19:58:26","2026-07-10 01:00:50","","8-15","","","","","","","","","","","","","","","","","","","","Journal Abbreviation: 2022 IEEE/ACM 3rd International Workshop on Quantum Software Engineering (Q-SE)","","","","Quantum entanglement; Software engineering; Testing; Conferences; quantum software engineering; Software systems; quantum software testing; cause-effect graphing; quantum program specification","","","","","","","","","","","","","","","","","","","","","","","","","","","","","","","","2022 IEEE/ACM 3rd International Workshop on Quantum Software Engineering (Q-SE)","","","","","","","","","","","","","","",""
"KSLFC4P3","conferencePaper","2025","S. Bhambri; A. Vaid; S. Anand; C. Sharma","Hybrid Machine Learning and Optimization Framework for Enhancing Decision-Making in Software Testing Processes","2025 IEEE 4th World Conference on Applied Intelligence and Computing (AIC)","","","10.1109/AIC66080.2025.11211907","","The software testing process is a critical phase in the software development lifecycle, aimed at systematically evaluating and validating the functionality, efficacy, and dependability of software applications to ensure they meet specified requirements and deliver high-quality user experiences. Nevertheless, despite its significance, the software testing process often faces challenges like high time consumption and resource demands, which can impact project schedules and budgets if not managed effectively. In this paper, a hybrid deep learning-based framework for improving intelligent decision-making in software testing processes is proposed. At first, the input data are taken via Intelligent Test Management System. To implement this, the input data is preprocessed utlizing Fast Resampled Iterative Filtering, which performs error correction, removes duplicate data, handles missing values, and encodes categorical variables in the dataset. Then, the pre-processed data is provided to the Signed Cumulative Distribution Transform for extracting semantic and categorical information from test specifications such as descriptions, procedures, and quality attributes. After that, the extracted features are given to the Progressive Graph Convolutional Networks, which forecasts the Continuous Integration configuration for each test case. Finally, the Multi-feature Attention Convolutional Neural Network is utilized to categorize whether every test case should be automated or implemented manually, thereby improving test accuracy, minimizing effort, and optimizing software testing efficiency. Then the proposed method is implemented in python and the performance metrics like Accuracy, Precision, F1-Score and Rate of Curve are analysed. The performance of the proposed approach attains highest accuracy for automated and manual. The role of artificial intelligence and machine learning in software testing and mitigating noise in quantum software testing using ML methods respectively.","2025-07-26","2026-07-02 19:58:26","2026-07-10 01:01:31","","1-9","","","","","","","","","","","","","","","","","","","","Journal Abbreviation: 2025 IEEE 4th World Conference on Applied Intelligence and Computing (AIC)","","","","Feature extraction; Accuracy; Scalability; Computational modeling; Measurement; Deep learning; Python; Software testing; Software Testing; Continuous integration; Continuous Integration; Decision making; Manual Test Prediction; Software Quality Assurance; Test Automation; Test Specification Analysis; Testing Effort Reduction","","","","","","","","","","","","","","","","","","","","","","","","","","","","","","","","2025 IEEE 4th World Conference on Applied Intelligence and Computing (AIC)","","","","","","","","","","","","","","",""
"7IZK4YT4","conferencePaper","2023","M. Paltenghi; M. Pradel","MorphQ: Metamorphic Testing of the Qiskit Quantum Computing Platform","2023 IEEE/ACM 45th International Conference on Software Engineering (ICSE)","1558-1225","","10.1109/ICSE48619.2023.00202","","As quantum computing is becoming increasingly popular, the underlying quantum computing platforms are growing both in ability and complexity. Unfortunately, testing these platforms is challenging due to the relatively small number of existing quantum programs and because of the oracle problem, i.e., a lack of specifications of the expected behavior of programs. This paper presents MorphQ, the first metamorphic testing approach for quantum computing platforms. Our two key contributions are (i) a program generator that creates a large and diverse set of valid (i.e., non-crashing) quantum programs, and (ii) a set of program transformations that exploit quantum-specific metamorphic relationships to alleviate the oracle problem. Evaluating the approach by testing the popular Qiskit platform shows that the approach creates over 8k program pairs within two days, many of which expose crashes. Inspecting the crashes, we find 13 bugs, nine of which have already been confirmed. MorphQ widens the slim portfolio of testing techniques of quantum computing platforms, helping to create a reliable software stack for this increasingly important field.","2023-05-14","2026-07-02 19:58:26","2026-07-10 01:00:24","","2413-2424","","","","","","","","","","","","","","","","","","","","Journal Abbreviation: 2023 IEEE/ACM 45th International Conference on Software Engineering (ICSE)","","","","Software; Quantum computing; Computer bugs; Full stack; quantum computing; Qiskit; Reliability engineering; Fuzzing; quantum bugs; Automatic programming; compiler testing; differential testing; fuzz testing; metamorphic testing; MorphQ; quality assurance; quantum computing platforms; quantum program generator; quantum software reliability; software engineering","","","","","","","","","","","","","","","","","","","","","","","","","","","","","","","","2023 IEEE/ACM 45th International Conference on Software Engineering (ICSE)","","","","","","","","","","","","","","",""
"CHB8EQCY","conferencePaper","2025","G. Bisicchia; A. Bocci; J. García-Alonso; J. M. Murillo; A. Brogi","QSimBench: An Execution-Level Benchmark Suite for Quantum Software Engineering","2025 IEEE International Conference on Quantum Computing and Engineering (QCE)","","","10.1109/QCE65121.2025.10315","","Reproducibility and comparability remain fundamental challenges in the empirical evaluation of Quantum Software Engineering (QSE) tools. These challenges arise from the intrinsic probabilistic behavior of quantum programs and the variability introduced by quantum hardware and simulator backends. While existing quantum benchmarks typically offer only static circuit definitions, they often leave researchers responsible for data generation and execution, hindering the creation of standardized and reproducible experiments. In this paper, we introduce QSimBench, a novel, open-source benchmark suite and accompanying Python library designed to address these limitations. QSimBench provides over 20 million precomputed shot-level execution traces: $\mathbf{2 0, 0 0 0}$ measurements each, across $\mathbf{1 4}$ quantum algorithms, multiple circuit sizes ($4-15$ qubits), and six Qiskit-based backends including both ideal and noise-injected simulations. Each configuration includes not only detailed measurement histories but also the original circuit in OpenQASM, the backend's noise model, and configuration metadata, ensuring full transparency and enabling in-depth analysis. QSimBench empowers researchers to conduct scalable, reproducible, and statistically rigorous evaluations of QSE tools, such as those for monitoring, orchestration, and statistical post-processing, without the need for expensive or difficult-to-reproduce quantum executions. The benchmark is distributed with a lightweight Python API that facilitates fast data retrieval, flexible sampling strategies, and seamless integration into experimental pipelines. QSimBench is publicly available, aiming to foster collaborative and reproducible research within the quantum software community.","2025-09-30","2026-07-02 19:58:26","2026-07-10 00:58:16","","175-180","","","02","","","","","","","","","","","","","","","","","Journal Abbreviation: 2025 IEEE International Conference on Quantum Computing and Engineering (QCE)","","","","Software algorithms; Software; Quantum computing; Software engineering; Hardware; Noise measurement; Benchmark testing; Quantum Computing; Analytical models; Python; Quantum Simulation; Quantum Software Engineering; Quantum Benchmark; Reproducibility of results","","","","","","","","","","","","","","","","","","","","","","","","","","","","","","","","2025 IEEE International Conference on Quantum Computing and Engineering (QCE)","","","","","","","","","","","","","","",""
"MBRDLNIE","conferencePaper","2025","S. Hu; V. Lopata; S. Soudjani; P. Zuliani","Verification of Quantum Circuits Through Barrier Certificates Using a Scenario Approach","2025 IEEE International Conference on Quantum Software (QSW)","","","10.1109/QSW67625.2025.00027","","In recent years, various techniques have been explored for the verification of quantum circuits, including the use of barrier certificates, mathematical tools capable of demonstrating the correctness of such systems. These certificates ensure that, starting from initial states and applying the system's dynamics, the system will never reach undesired states. In this paper, we propose a methodology for synthesizing such certificates for quantum circuits using a scenario-based approach, for both finite and infinite time horizons. In addition, our approach can handle uncertainty in the initial states and in the system's dynamics. We present several case studies on quantum circuits, comparing the performance of different types of barrier certificate and analyzing which one is most suitable for each case.","2025-07-07","2026-07-02 19:58:26","2026-07-10 01:01:33","","151-161","","","","","","","","","","","","","","","","","","","","Journal Abbreviation: 2025 IEEE International Conference on Quantum Software (QSW)","","","","Quantum circuit; Scalability; Formal verification; Optimization; Quantum system; Computational modeling; Integrated circuit modeling; formal verification; Linear programming; quantum circuits; Uncertainty; barrier certificates; k-induction; scenario program; System dynamics","","","","","","","","","","","","","","","","","","","","","","","","","","","","","","","","2025 IEEE International Conference on Quantum Software (QSW)","","","","","","","","","","","","","","",""
"83SX6ABP","conferencePaper","2025","G. Pontolillo; A. Muqeet; S. Ali; M. R. Mousavi","From Ideal to Noisy: Adapting Property-Based Testing for Real-World Noisy Quantum Computers","2025 IEEE International Conference on Quantum Computing and Engineering (QCE)","","","10.1109/QCE65121.2025.00053","","Quantum software testing is essential for the quality assurance of quantum programs. However, existing techniques face many challenges, such as constructing test oracles and distinguishing genuine faults from noise-induced errors. Propertybased testing is a promising solution for dealing with the test oracle issue, which verifies general properties rather than requiring inputs and outputs. However, its effectiveness in noisy quantum environments has not been studied. To this end, we evaluate the feasibility of applying property-based testing in noisy quantum computers by integrating it with a state-of-the-art machine learning-based noise mitigation method called QOIN. Our results show that on average, QOIN mitigates noise for individual circuits, though it may introduce outliers. Crucially, this does not guarantee property preservation: we show that some properties align better with QOIN, while others remain closer under unmitigated noise. To address this, we apply a hybrid approach that selectively applies QOIN during property-based testing. We show that this hybrid approach improves alignment with the ideal execution and significantly reduces false positives in assertion outcomes across most executed mutants. This provides a solid foundation for applying property-based testing to noisy quantum systems.","2025-09-30","2026-07-02 19:58:26","2026-07-10 00:58:18","","405-416","","","01","","","","","","","","","","","","","","","","","Journal Abbreviation: 2025 IEEE International Conference on Quantum Computing and Engineering (QCE)","","","","Computers; Noise measurement; Integrated circuit modeling; Qubit; Quantum Computing; Solids; Machine learning; Testing; Noise; Prevention and mitigation; Software testing; Machine Learning; Quantum Software Testing; Noise Mitigation; Property-Based Testing","","","","","","","","","","","","","","","","","","","","","","","","","","","","","","","","2025 IEEE International Conference on Quantum Computing and Engineering (QCE)","","","","","","","","","","","","","","",""
"NVPLISQ7","conferencePaper","2026","S. Shah; S. Godboley; P. R. Krishna","QGMR: A New Quantum Mutation Testing Operator","2026 IEEE International Conference on Software Analysis, Evolution and Reengineering - Companion (SANER-C)","","","10.1109/SANER-C67878.2026.00056","","Mutation testing is an important technique for assessing the quality of test cases and software systems. It involves introducing changes into the code and identifying those changes. In the context of quantum computing, where programs are shown as quantum circuits composed of quantum gates, the traditional mutation testing techniques face unique challenges due to the inherent complexity of quantum algorithms and operations. We propose a novel strategy for higher-order mutation testing of quantum programs. Our main objective is to enhance the reliability of the quantum program. We propose a mutator to replace quantum gates in a quantum program. It identifies the gate combinations and their syntactic equivalence. We compare circuit state vectors to identify equivalent gate combinations and present the results for efficient mutation generation.","2026-03-17","2026-07-02 19:58:26","2026-07-10 01:01:39","","373-376","","","","","","","","","","","","","","","","","","","","Journal Abbreviation: 2026 IEEE International Conference on Software Analysis, Evolution and Reengineering - Companion (SANER-C)","","","","Quantum circuit; Logic gates; Circuits; Circuits and systems; Quantum communication; Quantum Program; Gate Replacement; Graphical user interfaces; Product development; Quantum Gate Merge Replacement; Quantum Mutation Testing; Radio access networks; Regional area networks","","","","","","","","","","","","","","","","","","","","","","","","","","","","","","","","2026 IEEE International Conference on Software Analysis, Evolution and Reengineering - Companion (SANER-C)","","","","","","","","","","","","","","",""
"NFK3EPDE","conferencePaper","2023","T. Jin; J. Zhao","ScaffML: A Quantum Behavioral Interface Specification Language for Scaffold","2023 IEEE International Conference on Quantum Software (QSW)","","","10.1109/QSW59989.2023.00024","","Ensuring the correctness of quantum programs is crucial for quantum software quality assurance. Although various effective verification methods exist for classical programs, they cannot be applied to quantum programs due to the fundamental differences in their execution logic, such as quantum superposition and entanglement. This calls for new methods to verify the correctness of quantum programs. In this paper, we present a behavioral interface specification language (BISL) called ScaffML for the quantum programming language Scaffold. ScaffML allows the specification of pre- and post-conditions for Scaffold modules and enables the mixing of assertions with Scaffold code, thereby facilitating debugging and verification of quantum programs. This paper discusses the goals and overall approach of ScaffML and describes the basic features of the language through examples. ScaffML provides an easy-to-use specification language for quantum programmers, supporting static analysis, run-time checking, and formal verification of Scaffold programs. Finally, we present several instances to illustrate the workflow and functionalities of ScaffML.","2023-07-02","2026-07-02 19:58:26","2026-07-10 01:02:09","","128-137","","","","","","","","","","","","","","","","","","","","Journal Abbreviation: 2023 IEEE International Conference on Quantum Software (QSW)","","","","Quantum entanglement; Quantum computing; Debugging; Codes; quantum computing; Static analysis; Software quality; testing; ScaffML; Scaffold; Specification languages; verification","","","","","","","","","","","","","","","","","","","","","","","","","","","","","","","","2023 IEEE International Conference on Quantum Software (QSW)","","","","","","","","","","","","","","",""
"9J6EDWIK","journalArticle","2026","Y. Li; K. -Y. Cai; B. Yin","A Dynamic Test Oracle for Quantum Programs With Separable Output States","IEEE Transactions on Software Engineering","","1939-3520","10.1109/TSE.2026.3670211","","As quantum software engineering advances, testing techniques are required to assess the quality of quantum programs (QPs). In the test process, the test oracle is vital for determining whether the test result indicates a success or a failure. Most related works directly measure the output states and acquire the corresponding test results by comparing the output distribution with the expected one. While attention has been paid to the capability of fault detection, the guarantee for the correctness of the produced test results remains limited. Unlike classical programs (CPs), the output quantum states of QPs should be transformed into probabilistic classical outcomes through quantum measurement. This additional operation of measurement could cause a test oracle to yield the wrong test results. Especially for high-dimensional output spaces, numerous measurement outcomes are required to capture the distribution characteristics, threatening the effectiveness and cost-efficiency of test oracles. Hence, this paper proposes a novel specified test oracle DOSS employing a dynamic scheme to integrate a quantum algorithm (i.e., swap test) with the direct measurement mode. This innovative approach enables the validation of individual outputs rather than their distribution during the testing phase. Considering acceptable cost, DOSS decomposes the fully or partially separable output states to lower the dimensionality and simplify the quantum circuit for testing. Empirical studies demonstrate that DOSS generally gives more correct test results than baselines, and maintains reasonable cost on an ideal simulator. Besides, DOSS’s effectiveness with quantum noise involved is validated via three noisy simulators.","2026-04","2026-07-02 19:58:26","2026-07-10 01:02:52","","1568-1591","","4","52","","IEEE Transactions on Software Engineering","","","","","","","","","","","","","","","","","","","Quantum state; Scalability; Quantum entanglement; Logic gates; Noise measurement; Qubit; Quantum algorithm; Costs; Statistical analysis; Quantum software testing; Hilbert space; separable state; swap test; test oracle","","","","","","","","","","","","","","","","","","","","","","","","","","","","","","","","","","","","","","","","","","","","","","",""
"YJ5RD24H","conferencePaper","2021","M. Soeken; M. Mykhailova; V. Kliuchnikov; C. Granade; A. Vaschillo","A Resource Estimation and Verification Workflow in Q# Special session paper","2021 Design, Automation & Test in Europe Conference & Exhibition (DATE)","1558-1101","","10.23919/DATE51398.2021.9474228","","An important branch in quantum computing involves accurate resource estimation to assess the cost of running a quantum algorithm on future quantum hardware. A comprehensive and self-contained workflow with the quantum program in its center allows programmers to build comprehensible and reproducible resource estimation projects. We show how to systematically create such workflows using the quantum programming language Q#. Our approach uses simulators for verification, debugging, and resource estimation, as well as rewrite steps for optimization.","2021-02-01","2026-07-02 19:58:26","2026-07-10 01:00:25","","1050-1055","","","","","","","","","","","","","","","","","","","","Journal Abbreviation: 2021 Design, Automation & Test in Europe Conference & Exhibition (DATE)","","","","Qubit; Estimation; Quantum algorithm; Semantics; Computer languages; Libraries; Systematics","","","","","","","","","","","","","","","","","","","","","","","","","","","","","","","","2021 Design, Automation & Test in Europe Conference & Exhibition (DATE)","","","","","","","","","","","","","","",""
"R5S2WA3J","journalArticle","2026","T. Hacaloglu; H. Soubra; P. Bourque; A. Abran","Quantum Software Size: What Do We Measure, How and Why? A Systematic Literature Review","IEEE Access","","2169-3536","10.1109/ACCESS.2026.3700957","","Rapid growth in quantum computing has created an urgent need to adapt traditional software engineering methodologies. Among these methodological challenges, software size measurement plays a central role in project estimation, quality assurance, and software engineering management. However, there is no consolidated understanding of how it should be applied to quantum software systems. This paper presents the first systematic literature review on quantum software size measurement, synthesizing existing approaches, and identifying key research gaps. An analysis of 16 studies shows that size measures span multiple abstraction levels, with most research focusing on adapting classical metrics, such as Lines of Code (LOC) and functional size, to quantum software systems. LOC continues to be used for sizing quantum code, while COSMIC Function Points (ISO 19761) have been extended to capture data movements in quantum components, enabling their application at the requirement, code, and circuit levels. At the specification and architectural design levels, the proposed measures include counts of quantum classes and methods as well as lines of architectural specifications. At the circuit level, quantum-specific constructs, such as qubits, gates, and measurements, are also incorporated. Additionally, software structure metrics, including cyclomatic complexity and Halstead metrics, are used to measure quantum software at both the code and design levels. Research output has grown since 2024, and is driven by academic groups, with minimal industrial participation. However, most metrics remain conceptual, lack empirical validation, and are not integrated into development life cycles, highlighting the immaturity and fragmentation of current proposals and the need for standardized frameworks.","2026","2026-07-02 19:58:26","2026-07-10 01:02:03","","86893-86914","","","14","","IEEE Access","","","","","","","","","","","","","","","","","","","Software; Quantum computing; Software engineering; Hardware; Qubit; Codes; Measurement; Software measurement; Reviews; Size measurement; software size measurement; systematic literature review","","","","","","","","","","","","","","","","","","","","","","","","","","","","","","","","","","","","","","","","","","","","","","",""
"4I7LC79A","conferencePaper","2024","N. Sato; R. Katsube","Locating Buggy Segments in Quantum Program Debugging","2024 IEEE/ACM 46th International Conference on Software Engineering: New Ideas and Emerging Results (ICSE-NIER)","2832-7632","","10.1145/3639476.3639761","","When a bug is detected by testing a quantum program on a quantum computer, we want to determine its location to fix it. To locate the bug, the quantum program is divided into several segments, and each segment is tested. However, to prepare a quantum state that is input to a segment, it is necessary to execute all the segments ahead of that segment in a quantum computer. This means that the cost of testing each segment depends on its location. We can also locate a buggy segment only if it is confirmed that there are no bugs in all segments ahead of that buggy segment. Since a quantum program is tested statistically on the basis of measurement results, there is a tradeoff between testing accuracy and cost. Although these characteristics are unique to quantum programs and complicate locating bugs, they have not been investigated. We suggest for the first time that these characteristics should be considered to efficiently locate bugs. We are also the first to propose a bug-locating method that takes these characteristics into account. The results from experiments indicate that the bug-locating cost, represented as the number of executed quantum gates, can be reduced with the proposed method compared with naive methods.","2024-04-14","2026-07-02 19:58:26","2026-07-10 01:00:51","","26-31","","","","","","","","","","","","","","","","","","","","Journal Abbreviation: 2024 IEEE/ACM 46th International Conference on Software Engineering: New Ideas and Emerging Results (ICSE-NIER)","","","","Quantum state; Accuracy; Quantum computing; Computer bugs; Debugging; Software engineering; Logic gates; Costs; Testing","","","","","","","","","","","","","","","","","","","","","","","","","","","","","","","","2024 IEEE/ACM 46th International Conference on Software Engineering: New Ideas and Emerging Results (ICSE-NIER)","","","","","","","","","","","","","","",""
"BIJCUR3Q","journalArticle","2026","S. S. H. Ng; M. Walter; S. Hofmann; J. Drewniok; R. Wille; K. Walus","RTL-to-Atoms Synthesis of a Machine Learning Accelerator on Atomic-Scale Computers","IEEE Transactions on Nanotechnology","","1941-0085","10.1109/TNANO.2026.3689032","","As complementary metal-oxide-semiconductor (CMOS) scaling slows and artificial intelligence (AI) demand soars, atomic-scale platforms such as quantum-dot logic based on silicon dangling bond (SiDB) offer a promising path toward energy-efficient computation, yet practical design flows from register- transfer level (RTL) specifications to manufacturable layouts remain limited. This work presents an RTL-to-atoms synthesis framework for a quantized matrix multiply unit (MXU) targeting SiDB-based field-coupled nanocomputing (FCN). Building on recent advances in SiDB-aware electronic design automation (EDA), the framework combines a hierarchical, parameterized RTL architecture with platform-optimized arithmetic logic unit (ALU), reducing the synthesized logic core of processing elements by about $\bm {15\,\%}$ compared to prior flows. Key improvements were also made to the synthesis workflow to better optimize for SiDB logic and incorporate figure-of-merit awareness, which together ensure that the synthesized layouts achieve favorable area scaling and throughput while balancing operational robustness. Evaluations across multiple bit-widths show substantial footprint reductions for configurations within the tractable range of the latest placement-and-routing algorithms while preserving testbench-validated correctness from RTL to dot-accurate SiDB layouts, thereby establishing a reproducible benchmark for EDA on atomic-scale computing. This represents a significant milestone, bridging manually intensive workflows with scalable, automated methodologies, providing a valuable foundation for future design efforts for SiDB-based accelerators.","2026","2026-07-02 19:58:26","2026-07-10 01:01:38","","197-202","","","25","","IEEE Transactions on Nanotechnology","","","","","","","","","","","","","","","","","","","Logic gates; Circuits; machine learning; Integrated circuits; Adders; Circuits and systems; Circuit synthesis; Space exploration; computer-aided design; Electronic design automation; quantum dots; Register transfer level; silicon dangling bonds; Single electron devices; Single electron transistors","","","","","","","","","","","","","","","","","","","","","","","","","","","","","","","","","","","","","","","","","","","","","","",""
"AJRY3SII","conferencePaper","2022","X. Wang; P. Arcaini; T. Yue; S. Ali","QuSBT: Search-Based Testing of Quantum Programs","2022 IEEE/ACM 44th International Conference on Software Engineering: Companion Proceedings (ICSE-Companion)","2574-1926","","10.1145/3510454.3516839","","Generating a test suite for a quantum program such that it has the maximum number of failing tests is an optimization problem. For such optimization, search-based testing has shown promising results in the context of classical programs. To this end, we present a test generation tool for quantum programs based on a genetic algorithm, called QuSBT (Search-based Testing of Quantum Programs). QuSBT automates the testing of quantum programs, with the aim of finding a test suite having the maximum number of failing test cases. QuSBT utilizes IBM’s Qiskit as the simulation framework for quantum programs. We present the tool architecture in addition to the implemented methodology (i.e., the encoding of the search individual, the definition of the fitness function expressing the search problem, and the test assessment w.r.t. two types of failures). Finally, we report results of the experiments in which we tested a set of faulty quantum programs with QuSBT to assess its effectiveness. Repository (code and experimental results): https://github.com/Simula-COMPLEX/qusbt-tool Video: https://youtu.be/3apRCtluAn4","2022-05-22","2026-07-02 19:58:26","2026-07-10 01:03:20","","173-177","","","","","","","","","","","","","","","","","","","","Journal Abbreviation: 2022 IEEE/ACM 44th International Conference on Software Engineering: Companion Proceedings (ICSE-Companion)","","","","Software algorithms; Optimization; Encoding; Codes; Computer architecture; Search problems; Genetic Algorithms; Test pattern generators; Quantum Programs; Search-Based Testing","","","","","","","","","","","","","","","","","","","","","","","","","","","","","","","","2022 IEEE/ACM 44th International Conference on Software Engineering: Companion Proceedings (ICSE-Companion)","","","","","","","","","","","","","","",""
"7IDY7GQE","conferencePaper","2023","C. O’Meara; M. Fernández-Campoamor; G. Cortiana; J. Bernabé-Moreno","Quantum Software Architecture Blueprints for the Cloud: Overview and Application to Peer-2-Peer Energy Trading","2023 IEEE Conference on Technologies for Sustainability (SusTech)","","","10.1109/SusTech57309.2023.10129617","","Applied quantum computing research has often focused on determining business-driven use-cases and applications of quantum algorithms which may provide advantage, either runtime or solution quality, over their classical counterparts. Often missed, yet equally important, is the discussion on how to actually run quantum software applications or models in a production environment where they run in an event-based or scheduled manner thereby providing the results to the enterprise which has spent time upskilling their development team and developing the quantum software solution.In this paper, we introduce a hybrid classical-quantum cloud architecture blueprint which starts from the code-level software development level, and extends to the production-ready quantum software application level. We then, for the first time, introduce a novel sample optimization application used in the energy industry for Peer-2-Peer energy trading and deploy it using the proposed cloud architecture blueprint. We demonstrate sample output of the live-running application where trading optimizations occurs on an hourly basis via remote connection to a quantum computing cloud backend.","2023-04-19","2026-07-02 19:58:26","2026-07-10 00:57:30","","191-198","","","","","","","","","","","","","","","","","","","","Journal Abbreviation: 2023 IEEE Conference on Technologies for Sustainability (SusTech)","","","","Software algorithms; Quantum algorithm; Computer architecture; Cloud computing; Runtime; QUBO; Software architecture; cloud environment; Hyrbid quantum-classical application; Production; quantum algorithm; software architecture","","","","","","","","","","","","","","","","","","","","","","","","","","","","","","","","2023 IEEE Conference on Technologies for Sustainability (SusTech)","","","","","","","","","","","","","","",""
"9XXAWZSW","conferencePaper","2024","X. Guo; J. Zhao; P. Zhao","On Repairing Quantum Programs Using ChatGPT","2024 IEEE/ACM 5th International Workshop on Quantum Software Engineering (Q-SE)","","","","","Automated Program Repair (APR) is a vital area in software engineering that generates automatic patches for vulnerable programs. While numerous techniques have been proposed for repairing classical programs, quantum programming lacks a comparable automated repair technique. In this initial exploration, we investigate the use of ChatGPT for quantum program repair and evaluate its performance on Bugs4Q, a benchmark suite of quantum program bugs. Our findings demonstrate the feasibility of employing ChatGPT for quantum program repair. Specifically, we assess ChatGPT’s ability to address bugs within the Bugs4Q benchmark, revealing its success in repairing 29 out of 38 bugs. This research represents a promising step towards automating the repair process for quantum programs.CCS CONCEPTS• Software and its engineering → Software testing and debugging.","2024-04-16","2026-07-02 19:58:27","2026-07-10 01:03:17","","9-16","","","","","","","","","","","","","","","","","","","","Journal Abbreviation: 2024 IEEE/ACM 5th International Workshop on Quantum Software Engineering (Q-SE)","","","","Programming; Computer bugs; Debugging; Benchmark testing; Software testing; Maintenance engineering; Automatic Program Repair; Knowledge engineering; Quantum Programming; Training data","","","","","","","","","","","","","","","","","","","","","","","","","","","","","","","","2024 IEEE/ACM 5th International Workshop on Quantum Software Engineering (Q-SE)","","","","","","","","","","","","","","",""
"2IU4NUWQ","conferencePaper","2025","X. Mao; Z. Huang; J. Ge; C. Wang; L. Cai","MindLint: A Static Analysis Tool for MindQuantum-Based Applications","2025 25th International Conference on Software Quality, Reliability, and Security Companion (QRS-C)","2693-9371","","10.1109/QRS-C65679.2025.00098","","The rapid advancement of quantum computing has led to diverse implementation frameworks. However, existing academic research focuses on limited frameworks such as IBM Qiskit. To address industrial quality assurance needs for MindQuantum-based applications, we propose MindLint, the first static analysis tool specifically designed for MindQuantum. MindLint comprises three key components: 1) A semantic feature extractor using Abstract Syntax Tree (AST) analysis, 2) A rule-based checker to detect potential code issues, and 3) A reporting system with categorized warnings. Experiments with our collected real-world dataset show that MindLint effectively identifies errors and raises actionable warnings.","2025-07-16","2026-07-02 19:58:27","2026-07-10 01:03:19","","765-766","","","","","","","","","","","","","","","","","","","","Journal Abbreviation: 2025 25th International Conference on Software Quality, Reliability, and Security Companion (QRS-C)","","","","Feature extraction; Software engineering; Security; Syntactics; Semantics; Static analysis; Software quality; Reliability engineering; Software reliability; Quantum Software Engineering; Software Quality Assurance; MindQuantum; Static Analysis; Trees (botanical)","","","","","","","","","","","","","","","","","","","","","","","","","","","","","","","","2025 25th International Conference on Software Quality, Reliability, and Security Companion (QRS-C)","","","","","","","","","","","","","","",""
"HQ52DEMR","journalArticle","2025","S. Hofmann; M. Walter; R. Wille","Efficient and Scalable Post-Layout Optimization for Field-Coupled Nanotechnologies","IEEE Transactions on Computer-Aided Design of Integrated Circuits and Systems","","1937-4151","10.1109/TCAD.2025.3549354","","As conventional computing technologies approach their physical limits, the quest for increased computational power intensifies, heightening interest in post-CMOS technologies. Among these, Field-coupled Nanocomputing (FCN), which operates through the repulsion of physical fields at the nanoscale, emerges as a promising alternative. However, realizing specific functionalities within this technology necessitates the development of dedicated FCN physical design methods. Although various methods have been proposed, their reliance on heuristic approaches often results in suboptimal quality, highlighting a significant opportunity for enhancement. In the realm of conventional CMOS design, post-layout optimization techniques are employed to capitalize on this potential, yet such methods for FCN are either not scalable or lack efficiency. This work bridges this gap by introducing the first scalable and efficient post-layout optimization algorithm for FCN. Experimental evaluations demonstrate the efficiency of this approach: when applied to layouts obtained by a state-of-the-art heuristic method, the proposed post-layout optimization achieves area reductions of up to  $ {\mathrm {73.75~\%}}~({\mathrm {45.58~\%}}$  on average). This significant improvement underscores the transformative potential of post-layout optimization in FCN. Moreover, unlike existing algorithms, the method exhibits scalability even in optimizing layouts with over 20 million tiles. Implementations of the proposed methods are publicly available as part of the Munich Nanotech Toolkit (MNT) at https://github.com/cda-tum/fiction.","2025-10","2026-07-02 19:58:27","2026-07-10 01:01:33","","3790-3803","","10","44","","IEEE Transactions on Computer-Aided Design of Integrated Circuits and Systems","","","","","","","","","","","","","","","","","","","Logic gates; Optimization; Routing; quantum computing; Layout; Standards; Wire; Silicon; CMOS technology; Delays; Electron devices; physical design; quantum cellular automata Systems engineering and theory; quantum dots computers and information processing; semiconductor devices; Wiring","","","","","","","","","","","","","","","","","","","","","","","","","","","","","","","","","","","","","","","","","","","","","","",""
"DDUI94G2","conferencePaper","2023","X. Hong; W. -J. Huang; W. -C. Chien; Y. Feng; M. -H. Hsieh; S. Li; C. -S. Yeh; M. Ying","Decision Diagrams for Symbolic Verification of Quantum Circuits","2023 IEEE International Conference on Quantum Computing and Engineering (QCE)","","","10.1109/QCE57702.2023.00111","","With the rapid development of quantum computing, automatic verification of quantum circuits becomes more and more important. While several decision diagrams (DDs) have been introduced in quantum circuit simulation and verification, none of them supports symbolic computation. Algorithmic manipulations of symbolic objects, however, have been identified as crucial, if not indispensable, for several verification tasks. This paper proposes the first decision-diagram approach for operating symbolic objects and verifying quantum circuits with symbolic terms. As a notable example, our symbolic tensor decision diagrams (symbolic TDD) could verify the functionality of the 160-qubit quantum Fourier transform circuit within three minutes. Moreover, as demonstrated on Bernstein-Vazirani algorithm, Grover's algorithm, and the bit-flip error correction code, the symbolic TDD enables efficient verification of quantum circuits with user-supplied oracles and/or classical controls.","2023-09-17","2026-07-02 19:58:27","2026-07-10 01:03:18","","970-977","","","01","","","","","","","","","","","","","","","","","Journal Abbreviation: 2023 IEEE International Conference on Quantum Computing and Engineering (QCE)","","","","Quantum algorithm; Tensors; Data mining; Systematics; Object recognition; Fourier transforms; Decision Diagram; Error correction codes; Quantum Circuits; Symbolic Verification","","","","","","","","","","","","","","","","","","","","","","","","","","","","","","","","2023 IEEE International Conference on Quantum Computing and Engineering (QCE)","","","","","","","","","","","","","","",""
"L6AFZJ4F","conferencePaper","2025","S. Hofmann; J. Drewniok; M. Walter; R. Wille","MNT Designer: A Comprehensive Design Tool for Field-Coupled Nanocomputing","2025 IEEE 25th International Conference on Nanotechnology (NANO)","1944-9380","","10.1109/NANO63165.2025.11113823","","Field-coupled Nanocomputing (FCN) is a class of post-CMOS technologies that operate at the nanoscale without relying on electrical current. Its potential was recently demonstrated by the fabrication of a fully functional OR gate occupying less than $30 \text{nm}^{2}$, using Silicon Dangling Bonds (SiDBs). A key step toward commercializing FCN is the development of software tools capable of automatically generating fabrication-ready, cell-level layouts. In this work, we present a novel, GUI-based tool that spans the complete design flow-from Verilog to atoms-including physical design algorithms, post-layout optimization, verification, and gate design. The tool is released as open-source at https://github.com/cda-tum/mnt-designer and is also available as a pip package.","2025-07-13","2026-07-02 19:58:27","2026-07-10 01:01:32","","40-45","","","","","","","","","","","","","","","","","","","","Journal Abbreviation: 2025 IEEE 25th International Conference on Nanotechnology (NANO)","","","","Logic gates; Optimization; Circuits; Layout; Testing; Design tools; Fabrication; Software tools; Nanoscale devices; Physical design","","","","","","","","","","","","","","","","","","","","","","","","","","","","","","","","2025 IEEE 25th International Conference on Nanotechnology (NANO)","","","","","","","","","","","","","","",""
"SRJWYFPW","conferencePaper","2025","J. Shen; J. Ammermann; C. König; I. Schaefer","Quantum Pattern Detection: Accurate State- and Circuit-Based Analyses","2025 IEEE/ACM International Workshop on Quantum Software Engineering (Q-SE)","","","10.1109/Q-SE66736.2025.00008","","Quantum computers have the potential to solve certain problems faster than classical computers by exploiting quantum mechanical effects such as superposition. However, building high-quality quantum software is challenging due to the fundamental differences between quantum and traditional programming and the lack of abstraction mechanisms. To mitigate this challenge, researchers have introduced quantum patterns to capture common high-level design solutions to recurring problems in quantum software engineering. In order to utilize patterns as an abstraction level for implementation, a mapping between the theoretical patterns and the source code is required, which has only been addressed to a limited extent. To close this gap, we propose a framework for the automatic detection of quantum patterns using state- and circuit-based code analysis. Furthermore, we contribute a dataset for benchmarking quantum pattern detection approaches. In an empirical evaluation, we show that our framework is able to detect quantum patterns very accurately and that it outperforms existing quantum pattern detection approaches in terms of detection accuracy.","2025-05-03","2026-07-02 19:58:27","2026-07-10 00:58:42","","9-16","","","","","","","","","","","","","","","","","","","","Journal Abbreviation: 2025 IEEE/ACM International Workshop on Quantum Software Engineering (Q-SE)","","","","Accuracy; Software; Computers; Programming; Quantum computing; Software engineering; Quantum Computing; Codes; Quantum mechanics; Source coding; Conferences; Quantum Software Engineering; Pattern Detection; Quantum Computing Patterns","","","","","","","","","","","","","","","","","","","","","","","","","","","","","","","","2025 IEEE/ACM International Workshop on Quantum Software Engineering (Q-SE)","","","","","","","","","","","","","","",""
"FYI4EUSW","journalArticle","2021","M. Piattini; M. Serrano; R. Perez-Castillo; G. Petersen; J. L. Hevia","Toward a Quantum Software Engineering","IT Professional","","1941-045X","10.1109/MITP.2020.3019522","","Nowadays, we are at the dawn of a new age, the quantum era. Quantum computing is no longer a dream; it is a reality that needs to be adopted. But this new technology is taking its first steps, so we still do not have models, standards, or methods to help us in the creation of new systems and the migration of current ones. Given the current state of quantum computing, we need to go back to the path software engineering took in the last century to achieve the new golden age for quantum software engineering.","2021-02-01","2026-07-02 19:58:27","2026-07-10 01:00:24","","62-66","","1","23","","IT Professional","","","","","","","","","","","","","","","","","","","Programming; Quantum computing; Software engineering; Proposals; Standards; Market research","","","","","","","","","","","","","","","","","","","","","","","","","","","","","","","","","","","","","","","","","","","","","","",""
"F4MP83TW","conferencePaper","2021","P. Zhao; J. Zhao; L. Ma","Identifying Bug Patterns in Quantum Programs","2021 IEEE/ACM 2nd International Workshop on Quantum Software Engineering (Q-SE)","","","10.1109/Q-SE52541.2021.00011","","Bug patterns are erroneous code idioms or bad coding practices that have been proved to fail time and time again, which are usually caused by the misunderstanding of a programming language's features, the use of erroneous design patterns, or simple mistakes sharing common behaviors. This paper identifies and categorizes some bug patterns in the quantum programming language Qiskit and briefly discusses how to eliminate or prevent those bug patterns. We take this research as the first step to provide an underlying basis for debugging and testing quantum programs.","2021-06-01","2026-07-02 19:58:27","2026-07-10 01:01:03","","16-21","","","","","","","","","","","","","","","","","","","","Journal Abbreviation: 2021 IEEE/ACM 2nd International Workshop on Quantum Software Engineering (Q-SE)","","","","Software; Programming; Computer bugs; Debugging; Encoding; Qiskit; Conferences; Computer languages; quantum software testing; quantum bug patterns; Quantum program debugging","","","","","","","","","","","","","","","","","","","","","","","","","","","","","","","","2021 IEEE/ACM 2nd International Workshop on Quantum Software Engineering (Q-SE)","","","","","","","","","","","","","","",""
"EXAUAC3C","journalArticle","2026","R. Abreu; S. Ali; P. Arcaini; J. Campos; M. Felderer; C. Gravel; F. Ishikawa; S. Klikovits; A. Miranskyy; A. Mjeda; M. R. Mousavi; M. Yamaguchi; L. Zhang; J. Zhao","Software Testing in the Quantum World","Computer","","1558-0814","10.1109/MC.2026.3655854","","As quantum software grows in complexity, the classical simulation of quantum computers becomes infeasible. This article presents the key challenges in testing large-scale quantum software and offers software engineering perspectives for addressing them.","2026-04","2026-07-02 19:58:27","2026-07-10 01:01:15","","135-138","","4","59","","Computer","","","","","","","","","","","","","","","","","","","Quantum circuit; Protocols; Quantum computing; Simulation; Circuits and systems; HTTP; Quantum communication; Software testing; Interoperability; Location awareness","","","","","","","","","","","","","","","","","","","","","","","","","","","","","","","","","","","","","","","","","","","","","","",""
"CFEPGIFS","conferencePaper","2023","P. Zhao; X. Wu; J. Luo; Z. Li; J. Zhao","An Empirical Study of Bugs in Quantum Machine Learning Frameworks","2023 IEEE International Conference on Quantum Software (QSW)","","","10.1109/QSW59989.2023.00018","","Quantum computing has emerged as a promising domain for the machine learning (ML) area, offering significant computational advantages over classical counterparts. With the growing interest in quantum machine learning (QML), ensuring the correctness and robustness of software platforms to develop such QML programs is critical. A necessary step for ensuring the reliability of such platforms is to understand the bugs they typically suffer from. To address this need, this paper presents the first comprehensive study of bugs in QML frameworks. We inspect 391 real-world bugs collected from 22 open-source repositories of nine popular QML frameworks. We find that 1) 28% of the bugs are quantum-specific, such as erroneous unitary matrix implementation, calling for dedicated approaches to find and prevent them; 2) We manually distilled a taxonomy of five symptoms and nine root cause of bugs in QML platforms; 3) We summarized four critical challenges for QML framework developers. The study results provide researchers with insights into how to ensure QML framework quality and present several actionable suggestions for QML framework developers to improve their code quality.","2023-07-02","2026-07-02 19:58:27","2026-07-10 01:01:04","","68-75","","","","","","","","","","","","","","","","","","","","Journal Abbreviation: 2023 IEEE International Conference on Quantum Software (QSW)","","","","Software; Computer bugs; Qubit; Codes; Machine learning; Robustness; empirical study; quantum software testing; quantum program debugging; Taxonomy; quantum machine learning","","","","","","","","","","","","","","","","","","","","","","","","","","","","","","","","2023 IEEE International Conference on Quantum Software (QSW)","","","","","","","","","","","","","","",""
"EPUDPASQ","journalArticle","2025","B. Rosendo; D. Fortunato; R. Abreu","Quantum Approaches for Vehicle Routing Optimization on Noisy Intermediate Scale Quantum Platforms: Applications of QAOA and Quantum Annealing for Vehicle Routing Problems [Focus: Quantum Software and its Engineering]","IEEE Software","","1937-4194","10.1109/MS.2025.3547874","","Transportation significantly impacts urban energy consumption and environmental sustainability, making optimization critical. Quantum computing provides a promising approach to improving transportation systems by tackling vehicle routing problem variations using the quadratic unconstrained binary optimization model.","2025-10","2026-07-02 19:58:27","2026-07-10 00:57:22","","43-50","","5","42","","IEEE Software","","","","","","","","","","","","","","","","","","","Noise measurement; Optimization; Benchmark testing; Qubit; Costs; Mathematical models; Annealing; Quantum annealing; Transportation; Vehicle routing","","","","","","","","","","","","","","","","","","","","","","","","","","","","","","","","","","","","","","","","","","","","","","",""
"7FV4PXM2","conferencePaper","2025","X. Hong; D. Gao; S. Li; S. Ying; M. Ying","Image Computation for Quantum Transition Systems","2025 Design, Automation & Test in Europe Conference (DATE)","1558-1101","","10.23919/DATE64628.2025.10992763","","With the rapid progress in quantum hardware and software, the need for verification of quantum systems becomes increasingly crucial. While model checking is a dominant and very successful technique for verifying classical systems, its application to quantum systems is still an underdeveloped research area. This paper advances the development of model checking quantum systems by providing efficient image computation algorithms for quantum transition systems, which play a fundamental role in model checking. In our approach, we represent quantum circuits as tensor networks and design algorithms by leveraging the properties of tensor networks and tensor decision diagrams. Our experiments demonstrate that our contraction partition-based algorithm can greatly improve the efficiency of image computation for quantum transition systems.","2025-04-31","2026-07-02 19:58:27","2026-07-10 01:03:18","","1-7","","","","","","","","","","","","","","","","","","","","Journal Abbreviation: 2025 Design, Automation & Test in Europe Conference (DATE)","","","","Quantum circuit; Software; Hardware; Quantum system; Tensors; Partitioning algorithms; Computational efficiency; Europe; image computation; model checking; Model checking; quantum transition systems","","","","","","","","","","","","","","","","","","","","","","","","","","","","","","","","2025 Design, Automation & Test in Europe Conference (DATE)","","","","","","","","","","","","","","",""
"W2NEDD9C","journalArticle","2023","N. Yu","Almost Tight Sample Complexity Analysis of Quantum Identity Testing by Pauli Measurements","IEEE Transactions on Information Theory","","1557-9654","10.1109/TIT.2023.3271206","","This paper studies the quantum identity testing problem, a quantum analogue of distribution identity testing. The goal is to determine whether a quantum state is identical to another fixed quantum state, using as few state samples as possible. Rather than general entangled measurements, we consider the less powerful but experimentally friendly Pauli measurements. We follow the standard setting where Pauli measurements are regarded as two-outcome measurements, i.e., each  $n$ -qubit Pauli measurement has a one-bit outcome. We prove that for an  $n$ -qubit quantum system, the sample complexity of this problem is  $\Theta \left({\mathrm {poly}(n)\cdot \frac {4^{n}}{\epsilon ^{2}}}\right)$  if only Pauli measurements are allowed. In other words, we provide simple algorithms to determine whether two  $n$ -qubit quantum states,  $\rho $  and  $\sigma $ , are identical or  $\epsilon $ -far in trace distance using Pauli measurements, using  $O\left({\min \{n^{4},n^{3}+\log ^{3}(1/\epsilon)\}\cdot \frac {4^{n}}{\epsilon ^{2}}}\right)$  copies of  $\rho $  and  $\sigma $ . Interestingly,  $\mathcal {O}\left({\frac {4^{n}}{\epsilon ^{2}}}\right)$  copies are not sufficient under this setting.","2023-08","2026-07-02 19:58:27","2026-07-10 01:00:51","","5060-5068","","8","69","","IEEE Transactions on Information Theory","","","","","","","","","","","","","","","","","","","Quantum state; Quantum system; Testing; Tensors; Complexity theory; Hilbert space; Pauli measurements; Quantum identity testing; sample complexity; Tomography","","","","","","","","","","","","","","","","","","","","","","","","","","","","","","","","","","","","","","","","","","","","","","",""
"WQLZGJ5W","conferencePaper","2022","J. Luo; P. Zhao; Z. Miao; S. Lan; J. Zhao","A Comprehensive Study of Bug Fixes in Quantum Programs","2022 IEEE International Conference on Software Analysis, Evolution and Reengineering (SANER)","1534-5351","","10.1109/SANER53432.2022.00147","","As quantum programming evolves, more and more quantum programming languages are being developed. As a result, debugging and testing quantum programs have become increasingly important. While bug fixing in classical programs has come a long way, there is a lack of research in quantum programs. To this end, this paper presents a comprehensive study on bug fixing in quantum programs. We collect and investigate 96 real-world bugs and their fixes from four popular quantum programming languages (Qiskit, Cirq, Q#, and ProjectQ). Our study shows that a high proportion of bugs in quantum programs are quantum-specific bugs (over 80%), which requires further research in the bug fixing domain. We also summarize and extend the bug patterns in quantum programs and subdivide the most critical part, math-related bugs, to make it more applicable to the study of quantum programs. Our findings summarize the characteristics of bugs in quantum programs and provide a basis for studying testing and debugging quantum programs.","2022-03-15","2026-07-02 19:58:27","2026-07-10 00:58:41","","1239-1246","","","","","","","","","","","","","","","","","","","","Journal Abbreviation: 2022 IEEE International Conference on Software Analysis, Evolution and Reengineering (SANER)","","","","Software; Programming; Computer bugs; Debugging; Testing; Conferences; Computer languages; empirical study; quantum software testing; quantum program debugging; Bug fixing","","","","","","","","","","","","","","","","","","","","","","","","","","","","","","","","2022 IEEE International Conference on Software Analysis, Evolution and Reengineering (SANER)","","","","","","","","","","","","","","",""
"G5M7ZTGA","conferencePaper","2025","S. Y. Shin; F. Pastore; D. Bianculli","Quantum Program Linting with LLMs: Emerging Results from a Comparative Study","2025 IEEE International Conference on Quantum Computing and Engineering (QCE)","","","10.1109/QCE65121.2025.10316","","Ensuring the quality of quantum programs is increasingly important; however, traditional static analysis techniques are insufficient due to the unique characteristics of quantum computing. Quantum-specific linting tools, such as LintQ, have been developed to detect quantum-specific programming problems; however, they typically rely on manually crafted analysis queries. The manual effort required to update these tools limits their adaptability to evolving quantum programming practices. To address this challenge, this study investigates the feasibility of employing Large Language Models (LLMs) to develop a novel linting technique for quantum software development and explores potential avenues to advance linting approaches. We introduce LintQ-LLM, an LLM-based linting tool designed to detect quantum-specific problems comparable to those identified by LintQ. Through an empirical comparative study using realworld Qiskit programs, our results show that LintQ-LLM is a viable solution that complements LintQ, with particular strengths in problem localization, explanation clarity, and adaptability potential for emerging quantum programming frameworks, thus providing a basis for further research. Furthermore, this study discusses several research opportunities for developing more advanced, adaptable, and feedback-aware quantum software quality assurance methods by leveraging LLMs.","2025-09-30","2026-07-02 19:58:27","2026-07-10 01:01:41","","181-186","","","02","","","","","","","","","","","","","","","","","Journal Abbreviation: 2025 IEEE International Conference on Quantum Computing and Engineering (QCE)","","","","Accuracy; Programming; Quantum computing; Software development management; quantum software; Large language models; static analysis; Static analysis; Software quality; Quality assurance; quality assurance; Location awareness; large language models (LLMs); linting","","","","","","","","","","","","","","","","","","","","","","","","","","","","","","","","2025 IEEE International Conference on Quantum Computing and Engineering (QCE)","","","","","","","","","","","","","","",""
"C5NK5ZMA","conferencePaper","2023","P. Zhao; X. Wu; Z. Li; J. Zhao","QChecker: Detecting Bugs in Quantum Programs via Static Analysis","2023 IEEE/ACM 4th International Workshop on Quantum Software Engineering (Q-SE)","","","10.1109/Q-SE59154.2023.00014","","Static analysis is the process of analyzing software code without executing the software. It can help find bugs and potential problems in software that may only appear at runtime. Although many static analysis tools have been developed for classical software, due to the nature of quantum programs, these existing tools are unsuitable for analyzing quantum programs. This paper presents QChecker, a static analysis tool that supports finding bugs in quantum programs in Qiskit. QChecker consists of two main modules: a module for extracting program information based on abstract syntax tree (AST), and a module for detecting bugs based on patterns. We evaluate the performance of QChecker using the Bugs4Q benchmark. The evaluation results show that QChecker can effectively detect various bugs in quantum programs.","2023-05-17","2026-07-02 19:58:27","2026-07-10 01:01:04","","50-57","","","","","","","","","","","","","","","","","","","","Journal Abbreviation: 2023 IEEE/ACM 4th International Workshop on Quantum Software Engineering (Q-SE)","","","","Computer bugs; Benchmark testing; Codes; quantum programming; Runtime; Qiskit; Syntactics; Conferences; static analysis; Static analysis; software testing; program debugging","","","","","","","","","","","","","","","","","","","","","","","","","","","","","","","","2023 IEEE/ACM 4th International Workshop on Quantum Software Engineering (Q-SE)","","","","","","","","","","","","","","",""
"WYIGZ7JJ","conferencePaper","2021","X. Hong; M. Ying; Y. Feng; X. Zhou; S. Li","Approximate Equivalence Checking of Noisy Quantum Circuits","2021 58th ACM/IEEE Design Automation Conference (DAC)","0738-100X","","10.1109/DAC18074.2021.9586214","","We study the fundamental design automation problem of equivalence checking in the NISQ (Noisy Intermediate-Scale Quantum) computing realm where quantum noise is present inevitably. The notion of approximate equivalence of (possibly noisy) quantum circuits is defined based on the Jamiolkowski fidelity which measures the average distance between output states of two super-operators when the input is chosen at random. By employing tensor network contraction, we present two algorithms, aiming at different situations where the number of noises varies, for computing the fidelity between an ideal quantum circuit and its noisy implementation. The effectiveness of our algorithms is demonstrated by experimenting on benchmarks of real NISQ circuits. When compared with the state-of-the-art implementation incorporated in Qiskit, experimental results show that the proposed algorithms outperform in both efficiency and scalability.","2021-12-05","2026-07-02 19:58:27","2026-07-10 01:03:18","","637-642","","","","","","","","","","","","","","","","","","","","Journal Abbreviation: 2021 58th ACM/IEEE Design Automation Conference (DAC)","","","","Design automation; Quantum circuit; Scalability; Quantum computing; Noise measurement; Benchmark testing; Tensors; Approximation algorithms; equivalence checking; quantum circuits; noise","","","","","","","","","","","","","","","","","","","","","","","","","","","","","","","","2021 58th ACM/IEEE Design Automation Conference (DAC)","","","","","","","","","","","","","","",""
"U3VYDW5C","conferencePaper","2025","S. R. Maschek; J. Schwitalla; M. Franz; W. Mauerer","Make Some Noise! Measuring Noise Model Quality in Real-World Quantum Software","2025 IEEE International Conference on Quantum Software (QSW)","","","10.1109/QSW67625.2025.00010","","Noise and imperfections are among the prevalent challenges in quantum software engineering for current NISQ systems. They will remain important in the post-NISQ area, as logical, error-corrected qubits will be based on software mechanisms. As real quantum hardware is still limited in size and accessibility, noise models for classical simulation-that in some cases can exceed dimensions of actual systems-play a critical role in obtaining insights into quantum algorithm performance, and the properties of mechanisms for error correction and mitigation. We present, implement and validate a tunable noise model building on the Kraus channel formalism on a large scale quantum simulator system (Qaptiva). We use empirical noise measurements from IBM quantum (IBMQ) systems to calibrate the model and create a realistic simulation environment. Experimental evaluation of our approach with Greenberger-Horne-Zeilinger (GHZ) state preparation and QAOA applied to an industrial usecase validate our approach, and demonstrate accurate simulation of hardware behaviour at reasonable computational cost. We devise and utilise a method that allows for determining the quality of noise models for larger problem instances than is possible with existing metrics in the literature. To identify potentials of future quantum software and algorithms, we extrapolate the noise model to future partially fault-tolerant systems, and give insights into the interplay between hardware-specific noise modelling and hardware-aware algorithm development.","2025-07-07","2026-07-02 19:58:27","2026-07-10 01:01:37","","1-11","","","","","","","","","","","","","","","","","","","","Journal Abbreviation: 2025 IEEE International Conference on Quantum Software (QSW)","","","","Software algorithms; Software; Software engineering; Hardware; Noise measurement; Computational modeling; Qubit; Quantum Computing; Quantum algorithm; Noise; Software measurement; Industrial Application; Noise Model","","","","","","","","","","","","","","","","","","","","","","","","","","","","","","","","2025 IEEE International Conference on Quantum Software (QSW)","","","","","","","","","","","","","","",""
"274HYYGW","conferencePaper","2025","L. Remme; A. Weinert; A. Waschk","Optimization of Hybrid Quantum-Classical Algorithms","2025 IEEE International Conference on Quantum Software (QSW)","","","10.1109/QSW67625.2025.00033","","Quantum computers do not run in isolation; rather, they are embedded in quantum-classical hybrid architectures. In these setups, a quantum processing unit communicates with a classical device in near-real time. To enable efficient hybrid computations, it is mandatory to optimize quantum-classical hybrid code. To the best of our knowledge, no previous work on the optimization of hybrid code nor on metrics for which to optimize such code exists. In this work, we take a step towards optimization of hybrid programs by introducing seven optimization routines and three metrics to evaluate the effectiveness of the optimization. We implement these routines for the hybrid quantum language Quil and show that our optimizations improve programs according to our metrics. This lays the foundation for new kinds of hybrid optimizers that enable real-time collaboration between quantum and classical devices.","2025-07-07","2026-07-02 19:58:27","2026-07-10 00:59:14","","215-226","","","","","","","","","","","","","","","","","","","","Journal Abbreviation: 2025 IEEE International Conference on Quantum Software (QSW)","","","","Quantum circuit; Software; Computers; Quantum computing; Real-time systems; Optimization; Performance evaluation; Codes; Measurement; Collaboration; compilers; evaluation; hybrid quantum software; optimization; optimization operations; quantum-classical; quantum-classical metrics; Quil","","","","","","","","","","","","","","","","","","","","","","","","","","","","","","","","2025 IEEE International Conference on Quantum Software (QSW)","","","","","","","","","","","","","","",""
"SMSDHIXY","journalArticle","2023","P. Selig; N. Murphy; D. Redmond; S. Caton","DeepQPrep: Neural Network Augmented Search for Quantum State Preparation","IEEE Access","","2169-3536","10.1109/ACCESS.2023.3296802","","There is an increasing interest in the area of quantum computing but developing quantum algorithms is difficult. Neural Network augmented search algorithms have proven quite successful for general search problems (like program generation) but current approaches to quantum program generation make very restricted use of them. In this paper we present DeepQPrep, a Neural Network based approach to generate quantum circuits for state preparation; a common yet expensive task needed in many applications of quantum computing. We illustrate that Neural Network augmented search algorithms have significant promise for automated quantum program generation; DeepQPrep generated programs were able to solve 99% and 76.9% of 20000 previously unseen state prepartion tasks in a supervised machine learning context within two different application scenarios. The circuits produced by DeepQPrep are also shallower (on average) than their ground truth counterparts. We also compare DeepQPrep to IBM Qiskit’s approach to state preparation and illustrate that even when constrained, DeepQPrep generates significantly shallower circuits despite Qiskit solving more of the state preparation tasks. Based on our results, we argue that neural network augmented search approaches exhibit significant promise for generalised approaches to quantum program induction warranting further study in more complex scenarios.","2023","2026-07-02 19:58:27","2026-07-10 01:01:02","","76388-76402","","","11","","IEEE Access","","","","","","","","","","","","","","","","","","","Quantum state; Quantum circuit; Logic gates; Qubit; Task analysis; Machine learning; Measurement; Graph neural networks; Supervised learning; gate-based circuits; graph neural networks; quantum program synthesis; Quantum state preparation; supervised machine learning","","","","","","","","","","","","","","","","","","","","","","","","","","","","","","","","","","","","","","","","","","","","","","",""
"IG6MQF7F","journalArticle","2026","K. Chen; Q. Wang; Z. Zhang","Local Test for Unitarily Invariant Properties of Bipartite Quantum States","IEEE Transactions on Information Theory","","1557-9654","10.1109/TIT.2026.3697790","","We study the power of local test for bipartite quantum states. Our central result is that, for properties of bipartite pure states, unitary invariance on one part implies an optimal (over all global testers) local tester acting only on the other part. As an application, we demonstrate • Purified samples offer no advantage in property testing of mixed states. • A matching lower bound Ω(r2/ε2) for testing the Schmidt rank of bipartite states with perfect completeness, settling an open question raised in the survey of Montanaro and de Wolf (ToC 2016). • A lower bound Ω(( √ n+ √ r)· √ r/ε2) for testing whether an n-partite state is a matrix product state of bond dimension r or ε-far, improving the prior lower bounds Ω( √ n/ε2) by Soleimanifar and Wright (SODA 2022) and Ω( √ r) by Aaronson et al. (ITCS 2024). • A matching lower bound Ω(d/ε2) for testing whether a d-dimensional bipartite state is maximally entangled or ε-far, showing that the algorithm of O’Donnell and Wright (STOC 2015) is optimal for this task. • A query lower bound Ω(d/ √ Δ) for the d-dimensional entanglement entropy problem with gap Δ, improving the prior lower bounds Ω( 4 √ d) by She and Yuen (ITCS 2023) and Ω(1/ √ Δ) by Wang and Zhang (SICOMP 2025) and Weggemans (Quantum 2025). Moreover, we extend our central result to a robust version where the tested states are subject to noise and are not guaranteed to be pure: in this case, one-way LOCC is sufficient to realize the optimal tester.","2026","2026-07-02 19:58:27","2026-07-10 00:59:03","","1-1","","","","","IEEE Transactions on Information Theory","","","","","","","","","","","","","","","","","","","Quantum state; Testing; Complexity theory; Equations; Entropy; bipartite states; Lower bound; quantum lower bounds; quantum property testing; quantum query complexity; quantum sample complexity; Ranking (statistics); Terminology; Tin; unitary invariance; Weighted sum model","","","","","","","","","","","","","","","","","","","","","","","","","","","","","","","","","","","","","","","","","","","","","","",""
"QGDANS8L","conferencePaper","2023","M. Tsymbalista; M. Maksymenko; I. Katernyak","Approaching Quantum Utility by Leveraging Quantum Software Stack","2023 IEEE 13th International Conference on Electronics and Information Technologies (ELIT)","","","10.1109/ELIT61488.2023.10310743","","Improvement in Quantum Computing (QC) performance will allow us to solve a wide range of complex problems that classical computers of today can't handle. Nowadays we feel closer to achieving a state of Quantum Utility (QU) than ever before. Importance for both academia and business to understand the current state of technology and tooling, their extensibility points along with perspective optimization algorithms are on the verge. The purpose of the article is to provide a structured analysis of existing progress in QC. It serves a purpose of a guide on where significant progress is expected in the upcoming years, outlines details about tooling to start doing experiments, and introduces Quantum Computing Optimization Middleware (QCOM) reference architecture as a backbone around which new building blocks are expected to be added in the upcoming years, e.g., industry-specific enterprise connectors. The article reviews only the software stack, not considering opportunities for hardware as they seem to be much further away. This should help scientists and engineers to define a mental model of how to move forward to reach both mid and long-term goals toward QU.","2023-09-26","2026-07-02 19:58:27","2026-07-10 01:00:27","","210-215","","","","","","","","","","","","","","","","","","","","Journal Abbreviation: 2023 IEEE 13th International Conference on Electronics and Information Technologies (ELIT)","","","","Hardware; Logic gates; Benchmark testing; Qubit; Full stack; quantum computing; Computer architecture; Error correction; error correction; quantum algorithm performance; Quantum Computing Optimization Middleware; quantum utility; qubit mapping","","","","","","","","","","","","","","","","","","","","","","","","","","","","","","","","2023 IEEE 13th International Conference on Electronics and Information Technologies (ELIT)","","","","","","","","","","","","","","",""
"5UVQRCQZ","journalArticle","2025","L. Windgätter; E. Lobe","Quantum Optimization Applications With Quark and Quapps: Bridging the Gap Between Application and Hardware [Focus: Quantum Software and its Engineering]","IEEE Software","","1937-4194","10.1109/MS.2025.3564146","","Solving discrete optimization problems is one of the most promising use cases on quantum computers. The libraries quark and quapps provide an easily usable, modular workflow to encode discrete optimization problems and interface them to both classical and quantum hardware.","2025-10","2026-07-02 19:58:27","2026-07-10 00:59:16","","34-42","","5","42","","IEEE Software","","","","","","","","","","","","","","","","","","","Software algorithms; Computers; Quantum computing; Hardware; Optimization; Benchmark testing; Quantum annealing; Libraries; Approximation algorithms; Linear programming","","","","","","","","","","","","","","","","","","","","","","","","","","","","","","","","","","","","","","","","","","","","","","",""
"ZGWLBTRS","journalArticle","2024","S. A. Metwalli; R. Van Meter","Testing and Debugging Quantum Circuits","IEEE Transactions on Quantum Engineering","","2689-1808","10.1109/TQE.2024.3374879","","This article introduces a process framework for debugging quantum circuits, focusing on three distinct types of circuit blocks: amplitude–permutation, phase-modulation, and amplitude–redistribution circuit blocks. Our research addresses the critical need for specialized debugging approaches tailored to the unique properties of each circuit type. For amplitude–permutation circuits, we propose techniques to correct amplitude–permutations mimicking classical operations. In phase-modulation circuits, our proposed strategy targets the precise calibration of phase alterations essential for quantum computations. The most complex amplitude–redistribution circuits demand advanced methods to adjust probability amplitudes. This research bridges a vital gap in current methodologies and lays the groundwork for future advancements in quantum circuit debugging. Our contributions are twofold: we present a comprehensive unit testing tool (Cirquo) and debugging approaches tailored to the unique demands of quantum computing, and we provide empirical evidence of its effectiveness in optimizing quantum circuit performance. This work is a crucial step toward realizing robust quantum computing systems and their applications in various domains.","2024","2026-07-02 19:58:27","2026-07-10 01:01:28","","1-15","","","5","","IEEE Transactions on Quantum Engineering","","","","","","","","","","","","","","","","","","","Computers; Quantum computing; Computer bugs; Debugging; Logic gates; quantum software; Python; Software testing; testing; quantum programs","","","","","","","","","","","","","","","","","","","","","","","","","","","","","","","","","","","","","","","","","","","","","","",""
"YWY7D46D","book","2025","Mariia Mykhailova","Quantum Programming in Depth: Solving problems with Q# and Qiskit","","978-1-63343-690-9","","","http://ieeexplore.ieee.org/document/11079736","Go beyond the basics with this in-depth guide to quantum programming. Here’s something you already know: quantum computing is a deep subject. Quantum Programming in Depth takes you beyond quantum basics and shows you how to take on practical quantum problem solving and programming using Q# and Qiskit. Author Mariia Mykhailova, a principal quantum applications software developer at PsiQuantum, guides you every step of the way. In Quantum Programming in Depth you’ll explore:  Algorithms to solve challenging quantum computing problems Writing quantum programs with Q# and Qiskit Testing quantum programs with simulators and specialized tools Evaluating performance of quantum programs on future fault-tolerant quantum computers  Quantum Programming in Depth shows you how to do quantum computing outside the lab or classroom, presenting problems of quantum programming and demonstrating how they’re solved. You’ll learn to write quantum programs using Qiskit and Q#—and even how to test your quantum code using common testing tools like pytest. You’ll learn to prepare quantum states and implement operations, extract information from quantum states and operations, evaluate classical functions on a quantum computer, solve search problems, and more.","2025","2026-07-02 19:58:27","2026-07-10 01:00:33","","","1","","","","","","","","","","Manning","","","","","","","","","","","","","quantum computing; quantum programming; quantum software; quantum algorithms; Qiskit; fault-tolerant quantum computers; Grover's algorithm; Q#; quantum code testing; quantum gates; quantum operations; quantum problem solving; quantum simulators","","","","","","","","","","","","","","","","","","","","","","","","","","","","","","","","","","","","","","","","","","","","","","",""
"CV4IUI6E","conferencePaper","2024","M. -T. Lau; C. -Y. Cheng; C. -H. Lu; C. -H. Chuang; Y. -H. Kuo; H. -C. Yang; C. -T. Kuo; H. -Y. Chen; C. -Y. Tung; C. -E. Tsai; G. -H. Chen; L. -K. Lin; C. -H. Wang; T. -H. Wang; C. -Y. R. Huang","Qsyn: A Developer-Friendly Quantum Circuit Synthesis Framework for NISQ Era and Beyond","2024 IEEE International Conference on Quantum Computing and Engineering (QCE)","","","10.1109/QCE60285.2024.10392","","In this paper, we introduce Qsyn, a novel quantum circuit synthesis (QCS) framework designed to facilitate the research, development, testing, and experimentation of QCS algorithms and tools. Our framework is more developer-friendly than other modern QCS frameworks in three aspects: (1) Qsyn provides a comprehensive command-line interface that enables developers to design various testing scenarios with ease and conduct flexible experiments on their algorithms. This feature significantly streamlines the development process, making it more efficient and user-friendly. (2) Qsyn offers detailed access to multiple data representations at different abstraction levels of quantum circuits. This capability allows developers to optimize their algorithms extensively, gaining deeper insights and control over the structure and behavior of quantum circuits. By understanding the intricacies of circuit design, developers can achieve higher levels of optimization and performance in their algorithms. (3) Qsyn implements a rigorous development flow and environment to help developers maintain high-quality standards using modern software engineering practices, including robust quality assurance measures like regression testing, continuous integration and continuous delivery (CI/CD) pipelines, and code linting. We demonstrate Qsyn's superior performance through fair comparisons with PyZX [1], highlighting its efficiency and optimization capabilities. By providing a unified and user-friendly development environment, Qsyn empowers researchers and developers to prototype, implement, and evaluate their QCS algorithms effectively.","2024-09-15","2026-07-02 19:58:27","2026-07-10 00:59:23","","535-536","","","02","","","","","","","","","","","","","","","","","Journal Abbreviation: 2024 IEEE International Conference on Quantum Computing and Engineering (QCE)","","","","Software algorithms; Quantum circuit; Software; Software engineering; Optimization; Quantum system; Quantum Computing; Testing; Standards; Quantum Software Engineering; Quality assurance; Software measurement; Quantum Systems Software","","","","","","","","","","","","","","","","","","","","","","","","","","","","","","","","2024 IEEE International Conference on Quantum Computing and Engineering (QCE)","","","","","","","","","","","","","","",""
"JTWZSYXC","conferencePaper","2025","S. S. H. Ng; M. Walter; J. Drewniok; S. Hofmann; R. Wille; K. Walus","Building a Machine Learning Accelerator with Silicon Dangling Bonds: From Verilog to Quantum Dot Layout","2025 IEEE 25th International Conference on Nanotechnology (NANO)","1944-9380","","10.1109/NANO63165.2025.11113747","","At a time when traditional CMOS technologies approach their fundamental scaling limits and artificial intelligence continues to escalate global computational demands, emerging post-CMOS technologies like Silicon Dangling Bonds (SiDBs) provide promising pathways towards energy-efficient computation. SiDBs offer atomic-scale precision and discrete charge control, enabling the realization of ultra-dense computational logic. However, manual layout design and verification have historically restricted the exploration and scalability of SiDB-based logic systems. To this end, this work demonstrates an automated, end-to-end Electronic Design Automation (EDA) flow for designing and synthesizing a core component of a Matrix Multiply Unit (MXU) from high-level Register-transfer Level (RTL) Verilog descriptions down to dot-accurate SiDB layouts. Leveraging recent advances in SiDB-focused EDA tooling, we demonstrate the first fully automated design flow capable of translating RTL descriptions into manufacturable quantum-dot layouts. The proposed hierarchical Verilog approach addresses existing EDA constraints while facilitating comprehensive operational verification via test benches. Additionally, our design process incorporates reliability-focused Figures Of Merit (FoMs), ensuring the selection of robust logic gates throughout synthesis. Our synthesized MXU Processing Element (PE) layout represents a significant milestone in SiDB logic design, bridging previously manuallyintensive workflows with scalable, automated methodologies. Despite achieving larger footprints than hand-crafted designs, the presented approach provides a valuable foundation for future optimization and widespread adoption of SiDB-based computing architectures.","2025-07-13","2026-07-02 19:58:27","2026-07-10 01:01:37","","483-488","","","","","","","","","","","","","","","","","","","","Journal Abbreviation: 2025 IEEE 25th International Conference on Nanotechnology (NANO)","","","","Scalability; Optimization; Layout; Logic; Reliability engineering; Silicon; Register transfer level; Manuals; Hardware design languages; Quantum dots","","","","","","","","","","","","","","","","","","","","","","","","","","","","","","","","2025 IEEE 25th International Conference on Nanotechnology (NANO)","","","","","","","","","","","","","","",""
"QT4MIILR","journalArticle","2023","X. Zhou; Y. Feng; S. Li","Supervised Learning Enhanced Quantum Circuit Transformation","IEEE Transactions on Computer-Aided Design of Integrated Circuits and Systems","","1937-4151","10.1109/TCAD.2022.3179223","","A quantum circuit transformation (QCT) is required when executing a quantum program in a real quantum processing unit (QPU). By inserting auxiliary SWAP gates, a QCT algorithm transforms a quantum circuit to one that satisfies the connectivity constraint imposed by the QPU. Due to the nonnegligible gate error and the limited qubit coherence time of the QPU, QCT algorithms that minimize gate number or circuit depth or maximize the fidelity of output circuits are in urgent need. Unfortunately, finding optimized transformations often involve exhaustive searches, which are extremely time consuming and not practical for most circuits. In this article, we propose a framework that uses a policy artificial neural network (ANN) trained by supervised learning on shallow circuits to help existing QCT algorithms select the most promising SWAP gate. ANNs can be trained offline in a distributed way and the trained ANN can be easily incorporated into QCT algorithms to enable them to search deeper without bringing too much overhead in time complexity. Exemplary embeddings of the trained ANNs into target QCT algorithms demonstrate that the transformation performance can be consistently improved on QPUs with various connectivity structures and random or realistic quantum circuits.","2023-02","2026-07-02 19:58:27","2026-07-10 01:03:22","","437-447","","2","42","","IEEE Transactions on Computer-Aided Design of Integrated Circuits and Systems","","","","","","","","","","","","","","","","","","","Quantum circuit; Logic gates; Qubit; machine learning; Heuristic algorithms; Machine learning algorithms; Supervised learning; Artificial neural network (ANN); Artificial neural networks; quantum circuit transformation (QCT); supervised learning","","","","","","","","","","","","","","","","","","","","","","","","","","","","","","","","","","","","","","","","","","","","","","",""
"SG5FHKLS","conferencePaper","2026","P. Hopf; L. Burgholzer; R. Wille","Quantum Circuit Compilation for Superconducting Bus-Resonator Architectures","2026 Design, Automation & Test in Europe Conference (DATE)","1558-1101","","10.23919/DATE69613.2026.11539523","","Superconducting quantum computers are fundamentally limited by restricted qubit connectivity. Bus-resonator architectures alleviate this constraint by enabling effective all-to-all interactions. This advantage, however, comes at the cost of significant operational overhead. Realizing the full potential of such hardware thus requires sophisticated compilation techniques that minimize this overhead. In this work, we present the first formalization of the underlying compilation problem for bus-resonator architectures amenable to so-called SAT-CP solvers. This formalization yields optimal solutions for small quantum circuits. For larger instances, we propose a linear-time heuristic. Experimental evaluations confirm that the formalization makes it possible to find optimal solutions even in vast search spaces and that the heuristic provides near-optimal compilation while scaling efficiently to circuits of practical size. Together, these contributions establish both a rigorous baseline and a practical path toward low-overhead compilation for superconducting bus-resonator devices.","2026-04-20","2026-07-02 19:58:27","2026-07-10 01:01:01","","1-7","","","","","","","","","","","","","","","","","","","","Journal Abbreviation: 2026 Design, Automation & Test in Europe Conference (DATE)","","","","Design automation; Quantum circuit; Qubit; quantum computing; Computer architecture; Circuits; quantum circuit compilation; Printing; Conferences; Resonators; Algorithms; Architecture; bus-resonator; compiler; superconducting","","","","","","","","","","","","","","","","","","","","","","","","","","","","","","","","2026 Design, Automation & Test in Europe Conference (DATE)","","","","","","","","","","","","","","",""
"ZHBKHJ7C","bookSection","2026","Navnil ChoudhuryAmeya BhaveKanad Basu","Verification Paradigms for Quantum Computing","Design Automation for Quantum Computing","","","10.1007/978-3-032-09303-5_7","https://link.springer.com/chapter/10.1007/978-3-032-09303-5_7","","2026","2026-07-02 19:59:09","2026-07-10 01:00:54","","","","","","","","","","","","","","","","","","","","","","","","","","","","","","","","","","","","","","","","","","","","","","","","","","","","","","","","","","","","","","","","","","","","","","","","",""
"PCGIJ23D","conferencePaper","2026","Yoann MarquerDomenico Bianculli","Introduction to Quantum Software Engineering","","","","10.1007/978-3-032-12092-2_11","https://link.springer.com/chapter/10.1007/978-3-032-12092-2_11","","2026","2026-07-02 19:59:09","2026-07-10 01:02:57","","","","","","","","","","","","","","","","","","","","","","","","","","","","","","","","","","","","","","","","","","","","","","","","","","","","","","","","","","Product-Focused Software Process Improvement. Industry, Doctoral-Symposium, Tutorial, and Workshop Papers","","","","","","","","","","","","","","",""
"THNBZRCP","journalArticle","2025","Muneera BanoShaukat AliDidar Zowghi","Envisioning responsible quantum software engineering and quantum artificial intelligence","Automated Software Engineering","","","10.1007/s10515-025-00541-5","https://link.springer.com/article/10.1007/s10515-025-00541-5","","2025","2026-07-02 19:59:09","2026-07-10 01:00:48","","","","","","","Automated Software Engineering","","","","","","","","","","","","","","","","","","","","","","","","","","","","","","","","","","","","","","","","","","","","","","","","","","","","","","","","","","","","","","","","","",""
"FH97LW5W","conferencePaper","2024","Tsubasa TakagiCanh Minh DoKazuhiro Ogata","Automated Quantum Program Verification in Dynamic Quantum Logic","","","","10.1007/978-3-031-51777-8_5","https://link.springer.com/chapter/10.1007/978-3-031-51777-8_5","","2024","2026-07-02 19:59:09","2026-07-10 01:02:29","","","","","","","","","","","","","","","","","","","","","","","","","","","","","","","","","","","","","","","","","","","","","","","","","","","","","","","","","","Dynamic Logic. New Trends and Applications","","","","","","","","","","","","","","",""
"N2K6JS48","conferencePaper","2025","Malte LochauIna Schaefer","Model-Based Testing of Quantum Computations","","","","10.1007/978-3-031-72044-4_7","https://link.springer.com/chapter/10.1007/978-3-031-72044-4_7","","2025","2026-07-02 19:59:09","2026-07-10 01:00:30","","","","","","","","","","","","","","","","","","","","","","","","","","","","","","","","","","","","","","","","","","","","","","","","","","","","","","","","","","Tests and Proofs","","","","","","","","","","","","","","",""
"887BY74X","journalArticle","2025","Miriam Fernández-OsunaRicardo Pérez-CastilloJosé A. Cruz-LemusMichal BaczykMario Piattini","Exploring design patterns in quantum software: a case study","Computing","","","10.1007/s00607-025-01467-2","https://link.springer.com/article/10.1007/s00607-025-01467-2","","2025","2026-07-02 19:59:09","2026-07-10 01:00:42","","","","","","","Computing","","","","","","","","","","","","","","","","","","","","","","","","","","","","","","","","","","","","","","","","","","","","","","","","","","","","","","","","","","","","","","","","","",""
"NTZYJVVX","journalArticle","2026","","Quantum Software Quality","","","","","https://link.springer.com/collections/iaiffbgcbf","","2026","2026-07-02 19:59:09","2026-07-10 01:03:09","","","","","","","","","","","","","","","","","","","","","","","","","","","","","","","","","","","","","","","","","","","","","","","","","","","","","","","","","","","","","","","","","","","","","","","","",""
"58HXHXKC","journalArticle","2026","Stefano LambiaseAndrea De Lucia","Quantifying adoption: A SEM study of quantum software technology in software development","Empirical Software Engineering","","","10.1007/s10664-026-10805-7","https://link.springer.com/article/10.1007/s10664-026-10805-7","","2026","2026-07-02 19:59:09","2026-07-10 01:01:57","","","","","","","Empirical Software Engineering","","","","","","","","","","","","","","","","","","","","","","","","","","","","","","","","","","","","","","","","","","","","","","","","","","","","","","","","","","","","","","","","","",""
"BEMIR3Z9","journalArticle","2026","Sabia HassanKaisar J. Giri","Q-ST: A Comprehensive Review of Quantum Software and Toolchains, Ecosystems, and Technologies","Archives of Computational Methods in Engineering","","","10.1007/s11831-026-10615-6","https://link.springer.com/article/10.1007/s11831-026-10615-6","","2026","2026-07-02 19:59:09","2026-07-10 01:01:42","","","","","","","Archives of Computational Methods in Engineering","","","","","","","","","","","","","","","","","","","","","","","","","","","","","","","","","","","","","","","","","","","","","","","","","","","","","","","","","","","","","","","","","",""
"SR4KSXAF","journalArticle","2025","Luis Jiménez-NavajasRicardo Pérez-CastilloMario Piattini","Code generation for classical-quantum software systems modeled in UML","Software and Systems Modeling","","","10.1007/s10270-024-01259-w","https://link.springer.com/article/10.1007/s10270-024-01259-w","","2025","2026-07-02 19:59:09","2026-07-10 00:59:22","","","","","","","Software and Systems Modeling","","","","","","","","","","","","","","","","","","","","","","","","","","","","","","","","","","","","","","","","","","","","","","","","","","","","","","","","","","","","","","","","","",""
"7A4K5FUW","journalArticle","2026","","Quantum Software Engineering","","","","","https://link.springer.com/collections/ddagjfcibd","","2026","2026-07-02 19:59:09","2026-07-10 01:03:08","","","","","","","","","","","","","","","","","","","","","","","","","","","","","","","","","","","","","","","","","","","","","","","","","","","","","","","","","","","","","","","","","","","","","","","","",""
"XREFLXHG","bookSection","2026","Parosh Aziz AbdullaYo-Ga ChenYu-Fang ChenKai-Min ChungLukáš HolíkOndřej LengálJyun-Ao LinFang-Yi LoWei-Lun Tsai","On the Verification of Quantum Circuits (Research Challenges and Opportunities)","Principles of Formal Quantitative Analysis","","","10.1007/978-3-031-97439-7_16","https://link.springer.com/chapter/10.1007/978-3-031-97439-7_16","","2026","2026-07-02 19:59:09","2026-07-10 01:01:05","","","","","","","","","","","","","","","","","","","","","","","","","","","","","","","","","","","","","","","","","","","","","","","","","","","","","","","","","","","","","","","","","","","","","","","","",""
"3TCUH94D","journalArticle","2025","Otso KinanenAndrés D. Muñoz-MollerVlad StirbuJuan M. MurilloTommi Mikkonen","Toolchain for faster iterations in quantum software development","Computing","","","10.1007/s00607-025-01450-x","https://link.springer.com/article/10.1007/s00607-025-01450-x","","2025","2026-07-02 19:59:09","2026-07-10 01:01:00","","","","","","","Computing","","","","","","","","","","","","","","","","","","","","","","","","","","","","","","","","","","","","","","","","","","","","","","","","","","","","","","","","","","","","","","","","","",""
"Q7ZYDPPP","journalArticle","2024","","Quantum Software","","","","10.1007/978-3-031-64136-7","https://link.springer.com/book/10.1007/978-3-031-64136-7","","2024","2026-07-02 19:59:09","2026-07-10 01:03:07","","","","","","","","","","","","","","","","","","","","","","","","","","","","","","","","","","","","","","","","","","","","","","","","","","","","","","","","","","","","","","","","","","","","","","","","",""
"Y5ZLVNRS","bookSection","2024","Wolfgang Mauerer","Superoperators for Quantum Software Engineering","Quantum Software","","","10.1007/978-3-031-64136-7_3","https://link.springer.com/chapter/10.1007/978-3-031-64136-7_3","","2024","2026-07-02 19:59:09","2026-07-10 01:03:17","","","","","","","","","","","","","","","","","","","","","","","","","","","","","","","","","","","","","","","","","","","","","","","","","","","","","","","","","","","","","","","","","","","","","","","","",""
"G4DJLPCY","conferencePaper","2026","Tihomir Thomas Bicanic","Pre-execution Preventability of Bugs in GPU-Accelerated Quantum Software Stacks: An Empirical Study","","","","10.1007/978-3-032-29918-5_5","https://link.springer.com/chapter/10.1007/978-3-032-29918-5_5","","2026","2026-07-02 19:59:09","2026-07-10 01:02:26","","","","","","","","","","","","","","","","","","","","","","","","","","","","","","","","","","","","","","","","","","","","","","","","","","","","","","","","","","Computational Science – ICCS 2026 Workshops","","","","","","","","","","","","","","",""
"R8YR4N7V","conferencePaper","2026","Mahmoud NaderiMuhammad Naveed ZafarMarko PezerManuel Mazzara","Comprehensive Review of Quantum Complexity Theory Classes in Formal Verification","","","","10.1007/978-3-032-23341-7_22","https://link.springer.com/chapter/10.1007/978-3-032-23341-7_22","","2026","2026-07-02 19:59:09","2026-07-10 01:00:29","","","","","","","","","","","","","","","","","","","","","","","","","","","","","","","","","","","","","","","","","","","","","","","","","","","","","","","","","","Advanced Information Networking and Applications","","","","","","","","","","","","","","",""
"ZLU6X5GB","conferencePaper","2025","Yuexi XuZhenyuan LiNaipeng DongVeronika KuchtaZhe HouDongxi Liu","Formal Verification Techniques for Post-quantum Cryptography: A Systematic Review","","","","10.1007/978-3-031-66456-4_19","https://link.springer.com/chapter/10.1007/978-3-031-66456-4_19","","2025","2026-07-02 19:59:09","2026-07-10 01:02:59","","","","","","","","","","","","","","","","","","","","","","","","","","","","","","","","","","","","","","","","","","","","","","","","","","","","","","","","","","Engineering of Complex Computer Systems","","","","","","","","","","","","","","",""
"JCCTL2Q6","journalArticle","2023","Frank J. Furrer","Quantum Software Engineering","Informatik Spektrum","","","10.1007/s00287-023-01557-5","https://link.springer.com/article/10.1007/s00287-023-01557-5","","2023","2026-07-02 19:59:09","2026-07-10 00:58:13","","","","","","","Informatik Spektrum","","","","","","","","","","","","","","","","","","","","","","","","","","","","","","","","","","","","","","","","","","","","","","","","","","","","","","","","","","","","","","","","","",""
"EZWTSP9L","journalArticle","2024","Harriet ApelToby CubittPatrick HaydenTamara KohlerDavid Pérez-García","Security of quantum position-verification limits Hamiltonian simulation via holography","Journal of High Energy Physics","","","10.1007/JHEP08(2024)152","https://link.springer.com/article/10.1007/JHEP08(2024)152","","2024","2026-07-02 19:59:09","2026-07-10 00:58:27","","","","","","","Journal of High Energy Physics","","","","","","","","","","","","","","","","","","","","","","","","","","","","","","","","","","","","","","","","","","","","","","","","","","","","","","","","","","","","","","","","","",""
"DX6MNH38","conferencePaper","2026","Maryam Tavassoli Sabzevari","A Systematic Mapping Study on Toolchain Support for Quantum Computing as a Service","","","","10.1007/978-3-032-08977-9_31","https://link.springer.com/chapter/10.1007/978-3-032-08977-9_31","","2026","2026-07-02 19:59:09","2026-07-10 01:00:36","","","","","","","","","","","","","","","","","","","","","","","","","","","","","","","","","","","","","","","","","","","","","","","","","","","","","","","","","","SEET—Software Engineering for Emerging Technologies","","","","","","","","","","","","","","",""
"SDQ3CSBE","journalArticle","2023","Muhammad Azeem AkbarArif Ali KhanSaima Rafi","A systematic decision-making framework for tackling quantum software engineering challenges","Automated Software Engineering","","","10.1007/s10515-023-00389-7","https://link.springer.com/article/10.1007/s10515-023-00389-7","","2023","2026-07-02 19:59:09","2026-07-10 01:00:46","","","","","","","Automated Software Engineering","","","","","","","","","","","","","","","","","","","","","","","","","","","","","","","","","","","","","","","","","","","","","","","","","","","","","","","","","","","","","","","","","",""
"KKH3BWD5","journalArticle","2026","","Quantum Software Engineering (Q-SE 2026)","","","","","https://link.springer.com/collections/biiifjacaf","","2026","2026-07-02 19:59:09","2026-07-10 01:03:09","","","","","","","","","","","","","","","","","","","","","","","","","","","","","","","","","","","","","","","","","","","","","","","","","","","","","","","","","","","","","","","","","","","","","","","","",""
"BLXEYZET","journalArticle","2024","Matteo Petrini","Mixed-Signal Generic Testing in Photonic Integration","Synthesis Lectures on Digital Circuits & Systems","","","10.1007/978-3-031-60811-7","https://link.springer.com/book/10.1007/978-3-031-60811-7","","2024","2026-07-02 19:59:09","2026-07-10 01:00:37","","","","","","","Synthesis Lectures on Digital Circuits & Systems","","","","","","","","","","","","","","","","","","","","","","","","","","","","","","","","","","","","","","","","","","","","","","","","","","","","","","","","","","","","","","","","","",""
"FCC5V5AR","journalArticle","2024","Arif Ali KhanMuhammad Azeem AkbarValtteri LahtinenMarko PaavolaMahmood NiaziMohammed Naif AlatawiShoayee Dlaim Alotaibi","Correction: Agile meets quantum: a novel genetic algorithm model for predicting the success of quantum software development project","Automated Software Engineering","","","10.1007/s10515-024-00474-5","https://link.springer.com/article/10.1007/s10515-024-00474-5","","2024","2026-07-02 19:59:09","2026-07-10 00:57:20","","","","","","","Automated Software Engineering","","","","","","","","","","","","","","","","","","","","","","","","","","","","","","","","","","","","","","","","","","","","","","","","","","","","","","","","","","","","","","","","","",""
"H9JINX6G","conferencePaper","2024","Wenxuan TaoGang Chen","A Coq-Based Infrastructure for Quantum Programming, Verification and Simulation","","","","10.1007/978-981-97-2340-9_14","https://link.springer.com/chapter/10.1007/978-981-97-2340-9_14","","2024","2026-07-02 19:59:09","2026-07-10 01:03:16","","","","","","","","","","","","","","","","","","","","","","","","","","","","","","","","","","","","","","","","","","","","","","","","","","","","","","","","","","Theory and Applications of Models of Computation","","","","","","","","","","","","","","",""
"Y499B34D","conferencePaper","2025","Ryo WakizakaYasunari SuzukiAtsushi Igarashi","Type-Based Verification of Connectivity Constraints in Lattice Surgery","","","","10.1007/978-981-97-8943-6_11","https://link.springer.com/chapter/10.1007/978-981-97-8943-6_11","","2025","2026-07-02 19:59:09","2026-07-10 01:01:28","","","","","","","","","","","","","","","","","","","","","","","","","","","","","","","","","","","","","","","","","","","","","","","","","","","","","","","","","","Programming Languages and Systems","","","","","","","","","","","","","","",""
"N68US2WC","conferencePaper","2026","Ronja HeikkinenMajid HaghparastTommi Mikkonen","Towards Understanding the Developer Experience in Quantum Software Development","","","","10.1007/978-3-032-12089-2_39","https://link.springer.com/chapter/10.1007/978-3-032-12089-2_39","","2026","2026-07-02 19:59:09","2026-07-10 01:01:26","","","","","","","","","","","","","","","","","","","","","","","","","","","","","","","","","","","","","","","","","","","","","","","","","","","","","","","","","","Product-Focused Software Process Improvement","","","","","","","","","","","","","","",""
"NXED6DA7","bookSection","2023","Tao YueWolfgang MauererShaukat AliDavide Taibi","Challenges and Opportunities in Quantum Software Architecture","Software Architecture","","","10.1007/978-3-031-36847-9_1","https://link.springer.com/chapter/10.1007/978-3-031-36847-9_1","","2023","2026-07-02 19:59:09","2026-07-10 01:02:13","","","","","","","","","","","","","","","","","","","","","","","","","","","","","","","","","","","","","","","","","","","","","","","","","","","","","","","","","","","","","","","","","","","","","","","","",""
"7RTIHPB5","bookSection","2025","Srinivasa Rao Bittla","Software Testing from Manual to AI-Driven Automation","AI-Driven Software Testing","","","10.1007/979-8-8688-1829-5_2","https://link.springer.com/chapter/10.1007/979-8-8688-1829-5_2","","2025","2026-07-02 19:59:09","2026-07-10 01:01:57","","","","","","","","","","","","","","","","","","","","","","","","","","","","","","","","","","","","","","","","","","","","","","","","","","","","","","","","","","","","","","","","","","","","","","","","",""
"BD8A5CEM","bookSection","2026","Chuanqi XuJakub Szefer","Security Attacks Abusing Pulse-Level Quantum Circuits","Design Automation for Quantum Computing","","","10.1007/978-3-032-09303-5_11","https://link.springer.com/chapter/10.1007/978-3-032-09303-5_11","","2026","2026-07-02 19:59:09","2026-07-10 00:57:34","","","","","","","","","","","","","","","","","","","","","","","","","","","","","","","","","","","","","","","","","","","","","","","","","","","","","","","","","","","","","","","","","","","","","","","","",""
"NV47H8FU","bookSection","2024","Manuel De StefanoFabiano PecorelliFabio PalombaDavide TaibiDario Di NucciAndrea De Lucia","Quantum Software Engineering Issues and Challenges: Insights from Practitioners","Quantum Software","","","10.1007/978-3-031-64136-7_13","https://link.springer.com/chapter/10.1007/978-3-031-64136-7_13","","2024","2026-07-02 19:59:09","2026-07-10 01:00:31","","","","","","","","","","","","","","","","","","","","","","","","","","","","","","","","","","","","","","","","","","","","","","","","","","","","","","","","","","","","","","","","","","","","","","","","",""
"PPYLP9E6","bookSection","2024","Michael FeldererRicardo Pérez-CastilloMario PiattiniIaakov Exman","A Novel Perception of Quantum Software: Theoretical, Engineering, and Application Aspects","Quantum Software","","","10.1007/978-3-031-64136-7_1","https://link.springer.com/chapter/10.1007/978-3-031-64136-7_1","","2024","2026-07-02 19:59:09","2026-07-10 01:00:39","","","","","","","","","","","","","","","","","","","","","","","","","","","","","","","","","","","","","","","","","","","","","","","","","","","","","","","","","","","","","","","","","","","","","","","","",""
"2EYK3CCS","conferencePaper","2026","Lodovica MarchesiMarco Di FrancescoMichele Marchesi","Developing an Agile Process for Quantum Annealing Applications: An Industrial Experience","","","","10.1007/978-3-032-12092-2_7","https://link.springer.com/chapter/10.1007/978-3-032-12092-2_7","","2026","2026-07-02 19:59:09","2026-07-10 00:59:20","","","","","","","","","","","","","","","","","","","","","","","","","","","","","","","","","","","","","","","","","","","","","","","","","","","","","","","","","","Product-Focused Software Process Improvement. Industry, Doctoral-Symposium, Tutorial, and Workshop Papers","","","","","","","","","","","","","","",""
"LYI5SQ6W","conferencePaper","2024","Ji GuanYuan FengAndrea TurriniMingsheng Ying","Measurement-Based Verification of Quantum Markov Chains","","","","10.1007/978-3-031-65633-0_24","https://link.springer.com/chapter/10.1007/978-3-031-65633-0_24","","2024","2026-07-02 19:59:09","2026-07-10 00:58:53","","","","","","","","","","","","","","","","","","","","","","","","","","","","","","","","","","","","","","","","","","","","","","","","","","","","","","","","","","Computer Aided Verification","","","","","","","","","","","","","","",""
"DAAVIP3R","bookSection","2026","Nathan Shammah","Quantum Error Control and Mitigation Strategies","Quantum Technologies","","","10.1007/978-3-031-90727-2_5","https://link.springer.com/chapter/10.1007/978-3-031-90727-2_5","","2026","2026-07-02 19:59:09","2026-07-10 01:00:54","","","","","","","","","","","","","","","","","","","","","","","","","","","","","","","","","","","","","","","","","","","","","","","","","","","","","","","","","","","","","","","","","","","","","","","","",""
"GPNQIKHP","bookSection","2026","Madhusudan SinghBharat S. Rawal","Programming Quantum Computers","Quantum Minds: Exploring Quantum Computing and AI Synergy","","","10.1007/978-981-95-2498-3_15","https://link.springer.com/chapter/10.1007/978-981-95-2498-3_15","","2026","2026-07-02 19:59:09","2026-07-10 01:00:28","","","","","","","","","","","","","","","","","","","","","","","","","","","","","","","","","","","","","","","","","","","","","","","","","","","","","","","","","","","","","","","","","","","","","","","","",""
"ANPAGLHH","bookSection","2024","José Luis HeviaEzequiel MurinaAurelio MartínezGuido Peterssen","Quantum Software Engineering and Programming Applied to Personalized Pharmacogenomics","Quantum Software","","","10.1007/978-3-031-64136-7_11","https://link.springer.com/chapter/10.1007/978-3-031-64136-7_11","","2024","2026-07-02 19:59:09","2026-07-10 00:59:00","","","","","","","","","","","","","","","","","","","","","","","","","","","","","","","","","","","","","","","","","","","","","","","","","","","","","","","","","","","","","","","","","","","","","","","","",""
"NJ9KWT8T","conferencePaper","2026","Stefano LambiaseManuel De StefanoFabio PalombaFilomena FerrucciAndrea De Lucia","Socio-Technical Well-Being of Quantum Software Communities: An Overview on Community Smells","","","","10.1007/978-3-032-04207-1_4","https://link.springer.com/chapter/10.1007/978-3-032-04207-1_4","","2026","2026-07-02 19:59:09","2026-07-10 01:01:58","","","","","","","","","","","","","","","","","","","","","","","","","","","","","","","","","","","","","","","","","","","","","","","","","","","","","","","","","","Software Engineering and Advanced Applications","","","","","","","","","","","","","","",""
"PFKD4T5W","journalArticle","2026","Jian-Wei YinZi-Rong ChenShun PengHao-Chen LuoChen-Ning TaoSi-Wei TanLi-Qiang Lu","A Review of Quantum Computing Systems and Software","Journal of Computer Science and Technology","","","10.1007/s11390-025-5953-3","https://link.springer.com/article/10.1007/s11390-025-5953-3","","2026","2026-07-02 19:59:09","2026-07-10 00:58:54","","","","","","","Journal of Computer Science and Technology","","","","","","","","","","","","","","","","","","","","","","","","","","","","","","","","","","","","","","","","","","","","","","","","","","","","","","","","","","","","","","","","","",""
"P65JCDQS","journalArticle","2023","WenBo LiuFei WangHan LinJianDong Shang","A user-centric quantum benchmarking test suite and evaluation framework","Quantum Information Processing","","","10.1007/s11128-023-04154-3","https://link.springer.com/article/10.1007/s11128-023-04154-3","","2023","2026-07-02 19:59:09","2026-07-10 01:02:47","","","","","","","Quantum Information Processing","","","","","","","","","","","","","","","","","","","","","","","","","","","","","","","","","","","","","","","","","","","","","","","","","","","","","","","","","","","","","","","","","",""
"C7INZUEZ","conferencePaper","2025","F. Javier CardamaJorge Vázquez-PérezTomás F. PenaJuan C. PichelAndrés Gómez","Quantum Compilation Process: A Survey","","","","10.1007/978-3-031-90200-0_9","https://link.springer.com/chapter/10.1007/978-3-031-90200-0_9","","2025","2026-07-02 19:59:09","2026-07-10 00:58:02","","","","","","","","","","","","","","","","","","","","","","","","","","","","","","","","","","","","","","","","","","","","","","","","","","","","","","","","","","Euro-Par 2024: Parallel Processing Workshops","","","","","","","","","","","","","","",""
"2Y2ZRSTX","conferencePaper","2025","Tomás CastilloBenjamín ChamorroIgnacio CatalánPablo SchwarzenbergLuis RojasFei Luo","A Serious Game Approach for Teaching Requirements Engineering: User Experience Evaluation","","","","10.1007/978-3-031-93539-8_2","https://link.springer.com/chapter/10.1007/978-3-031-93539-8_2","","2025","2026-07-02 19:59:09","2026-07-10 01:02:27","","","","","","","","","","","","","","","","","","","","","","","","","","","","","","","","","","","","","","","","","","","","","","","","","","","","","","","","","","Social Computing and Social Media","","","","","","","","","","","","","","",""
"CLA6YMG6","journalArticle","2026","Nicola AssoliniAlessandra Di PierroIsabella Mastroeni","Challenges in Quantum Programs Analysis","International Journal on Software Tools for Technology Transfer","","","10.1007/s10009-026-00845-1","https://link.springer.com/article/10.1007/s10009-026-00845-1","","2026","2026-07-02 19:59:09","2026-07-10 01:00:56","","","","","","","International Journal on Software Tools for Technology Transfer","","","","","","","","","","","","","","","","","","","","","","","","","","","","","","","","","","","","","","","","","","","","","","","","","","","","","","","","","","","","","","","","","",""
"K59BSRG3","bookSection","2026","Marcus Stephen Edwards","Control Software","An Introduction to Quantum Computing for Computer Engineers","","","10.1007/978-3-032-03650-6_8","https://link.springer.com/chapter/10.1007/978-3-032-03650-6_8","","2026","2026-07-02 19:59:09","2026-07-10 01:00:32","","","","","","","","","","","","","","","","","","","","","","","","","","","","","","","","","","","","","","","","","","","","","","","","","","","","","","","","","","","","","","","","","","","","","","","","",""
"966V9CQJ","conferencePaper","2025","Ruchika MalhotraBhawna JainMarouane Kessentini","A Comparative Analysis of Quantum Programming Bug Detection Tools","","","","10.1007/978-981-96-1185-0_10","https://link.springer.com/chapter/10.1007/978-981-96-1185-0_10","","2025","2026-07-02 19:59:09","2026-07-10 01:01:27","","","","","","","","","","","","","","","","","","","","","","","","","","","","","","","","","","","","","","","","","","","","","","","","","","","","","","","","","","Data Science and Applications","","","","","","","","","","","","","","",""
"TNWZFX2D","bookSection","2022","Luis Jiménez-NavajasRicardo Pérez-CastilloMario Piattini","Quantum Software Modernization","Quantum Software Engineering","","","10.1007/978-3-031-05324-5_11","https://link.springer.com/chapter/10.1007/978-3-031-05324-5_11","","2022","2026-07-02 19:59:09","2026-07-10 00:59:21","","","","","","","","","","","","","","","","","","","","","","","","","","","","","","","","","","","","","","","","","","","","","","","","","","","","","","","","","","","","","","","","","","","","","","","","",""
"MT3ZD47V","journalArticle","2026","Zhuo WangJian LiAng LiuMianxiong DongYanyan Hou","A cross-chain model with underlying security and scalability based on quantum algorithm","EPJ Quantum Technology","","","10.1140/epjqt/s40507-025-00462-y","https://link.springer.com/article/10.1140/epjqt/s40507-025-00462-y","","2026","2026-07-02 19:59:09","2026-07-10 01:03:03","","","","","","","EPJ Quantum Technology","","","","","","","","","","","","","","","","","","","","","","","","","","","","","","","","","","","","","","","","","","","","","","","","","","","","","","","","","","","","","","","","","",""
"GKDWAG5E","bookSection","2026","Zenisha DevaniZeel KanudawalaRohan ThakarCharmi PadhHimani Trivedi","Quantum Simulation Tools: A Comprehensive Survey","Quantum Computing, Sensing and Communications for IoT","","","10.1007/978-981-95-6276-3_7","https://link.springer.com/chapter/10.1007/978-981-95-6276-3_7","","2026","2026-07-02 19:59:09","2026-07-10 01:03:02","","","","","","","","","","","","","","","","","","","","","","","","","","","","","","","","","","","","","","","","","","","","","","","","","","","","","","","","","","","","","","","","","","","","","","","","",""
"SQY38IA3","bookSection","2024","Iaakov Exman","Simulating Quantum Software with Density Matrices: Reading Feynman on Fast-Forward","Quantum Software","","","10.1007/978-3-031-64136-7_2","https://link.springer.com/chapter/10.1007/978-3-031-64136-7_2","","2024","2026-07-02 19:59:09","2026-07-10 00:58:32","","","","","","","","","","","","","","","","","","","","","","","","","","","","","","","","","","","","","","","","","","","","","","","","","","","","","","","","","","","","","","","","","","","","","","","","",""
"DCA2Q7ZY","bookSection","2022","Miguel-Angel SiciliaMarçal Mora-CantallopsSalvador Sánchez-AlonsoElena García-Barriocanal","Quantum Software Measurement","Quantum Software Engineering","","","10.1007/978-3-031-05324-5_10","https://link.springer.com/chapter/10.1007/978-3-031-05324-5_10","","2022","2026-07-02 19:59:09","2026-07-10 01:00:40","","","","","","","","","","","","","","","","","","","","","","","","","","","","","","","","","","","","","","","","","","","","","","","","","","","","","","","","","","","","","","","","","","","","","","","","",""
"NGI7F354","bookSection","2026","Prabhat Mishra","The Future of Fault-Tolerant Quantum Computing","Design Automation for Quantum Computing","","","10.1007/978-3-032-09303-5_15","https://link.springer.com/chapter/10.1007/978-3-032-09303-5_15","","2026","2026-07-02 19:59:09","2026-07-10 01:01:10","","","","","","","","","","","","","","","","","","","","","","","","","","","","","","","","","","","","","","","","","","","","","","","","","","","","","","","","","","","","","","","","","","","","","","","","",""
"ECJ99X2J","journalArticle","2025","Suryansh UpadhyayMahabubul AlamSwaroop Ghosh","Architectures for Quantum Information Processing","Handbook of Computer Architecture","","","10.1007/978-981-97-9314-3_64","https://link.springer.com/rwe/10.1007/978-981-97-9314-3_64","","2025","2026-07-02 19:59:09","2026-07-10 01:02:00","","","","","","","Handbook of Computer Architecture","","","","","","","","","","","","","","","","","","","","","","","","","","","","","","","","","","","","","","","","","","","","","","","","","","","","","","","","","","","","","","","","","",""
"FIXXXA69","journalArticle","2025","Md NadimMohammad HassanAshis Kumar MandalChanchal K. RoyBanani RoyKevin A. Schneider","Comparative analysis of quantum and classical support vector classifiers for software bug prediction: an exploratory study","Quantum Machine Intelligence","","","10.1007/s42484-025-00236-w","https://link.springer.com/article/10.1007/s42484-025-00236-w","","2025","2026-07-02 19:59:09","2026-07-10 01:00:38","","","","","","","Quantum Machine Intelligence","","","","","","","","","","","","","","","","","","","","","","","","","","","","","","","","","","","","","","","","","","","","","","","","","","","","","","","","","","","","","","","","","",""
"X6L84U27","journalArticle","2026","Syivesh RukmanikanthanHayana DullahYun Xin TeohAli Najah Ahmed","Quantum Computing Applications in Engineering: Current Status and Future Prospects","Archives of Computational Methods in Engineering","","","10.1007/s11831-026-10569-9","https://link.springer.com/article/10.1007/s11831-026-10569-9","","2026","2026-07-02 19:59:09","2026-07-10 01:02:02","","","","","","","Archives of Computational Methods in Engineering","","","","","","","","","","","","","","","","","","","","","","","","","","","","","","","","","","","","","","","","","","","","","","","","","","","","","","","","","","","","","","","","","",""
"J9BHGSTP","journalArticle","2023","R. Juárez-RamírezC. X. NavarroSamantha JiménezAlan RamírezVerónica Tapia-IbarraCésar Guerra-GarcíaHector G. Perez-GonzalezCarlos Fernández-y-Fernández","A Taxonomic View of the Fundamental Concepts of Quantum Computing–A Software Engineering Perspective","Programming and Computer Software","","","10.1134/S0361768823080108","https://link.springer.com/article/10.1134/S0361768823080108","","2023","2026-07-02 19:59:09","2026-07-10 01:01:16","","","","","","","Programming and Computer Software","","","","","","","","","","","","","","","","","","","","","","","","","","","","","","","","","","","","","","","","","","","","","","","","","","","","","","","","","","","","","","","","","",""
"YJNXRQLN","journalArticle","2022","Memoona FaryalSaddaf RubabMalik M KhanMuhammad Attique KhanAbdulaziz ShehabUsman TariqSamia Allaoua ChellougLobna Osman","RETRACTED ARTICLE: Studying efficacy of traditional software quality parameters in quantum software engineering","Optical and Quantum Electronics","","","10.1007/s11082-022-03943-x","https://link.springer.com/article/10.1007/s11082-022-03943-x","","2022","2026-07-02 19:59:09","2026-07-10 01:00:38","","","","","","","Optical and Quantum Electronics","","","","","","","","","","","","","","","","","","","","","","","","","","","","","","","","","","","","","","","","","","","","","","","","","","","","","","","","","","","","","","","","","",""
"4SNJCTKA","conferencePaper","2025","Kean ChenYuhao LiuWang FangJennifer PaykinXin-Chuan WuAlbert SchmitzSteve ZdancewicGushu Li","Verifying Fault-Tolerance of Quantum Error Correction Codes","","","","10.1007/978-3-031-98685-7_1","https://link.springer.com/chapter/10.1007/978-3-031-98685-7_1","","2025","2026-07-02 19:59:09","2026-07-10 00:59:09","","","","","","","","","","","","","","","","","","","","","","","","","","","","","","","","","","","","","","","","","","","","","","","","","","","","","","","","","","Computer Aided Verification","","","","","","","","","","","","","","",""
"KA2K38BG","bookSection","2022","Johnny Hooyberghs","Your First Quantum Program","Introducing Microsoft Quantum Computing for Developers","","","10.1007/978-1-4842-7246-6_5","https://link.springer.com/chapter/10.1007/978-1-4842-7246-6_5","","2022","2026-07-02 19:59:09","2026-07-10 00:58:59","","","","","","","","","","","","","","","","","","","","","","","","","","","","","","","","","","","","","","","","","","","","","","","","","","","","","","","","","","","","","","","","","","","","","","","","",""
"7WRN34GX","conferencePaper","2026","Sergio Hernández LópezDanel Arias ÁlamoJavier Lázaro GonzálezJavier Ibarra VeganzonesAitor Morais MiñambresIker Pastor LópezPablo Garcia Bringas","Q-TEE: A Service-Oriented Tool for Assessing the Trainability and Expressivity of Variational Quantum Circuits","","","","10.1007/978-981-96-7423-7_3","https://link.springer.com/chapter/10.1007/978-981-96-7423-7_3","","2026","2026-07-02 19:59:09","2026-07-10 01:01:49","","","","","","","","","","","","","","","","","","","","","","","","","","","","","","","","","","","","","","","","","","","","","","","","","","","","","","","","","","Service-Oriented Computing – ICSOC 2024 Workshops","","","","","","","","","","","","","","",""
"3N5YIPD9","conferencePaper","2025","Tobias RoheSimon GrätzMichael KölleSebastian ZielinskiJonas SteinClaudia Linnhoff-Popien","From Problem to Solution: A General Pipeline to Solve Optimisation Problems on Quantum Hardware","","","","10.1007/978-3-031-84460-7_2","https://link.springer.com/chapter/10.1007/978-3-031-84460-7_2","","2025","2026-07-02 19:59:09","2026-07-10 01:02:27","","","","","","","","","","","","","","","","","","","","","","","","","","","","","","","","","","","","","","","","","","","","","","","","","","","","","","","","","","Advances in Information and Communication","","","","","","","","","","","","","","",""
"ETHDWH4F","bookSection","2022","Mario PiattiniJuan Manuel Murillo","Quantum Software Engineering Landscape and Challenges","Quantum Software Engineering","","","10.1007/978-3-031-05324-5_2","https://link.springer.com/chapter/10.1007/978-3-031-05324-5_2","","2022","2026-07-02 19:59:09","2026-07-10 01:00:34","","","","","","","","","","","","","","","","","","","","","","","","","","","","","","","","","","","","","","","","","","","","","","","","","","","","","","","","","","","","","","","","","","","","","","","","",""
"LD6WNTQQ","journalArticle","2026","Sandip DuttaSoumen RoyUtpal Roy","Quantum kernel anomaly detection: a fidelity-based framework for robust behavioral biometric authentication","The Journal of Supercomputing","","","10.1007/s11227-026-08300-3","https://link.springer.com/article/10.1007/s11227-026-08300-3","","2026","2026-07-02 19:59:09","2026-07-10 01:01:46","","","","","","","The Journal of Supercomputing","","","","","","","","","","","","","","","","","","","","","","","","","","","","","","","","","","","","","","","","","","","","","","","","","","","","","","","","","","","","","","","","","",""
"HPV22VBV","conferencePaper","2025","Jaime Alvarado-ValienteJavier Romero-ÁlvarezJorge Casco-SecoEnrique MoguelJose Garcia-AlonsoJuan M. Murillo","Circuit Scheduling Policies on Current QPUs: QCRAFT Scheduler","","","","10.1007/978-981-96-0808-9_15","https://link.springer.com/chapter/10.1007/978-981-96-0808-9_15","","2025","2026-07-02 19:59:09","2026-07-10 00:58:46","","","","","","","","","","","","","","","","","","","","","","","","","","","","","","","","","","","","","","","","","","","","","","","","","","","","","","","","","","Service-Oriented Computing","","","","","","","","","","","","","","",""
"EY537AB5","journalArticle","2026","Lukas BurgholzerRobert Wille","Design Automation Tools and Software for Quantum Computing","","","","10.1007/978-3-032-06770-8","https://link.springer.com/book/10.1007/978-3-032-06770-8","","2026","2026-07-02 19:59:09","2026-07-10 00:59:23","","","","","","","","","","","","","","","","","","","","","","","","","","","","","","","","","","","","","","","","","","","","","","","","","","","","","","","","","","","","","","","","","","","","","","","","",""
"ETVPXDGM","bookSection","2024","Luis Jiménez-NavajasRicardo Pérez-CastilloMario Piattini","Engineering Hybrid Software Systems","Quantum Software","","","10.1007/978-3-031-64136-7_9","https://link.springer.com/chapter/10.1007/978-3-031-64136-7_9","","2024","2026-07-02 19:59:09","2026-07-10 00:59:21","","","","","","","","","","","","","","","","","","","","","","","","","","","","","","","","","","","","","","","","","","","","","","","","","","","","","","","","","","","","","","","","","","","","","","","","",""
"9MDWXX9N","bookSection","2026","Archisman GhoshSatwik KunduSwaroop Ghosh","Adversarial Threats in Quantum Machine Learning: A Survey of Attacks and Defenses","Quantum Robustness in Artificial Intelligence","","","10.1007/978-3-032-11153-1_3","https://link.springer.com/chapter/10.1007/978-3-032-11153-1_3","","2026","2026-07-02 19:59:10","2026-07-10 00:57:20","","","","","","","","","","","","","","","","","","","","","","","","","","","","","","","","","","","","","","","","","","","","","","","","","","","","","","","","","","","","","","","","","","","","","","","","",""
"YMF25CDI","bookSection","2023","Kumar PrateekSoumyadev Maity","Quantum Programming on Azure Quantum—An Open Source Tool for Quantum Developers","Quantum Computing: A Shift from Bits to Qubits","","","10.1007/978-981-19-9530-9_16","https://link.springer.com/chapter/10.1007/978-981-19-9530-9_16","","2023","2026-07-02 19:59:10","2026-07-10 00:59:12","","","","","","","","","","","","","","","","","","","","","","","","","","","","","","","","","","","","","","","","","","","","","","","","","","","","","","","","","","","","","","","","","","","","","","","","",""
"5WLGCMCG","bookSection","2022","Filipa Ramos FerreiraJoão Paulo FernandesRui Abreu","Quantum Software Frameworks for Deep Learning","Quantum Software Engineering","","","10.1007/978-3-031-05324-5_15","https://link.springer.com/chapter/10.1007/978-3-031-05324-5_15","","2022","2026-07-02 19:59:10","2026-07-10 00:58:12","","","","","","","","","","","","","","","","","","","","","","","","","","","","","","","","","","","","","","","","","","","","","","","","","","","","","","","","","","","","","","","","","","","","","","","","",""
"YGWWTKG7","journalArticle","2025","F. Javier CardamaJorge Vázquez-PérezCésar PiñeiroJuan C. PichelTomás F. PenaAndrés Gómez","Review of intermediate representations for quantum computing","The Journal of Supercomputing","","","10.1007/s11227-024-06892-2","https://link.springer.com/article/10.1007/s11227-024-06892-2","","2025","2026-07-02 19:59:10","2026-07-10 00:58:02","","","","","","","The Journal of Supercomputing","","","","","","","","","","","","","","","","","","","","","","","","","","","","","","","","","","","","","","","","","","","","","","","","","","","","","","","","","","","","","","","","","",""
"IUWESAI9","conferencePaper","2025","Muhammad HamidBashir AlamOm Pal","Comparative Study of Quantum Computing Tools and Frameworks","","","","10.1007/978-3-031-80842-5_8","https://link.springer.com/chapter/10.1007/978-3-031-80842-5_8","","2025","2026-07-02 19:59:10","2026-07-10 01:00:47","","","","","","","","","","","","","","","","","","","","","","","","","","","","","","","","","","","","","","","","","","","","","","","","","","","","","","","","","","Innovation and Emerging Trends in Computing and Information Technologies","","","","","","","","","","","","","","",""
"K2549ZS4","conferencePaper","2026","Anne BroadbentAlex B. GriloSupartha PodderJamie Sikora","The Role of Piracy in Quantum Proofs","","","","10.1007/978-3-032-06754-8_10","https://link.springer.com/chapter/10.1007/978-3-032-06754-8_10","","2026","2026-07-02 19:59:10","2026-07-10 00:57:18","","","","","","","","","","","","","","","","","","","","","","","","","","","","","","","","","","","","","","","","","","","","","","","","","","","","","","","","","","Progress in Cryptology – LATINCRYPT 2025","","","","","","","","","","","","","","",""
"RZPDAK3N","conferencePaper","2025","Gonzalo FerroOluwatosin OdubanjoDiego AndradeAndrés Gómez","TNBS: A Kernel-Based Benchmarking for Digital Quantum Computers","","","","10.1007/978-3-031-90200-0_3","https://link.springer.com/chapter/10.1007/978-3-031-90200-0_3","","2025","2026-07-02 19:59:10","2026-07-10 00:58:21","","","","","","","","","","","","","","","","","","","","","","","","","","","","","","","","","","","","","","","","","","","","","","","","","","","","","","","","","","Euro-Par 2024: Parallel Processing Workshops","","","","","","","","","","","","","","",""
"7Z38Z5X7","conferencePaper","2025","Tian-Fu ChenJie-Hong R. Jiang","SliQSim: A Quantum Circuit Simulator and Solver for Probability and Statistics Queries","","","","10.1007/978-3-031-90660-2_7","https://link.springer.com/chapter/10.1007/978-3-031-90660-2_7","","2025","2026-07-02 19:59:10","2026-07-10 01:02:26","","","","","","","","","","","","","","","","","","","","","","","","","","","","","","","","","","","","","","","","","","","","","","","","","","","","","","","","","","Tools and Algorithms for the Construction and Analysis of Systems","","","","","","","","","","","","","","",""
"5HLFFFY9","journalArticle","2025","Yu-Tsung WuPo-Hsuan HuangKai-Chieh ChangChia-Heng TuShih-Hao Hung","QOPS: a compiler framework for quantum circuit simulation acceleration with profile-guided optimizations","The Journal of Supercomputing","","","10.1007/s11227-025-07157-2","https://link.springer.com/article/10.1007/s11227-025-07157-2","","2025","2026-07-02 19:59:10","2026-07-10 01:02:59","","","","","","","The Journal of Supercomputing","","","","","","","","","","","","","","","","","","","","","","","","","","","","","","","","","","","","","","","","","","","","","","","","","","","","","","","","","","","","","","","","","",""
"P2LWXIYM","conferencePaper","2026","Nihar RautYash SitaparaSruthi PenmetsaSiba K. Udgata","Quantum-Enhanced Wi-Fi Sensing: A Hybrid Quantum Machine Learning Framework for Human Activity Recognition","","","","10.1007/978-3-032-26349-0_32","https://link.springer.com/chapter/10.1007/978-3-032-26349-0_32","","2026","2026-07-02 19:59:10","2026-07-10 01:00:57","","","","","","","","","","","","","","","","","","","","","","","","","","","","","","","","","","","","","","","","","","","","","","","","","","","","","","","","","","Intelligent Human Computer Interaction","","","","","","","","","","","","","","",""
"PTX8I9DS","journalArticle","2025","Nan CaiMinghui ZhaoYantong KeXin Liu","Quantum-enhanced hybrid deep reinforcement learning for real-time volleyball tactical decision making","Scientific Reports","","","10.1038/s41598-025-32780-7","https://link.springer.com/article/10.1038/s41598-025-32780-7","","2025","2026-07-02 19:59:10","2026-07-10 01:00:52","","","","","","","Scientific Reports","","","","","","","","","","","","","","","","","","","","","","","","","","","","","","","","","","","","","","","","","","","","","","","","","","","","","","","","","","","","","","","","","",""
"E5TAWI9M","conferencePaper","2026","Fuyuki KitagawaRyo NishimakiNikhil Pappu","Collusion-Resistant Quantum Secure Key Leasing Beyond Decryption","","","","10.1007/978-3-032-25291-3_20","https://link.springer.com/chapter/10.1007/978-3-032-25291-3_20","","2026","2026-07-02 19:59:10","2026-07-10 00:58:15","","","","","","","","","","","","","","","","","","","","","","","","","","","","","","","","","","","","","","","","","","","","","","","","","","","","","","","","","","Advances in Cryptology – EUROCRYPT 2026","","","","","","","","","","","","","","",""
"IJH2INRQ","journalArticle","2024","Manuel De StefanoDario Di NucciFabio PalombaAndrea De Lucia","An empirical study into the effects of transpilation on quantum circuit smells","Empirical Software Engineering","","","10.1007/s10664-024-10461-9","https://link.springer.com/article/10.1007/s10664-024-10461-9","","2024","2026-07-02 19:59:10","2026-07-10 01:00:31","","","","","","","Empirical Software Engineering","","","","","","","","","","","","","","","","","","","","","","","","","","","","","","","","","","","","","","","","","","","","","","","","","","","","","","","","","","","","","","","","","",""
"MXNZLX3W","bookSection","2026","Gabriela LenarczykTimo MinssenMateo Aboy","IP in Superposition: Patents, Trade Secrets, and Open Innovation in Quantum Information Technology","Quantum Technology Governance I","","","10.1007/978-981-95-8371-3_3","https://link.springer.com/chapter/10.1007/978-981-95-8371-3_3","","2026","2026-07-02 19:59:10","2026-07-10 00:58:19","","","","","","","","","","","","","","","","","","","","","","","","","","","","","","","","","","","","","","","","","","","","","","","","","","","","","","","","","","","","","","","","","","","","","","","","",""
"Z3EA623L","bookSection","2026","Parmanand SahuSai Theja VadlamaniTula Ram Sahu","AI Revolution Meets Finance: Navigating Opportunities, Challenges, and Future Direction","Integration of AI Theory and Applications in Diverse Industries","","","10.1007/978-3-032-18322-4_3","https://link.springer.com/chapter/10.1007/978-3-032-18322-4_3","","2026","2026-07-02 19:59:10","2026-07-10 01:01:05","","","","","","","","","","","","","","","","","","","","","","","","","","","","","","","","","","","","","","","","","","","","","","","","","","","","","","","","","","","","","","","","","","","","","","","","",""
"GYPUWVQU","bookSection","2025","Thomas NollChristina GehnenRoy Hermanns","Quantum Computing: From Weakest Preconditions to Voltage Pulses","Principles of Verification: Cycling the Probabilistic Landscape","","","10.1007/978-3-031-75783-9_9","https://link.springer.com/chapter/10.1007/978-3-031-75783-9_9","","2025","2026-07-02 19:59:10","2026-07-10 01:02:25","","","","","","","","","","","","","","","","","","","","","","","","","","","","","","","","","","","","","","","","","","","","","","","","","","","","","","","","","","","","","","","","","","","","","","","","",""
"QPYNS95K","bookSection","2025","Nasrullah MasudAbdus SobhanMd Tanvir Islam SouravAbdullah Al Bassam","Quantum Neural Networks: From Concept to Simulation","Quantum Machine Learning in Industrial Automation","","","10.1007/978-3-031-99786-0_16","https://link.springer.com/chapter/10.1007/978-3-031-99786-0_16","","2025","2026-07-02 19:59:10","2026-07-10 01:00:53","","","","","","","","","","","","","","","","","","","","","","","","","","","","","","","","","","","","","","","","","","","","","","","","","","","","","","","","","","","","","","","","","","","","","","","","",""
"F8USGCT8","conferencePaper","2023","Yu-Fang ChenPhilipp RümmerWei-Lun Tsai","A Theory of Cartesian Arrays (with Applications in Quantum Circuit Verification)","","","","10.1007/978-3-031-38499-8_10","https://link.springer.com/chapter/10.1007/978-3-031-38499-8_10","","2023","2026-07-02 19:59:10","2026-07-10 01:02:58","","","","","","","","","","","","","","","","","","","","","","","","","","","","","","","","","","","","","","","","","","","","","","","","","","","","","","","","","","Automated Deduction – CADE 29","","","","","","","","","","","","","","",""
"5UD4IPTI","bookSection","2024","Enrique MoguelJose Garcia-AlonsoJuan M. Murillo","Development and Deployment of Quantum Services","Quantum Software","","","10.1007/978-3-031-64136-7_8","https://link.springer.com/chapter/10.1007/978-3-031-64136-7_8","","2024","2026-07-02 19:59:10","2026-07-10 00:57:58","","","","","","","","","","","","","","","","","","","","","","","","","","","","","","","","","","","","","","","","","","","","","","","","","","","","","","","","","","","","","","","","","","","","","","","","",""
"2LSBZL3W","bookSection","2025","Veena S. ChakravarthiShivananda R. Koteshwar","Quantum System on Chips","SOC-Based Solutions in Emerging Application Domains","","","10.1007/978-3-031-85044-8_8","https://link.springer.com/chapter/10.1007/978-3-031-85044-8_8","","2025","2026-07-02 19:59:10","2026-07-10 01:02:33","","","","","","","","","","","","","","","","","","","","","","","","","","","","","","","","","","","","","","","","","","","","","","","","","","","","","","","","","","","","","","","","","","","","","","","","",""
"EQ5ZQLRT","conferencePaper","2024","Javier Sanchez-RiveroDaniel TalavánJose Garcia-AlonsoAntonio Ruiz-CortésJuan Manuel Murillo","Some Initial Guidelines for Building Reusable Quantum Oracles","","","","10.1007/978-981-97-0989-2_16","https://link.springer.com/chapter/10.1007/978-981-97-0989-2_16","","2024","2026-07-02 19:59:10","2026-07-10 00:58:51","","","","","","","","","","","","","","","","","","","","","","","","","","","","","","","","","","","","","","","","","","","","","","","","","","","","","","","","","","Service-Oriented Computing – ICSOC 2023 Workshops","","","","","","","","","","","","","","",""
"A4PPKID6","journalArticle","2026","Aruna RaniSatveer Kour","Green quantum computing: evaluating energy efficient error correction mechanisms","Proceedings of the Indian National Science Academy","","","10.1007/s43538-026-00737-7","https://link.springer.com/article/10.1007/s43538-026-00737-7","","2026","2026-07-02 19:59:10","2026-07-10 00:57:21","","","","","","","Proceedings of the Indian National Science Academy","","","","","","","","","","","","","","","","","","","","","","","","","","","","","","","","","","","","","","","","","","","","","","","","","","","","","","","","","","","","","","","","","",""
"7VDG6M6E","bookSection","2026","Kali Charan ModakKumkum SinhaKavita TiwariMiguel A. Sahagun","Green Quantum Finance: Leveraging Quantum AI and HPC for Sustainable Climate Investment Strategies","Quantum AI-Powered and HPC Applications for Sustainable Environment and Climate Change","","","10.1007/978-3-032-15188-9_6","https://link.springer.com/chapter/10.1007/978-3-032-15188-9_6","","2026","2026-07-02 19:59:10","2026-07-10 00:59:07","","","","","","","","","","","","","","","","","","","","","","","","","","","","","","","","","","","","","","","","","","","","","","","","","","","","","","","","","","","","","","","","","","","","","","","","",""
"VRRJHAG7","journalArticle","2023","Suryansh UpadhyayMahabubul AlamSwaroop Ghosh","Architectures for Quantum Information Processing","Handbook of Computer Architecture","","","10.1007/978-981-15-6401-7_64-1","https://link.springer.com/rwe/10.1007/978-981-15-6401-7_64-1","","2023","2026-07-02 19:59:10","2026-07-10 01:02:00","","","","","","","Handbook of Computer Architecture","","","","","","","","","","","","","","","","","","","","","","","","","","","","","","","","","","","","","","","","","","","","","","","","","","","","","","","","","","","","","","","","","",""
"QKSHC6DX","conferencePaper","2023","Yu-Fang ChenKai-Min ChungOndřej LengálJyun-Ao LinWei-Lun Tsai","AutoQ: An Automata-Based Quantum Circuit Verifier","","","","10.1007/978-3-031-37709-9_7","https://link.springer.com/chapter/10.1007/978-3-031-37709-9_7","","2023","2026-07-02 19:59:10","2026-07-10 01:02:58","","","","","","","","","","","","","","","","","","","","","","","","","","","","","","","","","","","","","","","","","","","","","","","","","","","","","","","","","","Computer Aided Verification","","","","","","","","","","","","","","",""
"38FD66JH","journalArticle","2025","Muhammad AbuGhanem","Superconducting quantum computers: who is leading the future?","EPJ Quantum Technology","","","10.1140/epjqt/s40507-025-00405-7","https://link.springer.com/article/10.1140/epjqt/s40507-025-00405-7","","2025","2026-07-02 19:59:10","2026-07-10 01:00:45","","","","","","","EPJ Quantum Technology","","","","","","","","","","","","","","","","","","","","","","","","","","","","","","","","","","","","","","","","","","","","","","","","","","","","","","","","","","","","","","","","","",""
"FIVTTGJ4","conferencePaper","2024","Jaime Alvarado-ValienteJavier Romero-ÁlvarezEnrique MoguelJosé Garcia-AlonsoJuan M. Murillo","Task Manager of Quantum Web Services Through a Load Balancing Solution","","","","10.1007/978-3-031-62362-2_24","https://link.springer.com/chapter/10.1007/978-3-031-62362-2_24","","2024","2026-07-02 19:59:10","2026-07-10 00:58:45","","","","","","","","","","","","","","","","","","","","","","","","","","","","","","","","","","","","","","","","","","","","","","","","","","","","","","","","","","Web Engineering","","","","","","","","","","","","","","",""
"WLWXP44A","journalArticle","2025","M. Bagus AndraAsri R. YulianiJimmy A. KadarAde RamdanHilman F. Pardede","Data augmentation in cancer image classification problem with quantum GAN","Quantum Machine Intelligence","","","10.1007/s42484-025-00315-y","https://link.springer.com/article/10.1007/s42484-025-00315-y","","2025","2026-07-02 19:59:10","2026-07-10 00:59:25","","","","","","","Quantum Machine Intelligence","","","","","","","","","","","","","","","","","","","","","","","","","","","","","","","","","","","","","","","","","","","","","","","","","","","","","","","","","","","","","","","","","",""
"5WDZIHW5","conferencePaper","2025","Orestis ChardouvelisVipul GoyalAayush JainJiahui Liu","Quantum Key Leasing for PKE and FHE with a Classical Lessor","","","","10.1007/978-3-031-91131-6_9","https://link.springer.com/chapter/10.1007/978-3-031-91131-6_9","","2025","2026-07-02 19:59:10","2026-07-10 01:00:59","","","","","","","","","","","","","","","","","","","","","","","","","","","","","","","","","","","","","","","","","","","","","","","","","","","","","","","","","","Advances in Cryptology – EUROCRYPT 2025","","","","","","","","","","","","","","",""
"VNI3UN8M","journalArticle","2025","Diego García-VegaFernando Plou-LlorenteAlejandro Leal-CastañoElías F. CombarroJosé Ranilla","pLazyQML: a parallel package for efficient execution of QML models on classical computers","The Journal of Supercomputing","","","10.1007/s11227-025-07714-9","https://link.springer.com/article/10.1007/s11227-025-07714-9","","2025","2026-07-02 19:59:10","2026-07-10 00:57:44","","","","","","","The Journal of Supercomputing","","","","","","","","","","","","","","","","","","","","","","","","","","","","","","","","","","","","","","","","","","","","","","","","","","","","","","","","","","","","","","","","","",""
"6LMZKTCR","conferencePaper","2022","Muhammad Azeem AkbarSaima RafiArif Ali Khan","Classical to Quantum Software Migration Journey Begins: A Conceptual Readiness Model","","","","10.1007/978-3-031-21388-5_42","https://link.springer.com/chapter/10.1007/978-3-031-21388-5_42","","2022","2026-07-02 19:59:10","2026-07-10 01:00:47","","","","","","","","","","","","","","","","","","","","","","","","","","","","","","","","","","","","","","","","","","","","","","","","","","","","","","","","","","Product-Focused Software Process Improvement","","","","","","","","","","","","","","",""
"ZRA3JIGT","journalArticle","2026","Shuoming ZhangJiacheng ZhaoQiuchu YuChunwei XiaZheng WangXiaobing FengHuimin Cui","The new compiler stack: a survey on the synergy of LLMs and compilers","CCF Transactions on High Performance Computing","","","10.1007/s42514-025-00270-x","https://link.springer.com/article/10.1007/s42514-025-00270-x","","2026","2026-07-02 19:59:10","2026-07-10 01:01:55","","","","","","","CCF Transactions on High Performance Computing","","","","","","","","","","","","","","","","","","","","","","","","","","","","","","","","","","","","","","","","","","","","","","","","","","","","","","","","","","","","","","","","","",""
"7T3R34DM","journalArticle","2025","Evandro RosaEduardo LussiJerusa MarchiRafael de SantiagoEduardo Duzzioni","Full Quantum Stack: Ket Platform","Brazilian Journal of Physics","","","10.1007/s13538-025-01981-w","https://link.springer.com/article/10.1007/s13538-025-01981-w","","2025","2026-07-02 19:59:10","2026-07-10 00:57:59","","","","","","","Brazilian Journal of Physics","","","","","","","","","","","","","","","","","","","","","","","","","","","","","","","","","","","","","","","","","","","","","","","","","","","","","","","","","","","","","","","","","",""
"NGWDYFNS","journalArticle","2026","Muhammad AbuGhanem","Toward scalable fault-tolerant photonic quantum computers","The Journal of Supercomputing","","","10.1007/s11227-025-08132-7","https://link.springer.com/article/10.1007/s11227-025-08132-7","","2026","2026-07-02 19:59:10","2026-07-10 01:00:46","","","","","","","The Journal of Supercomputing","","","","","","","","","","","","","","","","","","","","","","","","","","","","","","","","","","","","","","","","","","","","","","","","","","","","","","","","","","","","","","","","","",""
"VVUP6544","journalArticle","2026","Sandip DuttaBiswajit BasuSoumen RoyUtpal Roy","Quantum-classical adaptive autoencoding of time-series signals for secure biometric authentication","Quantum Machine Intelligence","","","10.1007/s42484-026-00417-1","https://link.springer.com/article/10.1007/s42484-026-00417-1","","2026","2026-07-02 19:59:10","2026-07-10 01:01:46","","","","","","","Quantum Machine Intelligence","","","","","","","","","","","","","","","","","","","","","","","","","","","","","","","","","","","","","","","","","","","","","","","","","","","","","","","","","","","","","","","","","",""
"BUKAAJM6","bookSection","2025","Vijayarangan Natarajan","Quantum Programming","Quantum Artificial Intelligence","","","10.1007/978-981-96-5051-4_2","https://link.springer.com/chapter/10.1007/978-981-96-5051-4_2","","2025","2026-07-02 19:59:10","2026-07-10 01:02:36","","","","","","","","","","","","","","","","","","","","","","","","","","","","","","","","","","","","","","","","","","","","","","","","","","","","","","","","","","","","","","","","","","","","","","","","",""
"JMXHFAGJ","bookSection","2026","Siyi WangAnupam Chattopadhyay","Applications of Quantum Arithmetic Designs","Quantum Arithmetic","","","10.1007/978-981-95-6039-4_4","https://link.springer.com/chapter/10.1007/978-981-95-6039-4_4","","2026","2026-07-02 19:59:10","2026-07-10 01:01:55","","","","","","","","","","","","","","","","","","","","","","","","","","","","","","","","","","","","","","","","","","","","","","","","","","","","","","","","","","","","","","","","","","","","","","","","",""
"WR9JPXPK","conferencePaper","2024","Peng YanHanru JiangNengkun Yu","Approximate Relational Reasoning for Quantum Programs","","","","10.1007/978-3-031-65633-0_22","https://link.springer.com/chapter/10.1007/978-3-031-65633-0_22","","2024","2026-07-02 19:59:10","2026-07-10 01:01:06","","","","","","","","","","","","","","","","","","","","","","","","","","","","","","","","","","","","","","","","","","","","","","","","","","","","","","","","","","Computer Aided Verification","","","","","","","","","","","","","","",""
"WBN9HHH9","journalArticle","2025","Manish KhuleDeepak MotwaniDipti Chauhan","A layered and integrative framework for Advance Persistent Threat detection and mitigation: combining AI, Zero-Trust, and Advanced Threat Intelligence","Cluster Computing","","","10.1007/s10586-025-05561-0","https://link.springer.com/article/10.1007/s10586-025-05561-0","","2025","2026-07-02 19:59:10","2026-07-10 01:00:31","","","","","","","Cluster Computing","","","","","","","","","","","","","","","","","","","","","","","","","","","","","","","","","","","","","","","","","","","","","","","","","","","","","","","","","","","","","","","","","",""
"IFFMZJRV","journalArticle","2025","Jorge Vázquez-PérezF. Javier CardamaCésar PiñeiroJuan C. PichelTomás F. PenaAndrés Gómez","Inqasm: InQuIR compiler to NetQASM","The Journal of Supercomputing","","","10.1007/s11227-025-06955-y","https://link.springer.com/article/10.1007/s11227-025-06955-y","","2025","2026-07-02 19:59:10","2026-07-10 00:58:59","","","","","","","The Journal of Supercomputing","","","","","","","","","","","","","","","","","","","","","","","","","","","","","","","","","","","","","","","","","","","","","","","","","","","","","","","","","","","","","","","","","",""
"6A7PCK5A","journalArticle","2025","Kavita R. SinghSagarkumar S. BadhiyeKapil GuptaPravinkumar M. SonsareRoshni S. KhedgaonkarMukesh M. Raghuwanshi","A Survey of Quantum Machine Learning: Understanding the Current Landscape and Future Opportunities","Operations Research Forum","","","10.1007/s43069-025-00569-z","https://link.springer.com/article/10.1007/s43069-025-00569-z","","2025","2026-07-02 19:59:10","2026-07-10 00:59:09","","","","","","","Operations Research Forum","","","","","","","","","","","","","","","","","","","","","","","","","","","","","","","","","","","","","","","","","","","","","","","","","","","","","","","","","","","","","","","","","",""
"HFKVA4SA","journalArticle","2025","Qiming DuJinchen XuYu ZhuHang LianQibing XiongDanyang ZhengYi LiuZheng TuZheng Shan","QCCP: a taskflow programming model for emerging computing scenario","EPJ Quantum Technology","","","10.1140/epjqt/s40507-025-00318-5","https://link.springer.com/article/10.1140/epjqt/s40507-025-00318-5","","2025","2026-07-02 19:59:10","2026-07-10 01:01:13","","","","","","","EPJ Quantum Technology","","","","","","","","","","","","","","","","","","","","","","","","","","","","","","","","","","","","","","","","","","","","","","","","","","","","","","","","","","","","","","","","","",""
"43SVBKTG","conferencePaper","2024","Martin AvanziniGeorg MoserRomain PéchouxSimon Perdrix","On the Hardness of Analyzing Quantum Programs Quantitatively","","","","10.1007/978-3-031-57267-8_2","https://link.springer.com/chapter/10.1007/978-3-031-57267-8_2","","2024","2026-07-02 19:59:10","2026-07-10 01:00:35","","","","","","","","","","","","","","","","","","","","","","","","","","","","","","","","","","","","","","","","","","","","","","","","","","","","","","","","","","Programming Languages and Systems","","","","","","","","","","","","","","",""
"HDQYY5TL","journalArticle","2025","Khaoula ElBedouiNeila Ben LakhalWalid Barhoumi","Medical image analysis: a systematization of knowledge on the convergence of AI and quantum computing","The Journal of Supercomputing","","","10.1007/s11227-025-07789-4","https://link.springer.com/article/10.1007/s11227-025-07789-4","","2025","2026-07-02 19:59:10","2026-07-10 00:59:10","","","","","","","The Journal of Supercomputing","","","","","","","","","","","","","","","","","","","","","","","","","","","","","","","","","","","","","","","","","","","","","","","","","","","","","","","","","","","","","","","","","",""
"IWFFWDJY","conferencePaper","2024","Yuxin DengHuiling WuMing Xu","Local Reasoning About Probabilistic Behaviour for Classical–Quantum Programs","","","","10.1007/978-3-031-50521-8_8","https://link.springer.com/chapter/10.1007/978-3-031-50521-8_8","","2024","2026-07-02 19:59:10","2026-07-10 01:03:00","","","","","","","","","","","","","","","","","","","","","","","","","","","","","","","","","","","","","","","","","","","","","","","","","","","","","","","","","","Verification, Model Checking, and Abstract Interpretation","","","","","","","","","","","","","","",""
"5KT3IIGM","bookSection","2026","Ilgın ŞafakTapio FranttiFatih AlagözTommi MikkonenMajid Haghparast","Quantum Adversarial Artificial Intelligence in Secure Internet of Things Networks","Adversarial Example Detection and Mitigation Using Machine Learning","","","10.1007/978-3-031-99447-0_9","https://link.springer.com/chapter/10.1007/978-3-031-99447-0_9","","2026","2026-07-02 19:59:10","2026-07-10 00:58:33","","","","","","","","","","","","","","","","","","","","","","","","","","","","","","","","","","","","","","","","","","","","","","","","","","","","","","","","","","","","","","","","","","","","","","","","",""
"Z2Q5JQ8S","journalArticle","2024","Antonio TrovatoManuel De StefanoFabiano PecorelliDario Di NucciAndrea De Lucia","Reformulating regression test suite optimization using quantum annealing - an empirical study","International Journal on Software Tools for Technology Transfer","","","10.1007/s10009-024-00775-w","https://link.springer.com/article/10.1007/s10009-024-00775-w","","2024","2026-07-02 19:59:10","2026-07-10 00:57:19","","","","","","","International Journal on Software Tools for Technology Transfer","","","","","","","","","","","","","","","","","","","","","","","","","","","","","","","","","","","","","","","","","","","","","","","","","","","","","","","","","","","","","","","","","",""
"JE4P2IZ3","journalArticle","2024","Ashis Kumar MandalBasabi Chakraborty","Quantum computing and quantum-inspired techniques for feature subset selection: a review","Knowledge and Information Systems","","","10.1007/s10115-024-02282-5","https://link.springer.com/article/10.1007/s10115-024-02282-5","","2024","2026-07-02 19:59:10","2026-07-10 00:57:21","","","","","","","Knowledge and Information Systems","","","","","","","","","","","","","","","","","","","","","","","","","","","","","","","","","","","","","","","","","","","","","","","","","","","","","","","","","","","","","","","","","",""
"ILAYVDVW","bookSection","2022","Iaakov ExmanAlon Tsalik Shmilovich","Quantum Software Models: Density Matrix for Universal Software Design","Quantum Software Engineering","","","10.1007/978-3-031-05324-5_7","https://link.springer.com/chapter/10.1007/978-3-031-05324-5_7","","2022","2026-07-02 19:59:10","2026-07-10 00:58:32","","","","","","","","","","","","","","","","","","","","","","","","","","","","","","","","","","","","","","","","","","","","","","","","","","","","","","","","","","","","","","","","","","","","","","","","",""
"5S2L2HH4","journalArticle","2025","Timothy ProctorKevin YoungAndrew D. BaczewskiRobin Blume-Kohout","Benchmarking quantum computers","Nature Reviews Physics","","","10.1038/s42254-024-00796-z","https://link.springer.com/article/10.1038/s42254-024-00796-z","","2025","2026-07-02 19:59:10","2026-07-10 01:02:27","","","","","","","Nature Reviews Physics","","","","","","","","","","","","","","","","","","","","","","","","","","","","","","","","","","","","","","","","","","","","","","","","","","","","","","","","","","","","","","","","","",""
"V92EY26V","journalArticle","2024","Mohd Nadeem","Analyze quantum security in software design using fuzzy-AHP","International Journal of Information Technology","","","10.1007/s41870-024-02002-w","https://link.springer.com/article/10.1007/s41870-024-02002-w","","2024","2026-07-02 19:59:10","2026-07-10 01:00:43","","","","","","","International Journal of Information Technology","","","","","","","","","","","","","","","","","","","","","","","","","","","","","","","","","","","","","","","","","","","","","","","","","","","","","","","","","","","","","","","","","",""
"RKRAVGN9","conferencePaper","2026","Amana LiaqatAhmed DarwishAdrian RomanStephen DiAdamo","QAOA in Quantum Datacenters: Parallelization, Simulation, and Orchestration","","","","10.1007/978-3-032-13855-2_5","https://link.springer.com/chapter/10.1007/978-3-032-13855-2_5","","2026","2026-07-02 19:59:10","2026-07-10 00:57:15","","","","","","","","","","","","","","","","","","","","","","","","","","","","","","","","","","","","","","","","","","","","","","","","","","","","","","","","","","Quantum Engineering Sciences and Technologies for Industry and Services","","","","","","","","","","","","","","",""
"NR9WJ8G9","conferencePaper","2024","M. MounikaSana Pavan Kumar ReddyA. AbhinayaG. Akshay","Quantum Machine Learning: Bridging the Gap Between Theory and Practice","","","","10.1007/978-3-031-74682-6_7","https://link.springer.com/chapter/10.1007/978-3-031-74682-6_7","","2024","2026-07-02 19:59:10","2026-07-10 00:59:28","","","","","","","","","","","","","","","","","","","","","","","","","","","","","","","","","","","","","","","","","","","","","","","","","","","","","","","","","","Intelligent Computing and Big Data Analytics","","","","","","","","","","","","","","",""
"7ETYL6B2","conferencePaper","2026","Le ChangSaitej YavvariRance CleavelandSamik BasuRunzhou TaoLiyi Li","DisQ: A Model of Distributed Quantum Processors","","","","10.1007/978-3-032-28079-4_2","https://link.springer.com/chapter/10.1007/978-3-032-28079-4_2","","2026","2026-07-02 19:59:10","2026-07-10 00:59:17","","","","","","","","","","","","","","","","","","","","","","","","","","","","","","","","","","","","","","","","","","","","","","","","","","","","","","","","","","NASA Formal Methods","","","","","","","","","","","","","","",""
"P7LU4RJI","conferencePaper","2024","Scott Wesley","LinguaQuanta: Towards a Quantum Transpiler Between OpenQASM and Quipper","","","","10.1007/978-3-031-62076-8_10","https://link.springer.com/chapter/10.1007/978-3-031-62076-8_10","","2024","2026-07-02 19:59:10","2026-07-10 01:01:48","","","","","","","","","","","","","","","","","","","","","","","","","","","","","","","","","","","","","","","","","","","","","","","","","","","","","","","","","","Reversible Computation","","","","","","","","","","","","","","",""
"WYIC4VKZ","journalArticle","2026","Shankar Sachin NimmagantiVishnu Vardhana Reddy Karna","A Comprehensive Review of AI-Driven Arrhythmia Detection: From Classical Machine Learning to Quantum Machine Learning With ECG and PPG Signals","Archives of Computational Methods in Engineering","","","10.1007/s11831-026-10539-1","https://link.springer.com/article/10.1007/s11831-026-10539-1","","2026","2026-07-02 19:59:10","2026-07-10 01:01:50","","","","","","","Archives of Computational Methods in Engineering","","","","","","","","","","","","","","","","","","","","","","","","","","","","","","","","","","","","","","","","","","","","","","","","","","","","","","","","","","","","","","","","","",""
"B4MWRIEM","bookSection","2025","K. VijayalakshmiB. G. DeepaVijayalakshmi A. LepakshiRahul Laxman Pawar","Understanding the Fundamentals of Quantum Computing","Quantum Machine Learning in Industrial Automation","","","10.1007/978-3-031-99786-0_18","https://link.springer.com/chapter/10.1007/978-3-031-99786-0_18","","2025","2026-07-02 19:59:10","2026-07-10 00:59:06","","","","","","","","","","","","","","","","","","","","","","","","","","","","","","","","","","","","","","","","","","","","","","","","","","","","","","","","","","","","","","","","","","","","","","","","",""
"QWR7QVPW","journalArticle","2025","Shalini DevendrababuSrinjoy GangulyKannan Hemachandran","Mapping quantum industry demands to education: a critical analysis of skills, qualifications, and modalities","EPJ Quantum Technology","","","10.1140/epjqt/s40507-025-00406-6","https://link.springer.com/article/10.1140/epjqt/s40507-025-00406-6","","2025","2026-07-02 19:59:10","2026-07-10 01:01:50","","","","","","","EPJ Quantum Technology","","","","","","","","","","","","","","","","","","","","","","","","","","","","","","","","","","","","","","","","","","","","","","","","","","","","","","","","","","","","","","","","","",""
"W3PET28N","conferencePaper","2023","Julian MartensIndika KumaraGeert MonsieurWillem-Jan Van Den HeuvelDamian Andrew Tamburri","QuantumShare: Towards an Ontology for Bridging the Quantum Divide","","","","10.1007/978-3-031-47262-6_22","https://link.springer.com/chapter/10.1007/978-3-031-47262-6_22","","2023","2026-07-02 19:59:10","2026-07-10 00:59:01","","","","","","","","","","","","","","","","","","","","","","","","","","","","","","","","","","","","","","","","","","","","","","","","","","","","","","","","","","Conceptual Modeling","","","","","","","","","","","","","","",""
"MV4QQHS2","journalArticle","2025","F. El AyachiM. El Baz","Software bug prediction using entanglement-enhanced quantum support vector machines (E-QSVM)","Quantum Machine Intelligence","","","10.1007/s42484-025-00334-9","https://link.springer.com/article/10.1007/s42484-025-00334-9","","2025","2026-07-02 19:59:10","2026-07-10 00:58:00","","","","","","","Quantum Machine Intelligence","","","","","","","","","","","","","","","","","","","","","","","","","","","","","","","","","","","","","","","","","","","","","","","","","","","","","","","","","","","","","","","","","",""
"WQJGIYMQ","journalArticle","2025","Javier TroyaAlfonso Pierantonio","Special section on uncertainty, modeling, CPSs and AI: honoring Prof. Antonio Vallecillo","Software and Systems Modeling","","","10.1007/s10270-025-01285-2","https://link.springer.com/article/10.1007/s10270-025-01285-2","","2025","2026-07-02 19:59:10","2026-07-10 00:58:51","","","","","","","Software and Systems Modeling","","","","","","","","","","","","","","","","","","","","","","","","","","","","","","","","","","","","","","","","","","","","","","","","","","","","","","","","","","","","","","","","","",""
"QRBVJ43R","bookSection","2025","Anisha KumariRanjan Kumar BeheraBibhudatta Sahoo","Quantum Cloud Computing: Key Technologies, Challenges, and Opportunities","Advances in Quantum Inspired Artificial Intelligence","","","10.1007/978-3-031-89905-8_6","https://link.springer.com/chapter/10.1007/978-3-031-89905-8_6","","2025","2026-07-02 19:59:10","2026-07-10 00:57:17","","","","","","","","","","","","","","","","","","","","","","","","","","","","","","","","","","","","","","","","","","","","","","","","","","","","","","","","","","","","","","","","","","","","","","","","",""
"6QZZ297A","bookSection","2026","Masahiro FujitaYusuke Kimura","Quantum Circuit Simulation","Design Automation for Quantum Computing","","","10.1007/978-3-032-09303-5_8","https://link.springer.com/chapter/10.1007/978-3-032-09303-5_8","","2026","2026-07-02 19:59:10","2026-07-10 01:00:36","","","","","","","","","","","","","","","","","","","","","","","","","","","","","","","","","","","","","","","","","","","","","","","","","","","","","","","","","","","","","","","","","","","","","","","","",""
"SLNHI5FX","bookSection","2026","Elija PerrierMateo Aboy","Quantum Information Technology and the Law","Quantum Technology Governance I","","","10.1007/978-981-95-8371-3_2","https://link.springer.com/chapter/10.1007/978-981-95-8371-3_2","","2026","2026-07-02 19:59:10","2026-07-10 00:57:48","","","","","","","","","","","","","","","","","","","","","","","","","","","","","","","","","","","","","","","","","","","","","","","","","","","","","","","","","","","","","","","","","","","","","","","","",""
"VXSXBHIR","bookSection","2025","Wasswa Shafik","Generative Adversarial Networks: Security, Privacy, and Ethical Considerations","Generative Artificial Intelligence (AI) Approaches for Industrial Applications","","","10.1007/978-3-031-76710-4_5","https://link.springer.com/chapter/10.1007/978-3-031-76710-4_5","","2025","2026-07-02 19:59:10","2026-07-10 01:02:39","","","","","","","","","","","","","","","","","","","","","","","","","","","","","","","","","","","","","","","","","","","","","","","","","","","","","","","","","","","","","","","","","","","","","","","","",""
"LN4WCT66","journalArticle","2026","Mohammad ShameemHemlata GangwarMahmood NiaziSajjad MahmoodAlok Mishra","Exploring the impact of personality traits and cognitive diversity on knowledge-sharing behaviour, team innovation climate, and team agility in Agile Software Development","Cognition, Technology & Work","","","10.1007/s10111-026-00858-5","https://link.springer.com/article/10.1007/s10111-026-00858-5","","2026","2026-07-02 19:59:10","2026-07-10 01:00:43","","","","","","","Cognition, Technology & Work","","","","","","","","","","","","","","","","","","","","","","","","","","","","","","","","","","","","","","","","","","","","","","","","","","","","","","","","","","","","","","","","","",""
"TXU37LNC","conferencePaper","2025","Sebastian Feld","Full-Stack Quantum Computing and Distributed Systems: A Community-Centric Approach","","","","10.1007/978-3-031-94263-1_1","https://link.springer.com/chapter/10.1007/978-3-031-94263-1_1","","2025","2026-07-02 19:59:10","2026-07-10 01:01:49","","","","","","","","","","","","","","","","","","","","","","","","","","","","","","","","","","","","","","","","","","","","","","","","","","","","","","","","","","Innovations for Community Services","","","","","","","","","","","","","","",""
"Z8U4RA5B","journalArticle","2025","Adarsh KumarAli Ismail AwadGaurav SharmaRajalakshmi KrishnamurthiSaurabh JainP. SrikanthKriti SharmaMustapha HedabouSurinder Sood","Artificial intelligence and blockchain for quantum satellites and UAV-based communications: a review","Quantum Machine Intelligence","","","10.1007/s42484-025-00271-7","https://link.springer.com/article/10.1007/s42484-025-00271-7","","2025","2026-07-02 19:59:10","2026-07-10 00:57:07","","","","","","","Quantum Machine Intelligence","","","","","","","","","","","","","","","","","","","","","","","","","","","","","","","","","","","","","","","","","","","","","","","","","","","","","","","","","","","","","","","","","",""
"AH7CQ3P2","bookSection","2023","Dhairyya AgarwalShalini DSrinjoy Ganguly","Integrating Quantum Computing into an Existing System","Productizing Quantum Computing","","","10.1007/978-1-4842-9985-2_7","https://link.springer.com/chapter/10.1007/978-1-4842-9985-2_7","","2023","2026-07-02 19:59:10","2026-07-10 00:57:43","","","","","","","","","","","","","","","","","","","","","","","","","","","","","","","","","","","","","","","","","","","","","","","","","","","","","","","","","","","","","","","","","","","","","","","","",""
"9Q8IMFAN","journalArticle","2025","Vijay RamasamyRengarajan AmirtharajanPadmapriya Pravinkumar","Sustaining immutability in pharmaceutical cold supply chain integrating quantum blockchain","Peer-to-Peer Networking and Applications","","","10.1007/s12083-025-01930-z","https://link.springer.com/article/10.1007/s12083-025-01930-z","","2025","2026-07-02 19:59:10","2026-07-10 01:02:35","","","","","","","Peer-to-Peer Networking and Applications","","","","","","","","","","","","","","","","","","","","","","","","","","","","","","","","","","","","","","","","","","","","","","","","","","","","","","","","","","","","","","","","","",""
"TQA9H86R","journalArticle","2026","Wenjie SunXiaoyu LiLianhui YuZhigang WangGeng ChenDesheng ZhengGuowu Yang","HAQA: a hardware-guided and fidelity-aware strategy for efficient qubit mapping optimization","EPJ Quantum Technology","","","10.1140/epjqt/s40507-026-00505-y","https://link.springer.com/article/10.1140/epjqt/s40507-026-00505-y","","2026","2026-07-02 19:59:10","2026-07-10 01:03:15","","","","","","","EPJ Quantum Technology","","","","","","","","","","","","","","","","","","","","","","","","","","","","","","","","","","","","","","","","","","","","","","","","","","","","","","","","","","","","","","","","","",""
"WVQXWNT3","conferencePaper","2026","Álvaro M. Aparicio-MoralesEnrique MoguelJose Garcia-Alonso","Designing Hybrid Quantum-Classical Web Applications Across the Computing Continuum","","","","10.1007/978-3-031-97207-2_36","https://link.springer.com/chapter/10.1007/978-3-031-97207-2_36","","2026","2026-07-02 19:59:10","2026-07-10 00:57:15","","","","","","","","","","","","","","","","","","","","","","","","","","","","","","","","","","","","","","","","","","","","","","","","","","","","","","","","","","Web Engineering","","","","","","","","","","","","","","",""
"M5Q5FRPZ","journalArticle","2026","Gaurav SarinYogendra Sai ReddyManya Sarin","Leveraging quantum computing business applications: a B-SLR approach and future research directions","EPJ Quantum Technology","","","10.1140/epjqt/s40507-026-00475-1","https://link.springer.com/article/10.1140/epjqt/s40507-026-00475-1","","2026","2026-07-02 19:59:10","2026-07-10 00:58:20","","","","","","","EPJ Quantum Technology","","","","","","","","","","","","","","","","","","","","","","","","","","","","","","","","","","","","","","","","","","","","","","","","","","","","","","","","","","","","","","","","","",""
"NCB6CJVS","bookSection","2025","Ajay Kumar BadhanAbhishek BhattacharjeeRamandeep SandhuRita RoyDeepika Ghai","Cutting-Edge Quantum Computing Technologies: A Focus on Cybersecurity Applications","Quantum Computing, Cyber Security and Cryptography","","","10.1007/978-981-96-4948-8_2","https://link.springer.com/chapter/10.1007/978-981-96-4948-8_2","","2025","2026-07-02 19:59:10","2026-07-10 00:57:08","","","","","","","","","","","","","","","","","","","","","","","","","","","","","","","","","","","","","","","","","","","","","","","","","","","","","","","","","","","","","","","","","","","","","","","","",""
"JY76GQ62","bookSection","2026","Sreevatsa BellaryAnanya Hadadi Raghavendra","Quantum Computing for a Sustainable Future: Transforming Energy Efficiency and Climate Solutions","From Bits to Qubits: The Quantum Transformation of Computing","","","10.1007/978-3-032-00586-1_3","https://link.springer.com/chapter/10.1007/978-3-032-00586-1_3","","2026","2026-07-02 19:59:10","2026-07-10 01:01:56","","","","","","","","","","","","","","","","","","","","","","","","","","","","","","","","","","","","","","","","","","","","","","","","","","","","","","","","","","","","","","","","","","","","","","","","",""
"N8B9S8QG","journalArticle","2022","Ricardo Pérez-CastilloMario Piattini","Design of classical-quantum systems with UML","Computing","","","10.1007/s00607-022-01091-4","https://link.springer.com/article/10.1007/s00607-022-01091-4","","2022","2026-07-02 19:59:10","2026-07-10 01:01:24","","","","","","","Computing","","","","","","","","","","","","","","","","","","","","","","","","","","","","","","","","","","","","","","","","","","","","","","","","","","","","","","","","","","","","","","","","","",""
"RUAD54F4","bookSection","2024","V. R. S. Mani","Security Challenges to IOT and Cloud-Based Systems in the Era of Quantum Attacks","Communication Technologies and Security Challenges in IoT","","","10.1007/978-981-97-0052-3_11","https://link.springer.com/chapter/10.1007/978-981-97-0052-3_11","","2024","2026-07-02 19:59:10","2026-07-10 01:02:30","","","","","","","","","","","","","","","","","","","","","","","","","","","","","","","","","","","","","","","","","","","","","","","","","","","","","","","","","","","","","","","","","","","","","","","","",""
"VLEEMQ6X","journalArticle","2026","Sudipta RoySubrat Kumar NayakDebahuti Mishra","Leveraging quantum-inspired explainable AI for PD diagnosis: A QIEAI-QKNN approach","Quantum Machine Intelligence","","","10.1007/s42484-026-00386-5","https://link.springer.com/article/10.1007/s42484-026-00386-5","","2026","2026-07-02 19:59:10","2026-07-10 01:01:58","","","","","","","Quantum Machine Intelligence","","","","","","","","","","","","","","","","","","","","","","","","","","","","","","","","","","","","","","","","","","","","","","","","","","","","","","","","","","","","","","","","","",""
"Z5C6MLTA","bookSection","2026","Madhusudan SinghBharat S. Rawal","Quantum Hardware Landscape","Quantum Minds: Exploring Quantum Computing and AI Synergy","","","10.1007/978-981-95-2498-3_14","https://link.springer.com/chapter/10.1007/978-981-95-2498-3_14","","2026","2026-07-02 19:59:10","2026-07-10 01:00:29","","","","","","","","","","","","","","","","","","","","","","","","","","","","","","","","","","","","","","","","","","","","","","","","","","","","","","","","","","","","","","","","","","","","","","","","",""
"VP65FLF5","bookSection","2024","Eric BoddenMichael FeldererWilhelm HasselbringPaula HerberHeiko KoziolekCarola LilienthalFlorian MatthesLutz PrecheltBernhard RumpeIna Schaefer","Ernst Denert Software Engineering Award 2022","Ernst Denert Award for Software Engineering 2022","","","10.1007/978-3-031-44412-8_1","https://link.springer.com/chapter/10.1007/978-3-031-44412-8_1","","2024","2026-07-02 19:59:10","2026-07-10 00:57:58","","","","","","","","","","","","","","","","","","","","","","","","","","","","","","","","","","","","","","","","","","","","","","","","","","","","","","","","","","","","","","","","","","","","","","","","",""
"NXR3GZNE","conferencePaper","2023","","Product-Focused Software Process Improvement","","","","10.1007/978-3-031-49266-2","https://link.springer.com/book/10.1007/978-3-031-49266-2","","2023","2026-07-02 19:59:10","2026-07-10 01:03:06","","","","","","","","","","","","","","","","","","","","","","","","","","","","","","","","","","","","","","","","","","","","","","","","","","","","","","","","","","Lecture Notes in Computer Science","","","","","","","","","","","","","","",""
"UFV6FVMT","conferencePaper","2025","Eneko OsabaMatic PetričIzaskun OregiRaphael SeidelAlejandra RuizSebastian BockMichail-Alexandros Kourtis","Eclipse Qrisp QAOA: Description and Preliminary Comparison with Qiskit Counterparts","","","","10.1007/978-3-031-85884-0_12","https://link.springer.com/chapter/10.1007/978-3-031-85884-0_12","","2025","2026-07-02 19:59:10","2026-07-10 00:57:57","","","","","","","","","","","","","","","","","","","","","","","","","","","","","","","","","","","","","","","","","","","","","","","","","","","","","","","","","","Grid, Cloud, and Cluster Computing; Quantum Technologies; and Modeling, Simulation and Visualization Methods","","","","","","","","","","","","","","",""
"F5Q3UQVJ","journalArticle","2025","Aisha N. GriffithJulia PryceDavid L. DuBoisTimothy BrezinaKelly E. StewartMichael Garringer","Supplementing Program Profiles in Evidence Clearinghouses with Insights for Practice: a Qualitative Investigation of Application to Youth Mentoring Programs in CrimeSolutions","Prevention Science","","","10.1007/s11121-025-01841-8","https://link.springer.com/article/10.1007/s11121-025-01841-8","","2025","2026-07-02 19:59:10","2026-07-10 00:57:07","","","","","","","Prevention Science","","","","","","","","","","","","","","","","","","","","","","","","","","","","","","","","","","","","","","","","","","","","","","","","","","","","","","","","","","","","","","","","","",""
"I2LMPRZK","bookSection","2025","Chitra Ravi","Quantum Computing and Cybersecurity: Systematic Review of Algorithms, Challenges, and Emerging Solutions","Quantum Computing, Cyber Security and Cryptography","","","10.1007/978-981-96-4948-8_16","https://link.springer.com/chapter/10.1007/978-981-96-4948-8_16","","2025","2026-07-02 19:59:10","2026-07-10 00:57:32","","","","","","","","","","","","","","","","","","","","","","","","","","","","","","","","","","","","","","","","","","","","","","","","","","","","","","","","","","","","","","","","","","","","","","","","",""
"FZCLCQVS","bookSection","2026","Kinjal GandhiDweepna GargMilind ShahParth GoelShilpa Gite","Quantum Computing in Healthcare: A New Frontier","Advancements in IoT Sensors and Security","","","10.1007/978-3-032-05507-1_26","https://link.springer.com/chapter/10.1007/978-3-032-05507-1_26","","2026","2026-07-02 19:59:10","2026-07-10 00:59:10","","","","","","","","","","","","","","","","","","","","","","","","","","","","","","","","","","","","","","","","","","","","","","","","","","","","","","","","","","","","","","","","","","","","","","","","",""
"66RG5Z48","bookSection","2025","Maria Teresa CuomoPantea Foroudi","New Quantum Managerial Perspectives. The Future of Quantum Level Business Model","Quantum Level Business Model: A New Managerial Perspective","","","10.1007/978-3-031-92052-3_6","https://link.springer.com/chapter/10.1007/978-3-031-92052-3_6","","2025","2026-07-02 19:59:10","2026-07-10 01:00:33","","","","","","","","","","","","","","","","","","","","","","","","","","","","","","","","","","","","","","","","","","","","","","","","","","","","","","","","","","","","","","","","","","","","","","","","",""
"BJJW8DAN","journalArticle","2025","Neha SharmaVikas Saxena","A systematic review of strategic approaches and applications in quantum computing","Optical and Quantum Electronics","","","10.1007/s11082-025-08364-0","https://link.springer.com/article/10.1007/s11082-025-08364-0","","2025","2026-07-02 19:59:10","2026-07-10 01:00:55","","","","","","","Optical and Quantum Electronics","","","","","","","","","","","","","","","","","","","","","","","","","","","","","","","","","","","","","","","","","","","","","","","","","","","","","","","","","","","","","","","","","",""
"ZH955H8V","conferencePaper","2022","Danel AriasBorja SanzJosé Gaviria de la PuertaIker PastorPablo García Bringas","A Repeated Mistake is a Choice: Considering Security Issues and Risks in Quantum Computing from Scratch","","","","10.1007/978-3-030-87872-6_16","https://link.springer.com/chapter/10.1007/978-3-030-87872-6_16","","2022","2026-07-02 19:59:10","2026-07-10 00:57:40","","","","","","","","","","","","","","","","","","","","","","","","","","","","","","","","","","","","","","","","","","","","","","","","","","","","","","","","","","14th International Conference on Computational Intelligence in Security for Information Systems and 12th International Conference on European Transnational Educational (CISIS 2021 and ICEUTE 2021)","","","","","","","","","","","","","","",""
"EDTDWI8J","conferencePaper","2026","Zihao LiJi GuanMingsheng Ying","QSeqSim: A Symbolic Simulator for Qiskit While Loops Using Sequential Quantum Circuits (Long Tool Paper)","","","","10.1007/978-3-032-26204-2_30","https://link.springer.com/chapter/10.1007/978-3-032-26204-2_30","","2026","2026-07-02 19:59:10","2026-07-10 01:03:03","","","","","","","","","","","","","","","","","","","","","","","","","","","","","","","","","","","","","","","","","","","","","","","","","","","","","","","","","","Formal Methods","","","","","","","","","","","","","","",""
"FW9MLPH3","journalArticle","2025","S. Alden JenishS. KeerthanaR. Karthik","A Review of Simulated Quantum Computing Applications in Neurological Disease Detection and Classification: Methods and Perspectives","Archives of Computational Methods in Engineering","","","10.1007/s11831-025-10421-6","https://link.springer.com/article/10.1007/s11831-025-10421-6","","2025","2026-07-02 19:59:10","2026-07-10 01:01:29","","","","","","","Archives of Computational Methods in Engineering","","","","","","","","","","","","","","","","","","","","","","","","","","","","","","","","","","","","","","","","","","","","","","","","","","","","","","","","","","","","","","","","","",""
"VX59N329","conferencePaper","2023","","Product-Focused Software Process Improvement","","","","10.1007/978-3-031-49269-3","https://link.springer.com/book/10.1007/978-3-031-49269-3","","2023","2026-07-02 19:59:10","2026-07-10 01:03:06","","","","","","","","","","","","","","","","","","","","","","","","","","","","","","","","","","","","","","","","","","","","","","","","","","","","","","","","","","Lecture Notes in Computer Science","","","","","","","","","","","","","","",""
"S84CI3KJ","journalArticle","2024","Pranit MalhotraAjay KumarSunita Garhwal","A Systematic Review of Quantum BenchMarking","International Journal of Theoretical Physics","","","10.1007/s10773-024-05811-8","https://link.springer.com/article/10.1007/s10773-024-05811-8","","2024","2026-07-02 19:59:10","2026-07-10 01:01:10","","","","","","","International Journal of Theoretical Physics","","","","","","","","","","","","","","","","","","","","","","","","","","","","","","","","","","","","","","","","","","","","","","","","","","","","","","","","","","","","","","","","","",""
"XXDSNNUC","journalArticle","2022","Enrique MoguelJavier RojoDavid ValenciaJavier BerrocalJose Garcia-AlonsoJuan M. Murillo","Quantum service-oriented computing: current landscape and challenges","Software Quality Journal","","","10.1007/s11219-022-09589-y","https://link.springer.com/article/10.1007/s11219-022-09589-y","","2022","2026-07-02 19:59:10","2026-07-10 00:57:57","","","","","","","Software Quality Journal","","","","","","","","","","","","","","","","","","","","","","","","","","","","","","","","","","","","","","","","","","","","","","","","","","","","","","","","","","","","","","","","","",""
"AV9TTITT","conferencePaper","2023","Jerzy Balicki","Multi-objective Quantum-Inspired Genetic Algorithm for Supervised Learning of Deep Classification Models","","","","10.1007/978-3-031-36030-5_20","https://link.springer.com/chapter/10.1007/978-3-031-36030-5_20","","2023","2026-07-02 19:59:10","2026-07-10 00:58:52","","","","","","","","","","","","","","","","","","","","","","","","","","","","","","","","","","","","","","","","","","","","","","","","","","","","","","","","","","Computational Science – ICCS 2023","","","","","","","","","","","","","","",""
"KAG2RRR9","conferencePaper","2023","Martin BeiselJohanna BarzenSimon GarhoferFrank LeymannFelix TrugerBenjamin WederVladimir Yussupov","Quokka: A Service Ecosystem for Workflow-Based Execution of Variational Quantum Algorithms","","","","10.1007/978-3-031-26507-5_35","https://link.springer.com/chapter/10.1007/978-3-031-26507-5_35","","2023","2026-07-02 19:59:10","2026-07-10 01:00:36","","","","","","","","","","","","","","","","","","","","","","","","","","","","","","","","","","","","","","","","","","","","","","","","","","","","","","","","","","Service-Oriented Computing – ICSOC 2022 Workshops","","","","","","","","","","","","","","",""
"AVDMTDCH","journalArticle","2026","Tie-Jun WangRun-Qing ZhangLing QianYun-Tao SongTing LanHai-Qing LiuKeren Li","Validating a Koopman-quantum hybrid paradigm for diagnostic denoising of fusion devices","Science China Physics, Mechanics & Astronomy","","","10.1007/s11433-026-2962-1","https://link.springer.com/article/10.1007/s11433-026-2962-1","","2026","2026-07-02 19:59:10","2026-07-10 01:02:26","","","","","","","Science China Physics, Mechanics & Astronomy","","","","","","","","","","","","","","","","","","","","","","","","","","","","","","","","","","","","","","","","","","","","","","","","","","","","","","","","","","","","","","","","","",""
"PJJIX7W7","conferencePaper","2025","Yingte XuLi ZhouGilles Barthe","D-Hammer: Efficient Equational Reasoning for Labelled Dirac Notation","","","","10.1007/978-3-031-98685-7_3","https://link.springer.com/chapter/10.1007/978-3-031-98685-7_3","","2025","2026-07-02 19:59:10","2026-07-10 01:02:56","","","","","","","","","","","","","","","","","","","","","","","","","","","","","","","","","","","","","","","","","","","","","","","","","","","","","","","","","","Computer Aided Verification","","","","","","","","","","","","","","",""
"YX48BUY4","conferencePaper","2026","Swastik MittalAtulya MaheshFrank Mueller","OpenMP-Q: Quantum Task Offloading in OpenMP","","","","10.1007/978-3-032-06343-4_6","https://link.springer.com/chapter/10.1007/978-3-032-06343-4_6","","2026","2026-07-02 19:59:10","2026-07-10 01:02:01","","","","","","","","","","","","","","","","","","","","","","","","","","","","","","","","","","","","","","","","","","","","","","","","","","","","","","","","","","OpenMP: Balancing Productivity and Performance Portability","","","","","","","","","","","","","","",""
"BRG3X6TH","journalArticle","2025","Nasna NassirMohammad Amiruddin HashmiKavya Gopan RajiBassam JamalalailAndrew MaksymowskyStephen W. SchererAlawi Alsheikh-AliMohammed Uddin","Quantum computing and the implementation of precision medicine","npj Genomic Medicine","","","10.1038/s41525-025-00537-w","https://link.springer.com/article/10.1038/s41525-025-00537-w","","2025","2026-07-02 19:59:10","2026-07-10 01:00:53","","","","","","","npj Genomic Medicine","","","","","","","","","","","","","","","","","","","","","","","","","","","","","","","","","","","","","","","","","","","","","","","","","","","","","","","","","","","","","","","","","",""
"2KCEDYM4","conferencePaper","2026","Beniamino Di MartinoAntonio EspositoRaffaele MaddaloniDieter Kranzlmueller","Quantum High-Performance Computing Integration: An Overview","","","","10.1007/978-3-032-23335-6_28","https://link.springer.com/chapter/10.1007/978-3-032-23335-6_28","","2026","2026-07-02 19:59:10","2026-07-10 00:57:23","","","","","","","","","","","","","","","","","","","","","","","","","","","","","","","","","","","","","","","","","","","","","","","","","","","","","","","","","","Advanced Information Networking and Applications","","","","","","","","","","","","","","",""
"7W9X4UPJ","journalArticle","2024","","Quantum Programming Languages: Theories and Methodologies","","","","","https://link.springer.com/collections/ijafeeaaag","","2024","2026-07-02 19:59:10","2026-07-10 01:03:07","","","","","","","","","","","","","","","","","","","","","","","","","","","","","","","","","","","","","","","","","","","","","","","","","","","","","","","","","","","","","","","","","","","","","","","","",""
"VA3LFHKA","bookSection","2026","Monika Malik","Quantum Cloud Services: Getting Quantum Power","Quantum Ops","","","10.1007/978-3-032-10775-6_6","https://link.springer.com/chapter/10.1007/978-3-032-10775-6_6","","2026","2026-07-02 19:59:10","2026-07-10 01:00:44","","","","","","","","","","","","","","","","","","","","","","","","","","","","","","","","","","","","","","","","","","","","","","","","","","","","","","","","","","","","","","","","","","","","","","","","",""
"WXKPHNAS","conferencePaper","2024","Pratik ThantharateAnurag Thantharate","Q-CODA: Co-designing Quantum Codes and Architectures for Hardware-Aware Quantum Error Correction","","","","10.1007/978-3-031-59318-5_11","https://link.springer.com/chapter/10.1007/978-3-031-59318-5_11","","2024","2026-07-02 19:59:10","2026-07-10 01:01:11","","","","","","","","","","","","","","","","","","","","","","","","","","","","","","","","","","","","","","","","","","","","","","","","","","","","","","","","","","Quantum Computing: Applications and Challenges","","","","","","","","","","","","","","",""
"BAEBV7M2","conferencePaper","2026","G. NagarajanAkash KatakamA. SivasangariR. M. GomathiP. AjithaS. Rajashree","Facial Recognition and Emotion Detection Using Quantum Neural Networks (QNN)","","","","10.1007/978-3-032-25225-8_14","https://link.springer.com/chapter/10.1007/978-3-032-25225-8_14","","2026","2026-07-02 19:59:10","2026-07-10 00:58:17","","","","","","","","","","","","","","","","","","","","","","","","","","","","","","","","","","","","","","","","","","","","","","","","","","","","","","","","","","Advances in Renewable Energy Networks and Applications","","","","","","","","","","","","","","",""
"CP6QX2F8","journalArticle","2025","R. RamaseshanV. S. Abhishek KumarAdith RajeevV. PrathikAditya AravindPrateek P. KulkarniKaustav Bhowmick","A generalized Hamiltonian approach for designing simple single-photon-based optical quantum devices","The Journal of Supercomputing","","","10.1007/s11227-025-07679-9","https://link.springer.com/article/10.1007/s11227-025-07679-9","","2025","2026-07-02 19:59:10","2026-07-10 01:01:19","","","","","","","The Journal of Supercomputing","","","","","","","","","","","","","","","","","","","","","","","","","","","","","","","","","","","","","","","","","","","","","","","","","","","","","","","","","","","","","","","","","",""
"8RMPYB8F","journalArticle","2024","Reyes Juárez-RamírezSamantha JiménezChristian X. NavarroCésar Guerra-GarcíaHector G. Perez-GonzalezCarlos Fernández-y-FernándezJavier Ortiz-HernándezKarina Cancino","Skills Required for Quantum Computing: A Comprehensive Review of Recent Studies","Programming and Computer Software","","","10.1134/S0361768824700804","https://link.springer.com/article/10.1134/S0361768824700804","","2024","2026-07-02 19:59:10","2026-07-10 01:01:24","","","","","","","Programming and Computer Software","","","","","","","","","","","","","","","","","","","","","","","","","","","","","","","","","","","","","","","","","","","","","","","","","","","","","","","","","","","","","","","","","",""
"JE9V8PSP","journalArticle","2023","Jaime Alvarado-ValienteJavier Romero-ÁlvarezEnrique MoguelJosé García-AlonsoJuan M. Murillo","Technological diversity of quantum computing providers: a comparative study and a proposal for API Gateway integration","Software Quality Journal","","","10.1007/s11219-023-09633-5","https://link.springer.com/article/10.1007/s11219-023-09633-5","","2023","2026-07-02 19:59:10","2026-07-10 00:58:45","","","","","","","Software Quality Journal","","","","","","","","","","","","","","","","","","","","","","","","","","","","","","","","","","","","","","","","","","","","","","","","","","","","","","","","","","","","","","","","","",""
"UJX5ZSWZ","journalArticle","2025","Muhammad Waqas ArshadStefano Lodi","Quantum computing in the automotive industry: survey, challenges, and perspectives","The Journal of Supercomputing","","","10.1007/s11227-025-07573-4","https://link.springer.com/article/10.1007/s11227-025-07573-4","","2025","2026-07-02 19:59:10","2026-07-10 01:00:48","","","","","","","The Journal of Supercomputing","","","","","","","","","","","","","","","","","","","","","","","","","","","","","","","","","","","","","","","","","","","","","","","","","","","","","","","","","","","","","","","","","",""
"3JG7WWT2","journalArticle","2023","Shalli RaniHimanshi BabbarPardeep KaurAsif Ali Khan","A novel approach of localization with single mobile anchor using quantum-based Salp swarm algorithm in wireless sensor networks","Soft Computing","","","10.1007/s00500-023-09261-y","https://link.springer.com/article/10.1007/s00500-023-09261-y","","2023","2026-07-02 19:59:10","2026-07-10 01:01:50","","","","","","","Soft Computing","","","","","","","","","","","","","","","","","","","","","","","","","","","","","","","","","","","","","","","","","","","","","","","","","","","","","","","","","","","","","","","","","",""
"BR2PLSIR","bookSection","2023","Jim WoodcockAna CavalcantiSimon FosterMarcel OliveiraAugusto SampaioFrank Zeyda","UTP, Circus, and Isabelle","Theories of Programming and Formal Methods","","","10.1007/978-3-031-40436-8_2","https://link.springer.com/chapter/10.1007/978-3-031-40436-8_2","","2023","2026-07-02 19:59:10","2026-07-10 00:58:56","","","","","","","","","","","","","","","","","","","","","","","","","","","","","","","","","","","","","","","","","","","","","","","","","","","","","","","","","","","","","","","","","","","","","","","","",""
"66WN5WTR","conferencePaper","2025","Jérôme RouzéNouredine MelabDaniel Tuyttens","A Parallel Genetic Algorithm for Qubit Mapping on Noisy Intermediate-Scale Quantum Machines","","","","10.1007/978-3-031-77941-1_24","https://link.springer.com/chapter/10.1007/978-3-031-77941-1_24","","2025","2026-07-02 19:59:10","2026-07-10 00:58:52","","","","","","","","","","","","","","","","","","","","","","","","","","","","","","","","","","","","","","","","","","","","","","","","","","","","","","","","","","Optimization and Learning","","","","","","","","","","","","","","",""
"UNULFJWN","journalArticle","2026","Javier Villalba-DíezJuan Carlos Losada-González","Exploiting quantum chaos diagnostics in QAOA for enhanced hybrid quantum classical deep learning classification","Scientific Reports","","","10.1038/s41598-026-51870-8","https://link.springer.com/article/10.1038/s41598-026-51870-8","","2026","2026-07-02 19:59:10","2026-07-10 00:58:52","","","","","","","Scientific Reports","","","","","","","","","","","","","","","","","","","","","","","","","","","","","","","","","","","","","","","","","","","","","","","","","","","","","","","","","","","","","","","","","",""
"ZWMDS8BS","journalArticle","2026","Davide Castelvecchi","‘It’s a real shock’: quantum-computing breakthroughs pose imminent risks to cybersecurity","Nature","","","10.1038/d41586-026-01054-1","https://www.nature.com/articles/d41586-026-01054-1","","2026","2026-07-02 19:59:10","2026-07-10 00:57:43","","","","","","","Nature","","","","","","","","","","","","","","","","","","","","","","","","","","","","","","","","","","","","","","","","","","","","","","","","","","","","","","","","","","","","","","","","","",""
"4YCCP72F","conferencePaper","2025","Tomasz PecynaDawid SieraBartosz Bosak","QCG-QuantumLauncher: A Modular Tool for Quantum Scenarios","","","","10.1007/978-3-031-85700-3_26","https://link.springer.com/chapter/10.1007/978-3-031-85700-3_26","","2025","2026-07-02 19:59:10","2026-07-10 01:02:27","","","","","","","","","","","","","","","","","","","","","","","","","","","","","","","","","","","","","","","","","","","","","","","","","","","","","","","","","","Parallel Processing and Applied Mathematics","","","","","","","","","","","","","","",""
"GE55TMYX","bookSection","2026","Sanjay DeshpandeChuanqi XuTheodoros TrochatosHanrui WangFerhat ErataSong HanYongshan DingJakub Szefer","Design of Quantum Computer Antivirus","Design Automation for Quantum Computing","","","10.1007/978-3-032-09303-5_12","https://link.springer.com/chapter/10.1007/978-3-032-09303-5_12","","2026","2026-07-02 19:59:10","2026-07-10 01:01:46","","","","","","","","","","","","","","","","","","","","","","","","","","","","","","","","","","","","","","","","","","","","","","","","","","","","","","","","","","","","","","","","","","","","","","","","",""
"NPTTPPJJ","bookSection","2026","Zongrui Pei","Quantum Machine Learning for Materials Science","Modern Computational Materials Science","","","10.1007/978-3-032-14541-3_11","https://link.springer.com/chapter/10.1007/978-3-032-14541-3_11","","2026","2026-07-02 19:59:10","2026-07-10 01:03:04","","","","","","","","","","","","","","","","","","","","","","","","","","","","","","","","","","","","","","","","","","","","","","","","","","","","","","","","","","","","","","","","","","","","","","","","",""
"E9SK69HZ","conferencePaper","2024","Taiga HirokaFuyuki KitagawaTomoyuki MorimaeRyo NishimakiTapas PalTakashi Yamakawa","Certified Everlasting Secure Collusion-Resistant Functional Encryption, and More","","","","10.1007/978-3-031-58734-4_15","https://link.springer.com/chapter/10.1007/978-3-031-58734-4_15","","2024","2026-07-02 19:59:10","2026-07-10 01:02:12","","","","","","","","","","","","","","","","","","","","","","","","","","","","","","","","","","","","","","","","","","","","","","","","","","","","","","","","","","Advances in Cryptology – EUROCRYPT 2024","","","","","","","","","","","","","","",""
"EQ7IVDI5","bookSection","2026","Eric YocamAnthony RiziMahesh KamepalliVarghese VaidyanYong WangGurcan Comert","Quantum Adversarial Machine Learning and Defense Strategies: Challenges and Opportunities","Quantum Robustness in Artificial Intelligence","","","10.1007/978-3-032-11153-1_4","https://link.springer.com/chapter/10.1007/978-3-032-11153-1_4","","2026","2026-07-02 19:59:10","2026-07-10 00:57:58","","","","","","","","","","","","","","","","","","","","","","","","","","","","","","","","","","","","","","","","","","","","","","","","","","","","","","","","","","","","","","","","","","","","","","","","",""
"NRBBGYND","bookSection","2024","Patanjali Kashyap","Quantum Computers, Computing, and Machine Learning: A Review","Machine Learning for Decision Makers","","","10.1007/978-1-4842-9801-5_9","https://link.springer.com/chapter/10.1007/978-1-4842-9801-5_9","","2024","2026-07-02 19:59:10","2026-07-10 01:01:06","","","","","","","","","","","","","","","","","","","","","","","","","","","","","","","","","","","","","","","","","","","","","","","","","","","","","","","","","","","","","","","","","","","","","","","","",""
"TNPJQISB","journalArticle","2024","Laura Piispanen","Citizen science games on the timeline of quantum games","The European Physical Journal Plus","","","10.1140/epjp/s13360-024-05553-w","https://link.springer.com/article/10.1140/epjp/s13360-024-05553-w","","2024","2026-07-02 19:59:10","2026-07-10 00:59:16","","","","","","","The European Physical Journal Plus","","","","","","","","","","","","","","","","","","","","","","","","","","","","","","","","","","","","","","","","","","","","","","","","","","","","","","","","","","","","","","","","","",""
"MTRBQYXJ","journalArticle","2025","Hisham SatiUrs Schreiber","The quantum monadology","Quantum Studies: Mathematics and Foundations","","","10.1007/s40509-025-00368-5","https://link.springer.com/article/10.1007/s40509-025-00368-5","","2025","2026-07-02 19:59:10","2026-07-10 00:58:32","","","","","","","Quantum Studies: Mathematics and Foundations","","","","","","","","","","","","","","","","","","","","","","","","","","","","","","","","","","","","","","","","","","","","","","","","","","","","","","","","","","","","","","","","","",""
"6LANRWV9","conferencePaper","2025","Andriy Luntovskyy","Quantum Computing: Applications and Challenges","","","","10.1007/978-3-032-02272-1_5","https://link.springer.com/chapter/10.1007/978-3-032-02272-1_5","","2025","2026-07-02 19:59:10","2026-07-10 00:57:17","","","","","","","","","","","","","","","","","","","","","","","","","","","","","","","","","","","","","","","","","","","","","","","","","","","","","","","","","","Networks and Sustainability","","","","","","","","","","","","","","",""
"TPENJ485","journalArticle","2025","Yousra BouakbaHacene BelhadefAbdelhalim Saadi","SQO-LSTM: a single quantum-output long short-term memory for classification tasks","The Journal of Supercomputing","","","10.1007/s11227-025-08121-w","https://link.springer.com/article/10.1007/s11227-025-08121-w","","2025","2026-07-02 19:59:10","2026-07-10 01:02:57","","","","","","","The Journal of Supercomputing","","","","","","","","","","","","","","","","","","","","","","","","","","","","","","","","","","","","","","","","","","","","","","","","","","","","","","","","","","","","","","","","","",""
"LCNKR74Z","bookSection","2025","Wasswa Shafik","Quantum Computing and Generative Adversarial Networks (GANs): Navigating Ethical and Security Challenges","Quantum Computing, Cyber Security and Cryptography","","","10.1007/978-981-96-4948-8_15","https://link.springer.com/chapter/10.1007/978-981-96-4948-8_15","","2025","2026-07-02 19:59:10","2026-07-10 01:02:46","","","","","","","","","","","","","","","","","","","","","","","","","","","","","","","","","","","","","","","","","","","","","","","","","","","","","","","","","","","","","","","","","","","","","","","","",""
"M5TIJKXA","conferencePaper","2025","Daniel VietzJohanna BarzenLukas HarzenetterFrank LeymannBenjamin Weder","Integrating Artifact Translation Into Model Transformation Processes","","","","10.1007/978-3-031-72578-4_3","https://link.springer.com/chapter/10.1007/978-3-031-72578-4_3","","2025","2026-07-02 19:59:10","2026-07-10 00:57:42","","","","","","","","","","","","","","","","","","","","","","","","","","","","","","","","","","","","","","","","","","","","","","","","","","","","","","","","","","Service-Oriented Computing","","","","","","","","","","","","","","",""
"7TBFIRNU","conferencePaper","2025","Paridhi ChawhanIshita Singh","A Hybrid Quantum Machine Learning for the Prediction of Protein Folding","","","","10.1007/978-981-97-5862-3_2","https://link.springer.com/chapter/10.1007/978-981-97-5862-3_2","","2025","2026-07-02 19:59:10","2026-07-10 01:01:05","","","","","","","","","","","","","","","","","","","","","","","","","","","","","","","","","","","","","","","","","","","","","","","","","","","","","","","","","","Proceedings of International Conference on Computing and Communication Systems for Industrial Applications","","","","","","","","","","","","","","",""
"IP3LG2U6","conferencePaper","2025","Junjie ChenChuang LiKim-Fung Tsang","An Efficient Mapping Framework for 2D Quantum Architecture","","","","10.1007/978-981-95-3736-5_2","https://link.springer.com/chapter/10.1007/978-981-95-3736-5_2","","2025","2026-07-02 19:59:10","2026-07-10 00:59:03","","","","","","","","","","","","","","","","","","","","","","","","","","","","","","","","","","","","","","","","","","","","","","","","","","","","","","","","","","Neural Computing for Advanced Applications","","","","","","","","","","","","","","",""
"G7WKXQI5","journalArticle","2025","Elaine WongVicente Leyton-OrtegaDaniel ClaudinoSeth R. JohnsonAustin J. AdamsSharmin AfroseMeenambika GowrishankarAnthony CabreraTravis S. Humble","A cross-platform execution engine for the quantum intermediate representation","The Journal of Supercomputing","","","10.1007/s11227-025-07969-2","https://link.springer.com/article/10.1007/s11227-025-07969-2","","2025","2026-07-02 19:59:10","2026-07-10 00:57:47","","","","","","","The Journal of Supercomputing","","","","","","","","","","","","","","","","","","","","","","","","","","","","","","","","","","","","","","","","","","","","","","","","","","","","","","","","","","","","","","","","","",""
"K78E3GQQ","journalArticle","2026","Angelo ImpedovoVito Nicola LosavioCorrado Loglisci","Leveraging cloud-native infrastructure for dynamic and flexible quantum-classical MLOps","Quantum Machine Intelligence","","","10.1007/s42484-026-00360-1","https://link.springer.com/article/10.1007/s42484-026-00360-1","","2026","2026-07-02 19:59:10","2026-07-10 00:57:17","","","","","","","Quantum Machine Intelligence","","","","","","","","","","","","","","","","","","","","","","","","","","","","","","","","","","","","","","","","","","","","","","","","","","","","","","","","","","","","","","","","","",""
"F2Y3YMF7","bookSection","2026","Piotr Sidoruk","The Future of Data in Startups","From Data to Dollars","","","10.1007/979-8-8688-1898-1_14","https://link.springer.com/chapter/10.1007/979-8-8688-1898-1_14","","2026","2026-07-02 19:59:10","2026-07-10 01:01:08","","","","","","","","","","","","","","","","","","","","","","","","","","","","","","","","","","","","","","","","","","","","","","","","","","","","","","","","","","","","","","","","","","","","","","","","",""
"UNFURE5C","journalArticle","2023","He-Liang HuangXiao-Yue XuChu GuoGuojing TianShi-Jie WeiXiaoming SunWan-Su BaoGui-Lu Long","Near-term quantum computing techniques: Variational quantum algorithms, error mitigation, circuit compilation, benchmarking and classical simulation","Science China Physics, Mechanics & Astronomy","","","10.1007/s11433-022-2057-y","https://link.springer.com/article/10.1007/s11433-022-2057-y","","2023","2026-07-02 19:59:10","2026-07-10 00:58:28","","","","","","","Science China Physics, Mechanics & Astronomy","","","","","","","","","","","","","","","","","","","","","","","","","","","","","","","","","","","","","","","","","","","","","","","","","","","","","","","","","","","","","","","","","",""
"9UPYU6H8","journalArticle","2025","Khairul AlamBanani RoyChanchal K. RoyKartik Mittal","An Empirical Investigation on the Challenges in Scientific Workflow Systems Development","Empirical Software Engineering","","","10.1007/s10664-025-10705-2","https://link.springer.com/article/10.1007/s10664-025-10705-2","","2025","2026-07-02 19:59:10","2026-07-10 00:59:09","","","","","","","Empirical Software Engineering","","","","","","","","","","","","","","","","","","","","","","","","","","","","","","","","","","","","","","","","","","","","","","","","","","","","","","","","","","","","","","","","","",""
"UA2AWHVM","conferencePaper","2023","Tridiv SwainSushruta MishraDeepak GuptaAhmed Alkhayyat","Integrated Quantum Health Care with Predictive Intelligence Approach","","","","10.1007/978-981-99-3010-4_35","https://link.springer.com/chapter/10.1007/978-981-99-3010-4_35","","2023","2026-07-02 19:59:10","2026-07-10 01:02:28","","","","","","","","","","","","","","","","","","","","","","","","","","","","","","","","","","","","","","","","","","","","","","","","","","","","","","","","","","International Conference on Innovative Computing and Communications","","","","","","","","","","","","","","",""
"ZX5KGN5F","bookSection","2024","Vladimir Silva","Qiskit, Awesome SDK for Quantum Programming in Python","Quantum Computing by Practice","","","10.1007/978-1-4842-9991-3_6","https://link.springer.com/chapter/10.1007/978-1-4842-9991-3_6","","2024","2026-07-02 19:59:10","2026-07-10 01:02:36","","","","","","","","","","","","","","","","","","","","","","","","","","","","","","","","","","","","","","","","","","","","","","","","","","","","","","","","","","","","","","","","","","","","","","","","",""
"VBMM9SQ4","conferencePaper","2025","Varun PuramKrishnageetha KaruppasamyK. M. GeorgeJohnson P. Thomas","Quantum Implementation of Finite State Automata","","","","10.1007/978-3-031-92608-2_23","https://link.springer.com/chapter/10.1007/978-3-031-92608-2_23","","2025","2026-07-02 19:59:10","2026-07-10 01:02:32","","","","","","","","","","","","","","","","","","","","","","","","","","","","","","","","","","","","","","","","","","","","","","","","","","","","","","","","","","Intelligent Computing","","","","","","","","","","","","","","",""
"SK3PGQI8","conferencePaper","2023","Amrit RajJayakumar Vaithiyashankar","Image Classification Using Quantum Machine Learning","","","","10.1007/978-981-19-5845-8_26","https://link.springer.com/chapter/10.1007/978-981-19-5845-8_26","","2023","2026-07-02 19:59:10","2026-07-10 00:57:16","","","","","","","","","","","","","","","","","","","","","","","","","","","","","","","","","","","","","","","","","","","","","","","","","","","","","","","","","","IoT Based Control Networks and Intelligent Systems","","","","","","","","","","","","","","",""
"QQNY79JG","journalArticle","2026","Archana G. PaiRupesh Kumar Yadav MediboyinaKrishna M. BuddhirajuSurya S. Durbha","Quantum convolutional neural network for slum classification using sentinel-2 imagery","Quantum Information Processing","","","10.1007/s11128-026-05134-z","https://link.springer.com/article/10.1007/s11128-026-05134-z","","2026","2026-07-02 19:59:10","2026-07-10 00:57:20","","","","","","","Quantum Information Processing","","","","","","","","","","","","","","","","","","","","","","","","","","","","","","","","","","","","","","","","","","","","","","","","","","","","","","","","","","","","","","","","","",""
"TTCDWLEA","journalArticle","2023","Antonio VallecilloRicardo Perez-CastilloJoost Visser","Guest editorial: special issue on “IT quality challenges in a digital society”","Software Quality Journal","","","10.1007/s11219-023-09644-2","https://link.springer.com/article/10.1007/s11219-023-09644-2","","2023","2026-07-02 19:59:10","2026-07-10 00:57:19","","","","","","","Software Quality Journal","","","","","","","","","","","","","","","","","","","","","","","","","","","","","","","","","","","","","","","","","","","","","","","","","","","","","","","","","","","","","","","","","",""
"BIDCQSYN","journalArticle","2023","Nikhil Kumar ParidaChandrashekar JatothV. Dinesh ReddyMd. Muzakkir HussainJamilurahman Faizi","Post-quantum distributed ledger technology: a systematic survey","Scientific Reports","","","10.1038/s41598-023-47331-1","https://link.springer.com/article/10.1038/s41598-023-47331-1","","2023","2026-07-02 19:59:10","2026-07-10 01:00:57","","","","","","","Scientific Reports","","","","","","","","","","","","","","","","","","","","","","","","","","","","","","","","","","","","","","","","","","","","","","","","","","","","","","","","","","","","","","","","","",""
"Y42XL24L","conferencePaper","2024","Javier Romero-ÁlvarezJaime Alvarado-ValienteEnrique MoguelJosé Garcia-AlonsoJuan M. Murillo","Quantum Services: A Tutorial on the Technology and the Process","","","","10.1007/978-981-97-0989-2_29","https://link.springer.com/chapter/10.1007/978-981-97-0989-2_29","","2024","2026-07-02 19:59:10","2026-07-10 00:58:49","","","","","","","","","","","","","","","","","","","","","","","","","","","","","","","","","","","","","","","","","","","","","","","","","","","","","","","","","","Service-Oriented Computing – ICSOC 2023 Workshops","","","","","","","","","","","","","","",""
"N7JLQBZV","journalArticle","2023","Chen FuAndrea TurriniXiaowei HuangLei SongYuan FengLi-Jun Zhang","Model Checking for Probabilistic Multiagent Systems","Journal of Computer Science and Technology","","","10.1007/s11390-022-1218-6","https://link.springer.com/article/10.1007/s11390-022-1218-6","","2023","2026-07-02 19:59:10","2026-07-10 00:57:32","","","","","","","Journal of Computer Science and Technology","","","","","","","","","","","","","","","","","","","","","","","","","","","","","","","","","","","","","","","","","","","","","","","","","","","","","","","","","","","","","","","","","",""
"5CEIECMS","conferencePaper","2023","Javier Sanchez-RiveroDaniel TalavánJose Garcia-AlonsoAntonio Ruiz-CortésJuan Manuel Murillo","Operating with Quantum Integers: An Efficient ‘Multiples of’ Oracle","","","","10.1007/978-3-031-45728-9_7","https://link.springer.com/chapter/10.1007/978-3-031-45728-9_7","","2023","2026-07-02 19:59:10","2026-07-10 00:58:50","","","","","","","","","","","","","","","","","","","","","","","","","","","","","","","","","","","","","","","","","","","","","","","","","","","","","","","","","","Service-Oriented Computing","","","","","","","","","","","","","","",""
"H6MYPMTL","conferencePaper","2026","Christophe Labreuche","Application of Multi-criteria Decision Aiding to Quantum Benchmarking: Some Results on Scale Invariance","","","","10.1007/978-3-032-13852-1_24","https://link.springer.com/chapter/10.1007/978-3-032-13852-1_24","","2026","2026-07-02 19:59:10","2026-07-10 00:57:33","","","","","","","","","","","","","","","","","","","","","","","","","","","","","","","","","","","","","","","","","","","","","","","","","","","","","","","","","","Quantum Engineering Sciences and Technologies for Industry and Services","","","","","","","","","","","","","","",""
"3BHMAPMD","journalArticle","2023","Roberto CamposP. A. M. CasaresM. A. Martin-Delgado","Quantum Metropolis Solver: a quantum walks approach to optimization problems","Quantum Machine Intelligence","","","10.1007/s42484-023-00119-y","https://link.springer.com/article/10.1007/s42484-023-00119-y","","2023","2026-07-02 19:59:11","2026-07-10 01:01:26","","","","","","","Quantum Machine Intelligence","","","","","","","","","","","","","","","","","","","","","","","","","","","","","","","","","","","","","","","","","","","","","","","","","","","","","","","","","","","","","","","","","",""
"NRVS8UKI","conferencePaper","2025","James Hornage","Methodology to Accelerate Federal Agency Adoption of Quantum Technologies","","","","10.1007/978-3-031-85884-0_15","https://link.springer.com/chapter/10.1007/978-3-031-85884-0_15","","2025","2026-07-02 19:59:11","2026-07-10 00:58:48","","","","","","","","","","","","","","","","","","","","","","","","","","","","","","","","","","","","","","","","","","","","","","","","","","","","","","","","","","Grid, Cloud, and Cluster Computing; Quantum Technologies; and Modeling, Simulation and Visualization Methods","","","","","","","","","","","","","","",""
"FP4I3A95","conferencePaper","2022","","Product-Focused Software Process Improvement","","","","10.1007/978-3-031-21388-5","https://link.springer.com/book/10.1007/978-3-031-21388-5","","2022","2026-07-02 19:59:11","2026-07-10 01:03:04","","","","","","","","","","","","","","","","","","","","","","","","","","","","","","","","","","","","","","","","","","","","","","","","","","","","","","","","","","Lecture Notes in Computer Science","","","","","","","","","","","","","","",""
"ZKS4W3AJ","bookSection","2024","Vedika SaravananSamah Mohamed Saeed","Machine Learning Reliability Assessment from Application to Pulse Level","Quantum Computing","","","10.1007/978-3-031-37966-6_7","https://link.springer.com/chapter/10.1007/978-3-031-37966-6_7","","2024","2026-07-02 19:59:11","2026-07-10 01:02:32","","","","","","","","","","","","","","","","","","","","","","","","","","","","","","","","","","","","","","","","","","","","","","","","","","","","","","","","","","","","","","","","","","","","","","","","",""
"WQFSNMX7","conferencePaper","2023","Sophia KolakHamed MohammadbagherpoorKonstantis DaloukasKostas KafousasFrancois-Henry RouetYorgos KoutsoyannopoulosNathan Earnest-NobleRobert F. Lucas","Evaluating Quantum Algorithms for Linear Solver Workflows","","","","10.1007/978-3-031-40843-4_47","https://link.springer.com/chapter/10.1007/978-3-031-40843-4_47","","2023","2026-07-02 19:59:11","2026-07-10 01:01:56","","","","","","","","","","","","","","","","","","","","","","","","","","","","","","","","","","","","","","","","","","","","","","","","","","","","","","","","","","High Performance Computing","","","","","","","","","","","","","","",""
"LFQ75SQ2","journalArticle","2024","Tanishq NandaB. K. DhanalakshmiB. N. Lakshmi","An Explorative Cross Sectional Comprehensive Survey on Quantum Computing","SN Computer Science","","","10.1007/s42979-024-03505-w","https://link.springer.com/article/10.1007/s42979-024-03505-w","","2024","2026-07-02 19:59:11","2026-07-10 01:02:13","","","","","","","SN Computer Science","","","","","","","","","","","","","","","","","","","","","","","","","","","","","","","","","","","","","","","","","","","","","","","","","","","","","","","","","","","","","","","","","",""
"62ZEEIJS","conferencePaper","2026","Himanshu KamdiAbhishek ShindeVipul ChaudhariAmit D. JoshiSuraj SawantSunil Bhirud","Chronic Kidney Disease Detection Using QSVM and Comparative Analysis with Classical SVM","","","","10.1007/978-981-96-9932-2_25","https://link.springer.com/chapter/10.1007/978-981-96-9932-2_25","","2026","2026-07-02 19:59:11","2026-07-10 00:58:31","","","","","","","","","","","","","","","","","","","","","","","","","","","","","","","","","","","","","","","","","","","","","","","","","","","","","","","","","","Proceedings of the NIELIT’s International Conference on Communication, Electronics and Digital Technologies","","","","","","","","","","","","","","",""
"95RQUYXK","bookSection","2026","Tankiso Moloi","Technological Innovation for Sustainability: Harnessing AI, IoT, Blockchain, Quantum Computing, and Extended Reality for the SDGs","Artificial Intelligence for Sustainable Development","","","10.1007/978-981-95-8212-9_7","https://link.springer.com/chapter/10.1007/978-981-95-8212-9_7","","2026","2026-07-02 19:59:11","2026-07-10 01:02:13","","","","","","","","","","","","","","","","","","","","","","","","","","","","","","","","","","","","","","","","","","","","","","","","","","","","","","","","","","","","","","","","","","","","","","","","",""
"7XIHF5TA","bookSection","2025","Ashvini AlashettyM. P. VaniE. AnithaCh.V. S. Satyamurty","Introduction of Quantum Computing","Quantum Machine Learning in Industrial Automation","","","10.1007/978-3-031-99786-0_13","https://link.springer.com/chapter/10.1007/978-3-031-99786-0_13","","2025","2026-07-02 19:59:11","2026-07-10 00:57:21","","","","","","","","","","","","","","","","","","","","","","","","","","","","","","","","","","","","","","","","","","","","","","","","","","","","","","","","","","","","","","","","","","","","","","","","",""
"MKQK4NQA","conferencePaper","2026","Prabhanjan AnanthAmit BeheraZikuan HuangFuyuki KitagawaTakashi Yamakawa","Copy-Protection from Unclonable Puncturable Obfuscation, Revisited","","","","10.1007/978-3-032-25291-3_19","https://link.springer.com/chapter/10.1007/978-3-032-25291-3_19","","2026","2026-07-02 19:59:11","2026-07-10 01:01:08","","","","","","","","","","","","","","","","","","","","","","","","","","","","","","","","","","","","","","","","","","","","","","","","","","","","","","","","","","Advances in Cryptology – EUROCRYPT 2026","","","","","","","","","","","","","","",""
"H99GWTSN","journalArticle","2025","Osama Muhammad RaisuddinSuvranu De","A Review of Quantum Scientific Computing Algorithms Relevant to Computational Mechanics","Archives of Computational Methods in Engineering","","","10.1007/s11831-025-10321-9","https://link.springer.com/article/10.1007/s11831-025-10321-9","","2025","2026-07-02 19:59:11","2026-07-10 01:00:59","","","","","","","Archives of Computational Methods in Engineering","","","","","","","","","","","","","","","","","","","","","","","","","","","","","","","","","","","","","","","","","","","","","","","","","","","","","","","","","","","","","","","","","",""
"7LA4HEBW","conferencePaper","2024","Suleiman Karim EddinHadi SalloumMohamad Nour ShahinBadee SalloumManuel MazzaraMohammad Reza Bahrami","Quantum Microservices: Transforming Software Architecture with Quantum Computing","","","","10.1007/978-3-031-57942-4_23","https://link.springer.com/chapter/10.1007/978-3-031-57942-4_23","","2024","2026-07-02 19:59:11","2026-07-10 01:01:59","","","","","","","","","","","","","","","","","","","","","","","","","","","","","","","","","","","","","","","","","","","","","","","","","","","","","","","","","","Advanced Information Networking and Applications","","","","","","","","","","","","","","",""
"9546XYFZ","bookSection","2025","Avita KatalPranav PrasannaRitanshu BirlaKunal","Evolution from Monolithic to Microservices Architecture: A New Era in Software Architecture","Advancements in Optimization and Nature-Inspired Computing for Solutions in Contemporary Engineering Challenges","","","10.1007/978-981-96-0706-8_12","https://link.springer.com/chapter/10.1007/978-981-96-0706-8_12","","2025","2026-07-02 19:59:11","2026-07-10 00:57:21","","","","","","","","","","","","","","","","","","","","","","","","","","","","","","","","","","","","","","","","","","","","","","","","","","","","","","","","","","","","","","","","","","","","","","","","",""
"MF8MABUW","journalArticle","2026","James BartusekDakshita KhuranaFuyuki KitagawaGiulio MalavoltaRyo NishimakiAlexander PorembaMichael WalterTakashi Yamakawa","Publicly Verifiable Deletion: General Compilers from Minimal Assumptions","Journal of Cryptology","","","10.1007/s00145-026-09581-w","https://link.springer.com/article/10.1007/s00145-026-09581-w","","2026","2026-07-02 19:59:11","2026-07-10 00:58:47","","","","","","","Journal of Cryptology","","","","","","","","","","","","","","","","","","","","","","","","","","","","","","","","","","","","","","","","","","","","","","","","","","","","","","","","","","","","","","","","","",""
"DL4L567I","journalArticle","2024","David Jaz MyersHisham SatiUrs Schreiber","Topological Quantum Gates in Homotopy Type Theory","Communications in Mathematical Physics","","","10.1007/s00220-024-05020-8","https://link.springer.com/article/10.1007/s00220-024-05020-8","","2024","2026-07-02 19:59:11","2026-07-10 00:57:42","","","","","","","Communications in Mathematical Physics","","","","","","","","","","","","","","","","","","","","","","","","","","","","","","","","","","","","","","","","","","","","","","","","","","","","","","","","","","","","","","","","","",""
"PRPGTHWJ","bookSection","2024","Bernd W. Wirtz","Artificial Intelligence and Quantum Computing","Digital Business and Electronic Commerce","","","10.1007/978-3-031-50289-7_8","https://link.springer.com/chapter/10.1007/978-3-031-50289-7_8","","2024","2026-07-02 19:59:11","2026-07-10 00:57:24","","","","","","","","","","","","","","","","","","","","","","","","","","","","","","","","","","","","","","","","","","","","","","","","","","","","","","","","","","","","","","","","","","","","","","","","",""
"WRMDFUVL","conferencePaper","2025","M. P. CuellarL. G. B. RuizM. C. Pegalajar","Implementation of Classical Decision Trees in a Quantum Computing Paradigm","","","","10.1007/978-3-031-74183-8_19","https://link.springer.com/chapter/10.1007/978-3-031-74183-8_19","","2025","2026-07-02 19:59:11","2026-07-10 00:59:29","","","","","","","","","","","","","","","","","","","","","","","","","","","","","","","","","","","","","","","","","","","","","","","","","","","","","","","","","","Hybrid Artificial Intelligent Systems","","","","","","","","","","","","","","",""
"TQUTE8W2","bookSection","2022","David ValenciaEnrique MoguelJavier RojoJavier BerrocalJose Garcia-AlonsoJuan M. Murillo","Quantum Service-Oriented Architectures: From Hybrid Classical Approaches to Future Stand-Alone Solutions","Quantum Software Engineering","","","10.1007/978-3-031-05324-5_8","https://link.springer.com/chapter/10.1007/978-3-031-05324-5_8","","2022","2026-07-02 19:59:11","2026-07-10 00:57:42","","","","","","","","","","","","","","","","","","","","","","","","","","","","","","","","","","","","","","","","","","","","","","","","","","","","","","","","","","","","","","","","","","","","","","","","",""
"D8UHYWKC","bookSection","2024","Mohammad Yazdi","Application of Quantum Computing in Reliability Analysis","Advances in Computational Mathematics for Industrial System Reliability and Maintainability","","","10.1007/978-3-031-53514-7_8","https://link.springer.com/chapter/10.1007/978-3-031-53514-7_8","","2024","2026-07-02 19:59:11","2026-07-10 01:00:43","","","","","","","","","","","","","","","","","","","","","","","","","","","","","","","","","","","","","","","","","","","","","","","","","","","","","","","","","","","","","","","","","","","","","","","","",""
"FXYL5D7C","conferencePaper","2025","Jon Gardeazabal-GutierrezErik B. Terres-EscuderoPablo García Bringas","Machine Learning Methods as Robust Quantum Noise Estimators","","","","10.1007/978-3-031-74183-8_20","https://link.springer.com/chapter/10.1007/978-3-031-74183-8_20","","2025","2026-07-02 19:59:11","2026-07-10 00:58:59","","","","","","","","","","","","","","","","","","","","","","","","","","","","","","","","","","","","","","","","","","","","","","","","","","","","","","","","","","Hybrid Artificial Intelligent Systems","","","","","","","","","","","","","","",""
"TPBS2KMY","conferencePaper","2026","Hamed NazariAtif Farid Mohammad","Quantum Motion Sensing in an Electromagnetic Field: A Software Engineering Study of Four Techniques","","","","10.1007/978-3-032-08977-9_15","https://link.springer.com/chapter/10.1007/978-3-032-08977-9_15","","2026","2026-07-02 19:59:11","2026-07-10 00:58:25","","","","","","","","","","","","","","","","","","","","","","","","","","","","","","","","","","","","","","","","","","","","","","","","","","","","","","","","","","SEET—Software Engineering for Emerging Technologies","","","","","","","","","","","","","","",""
"9FW8LVH2","journalArticle","2026","M. Yu. LepilinaE. V. YakubenkoT. N. ErmolaevaV. B. Baranovskaya","Application of Glow Discharge Atomic Emission Spectrometry to Layer-by-Layer Analysis of Zinc-Coated Steels","Journal of Analytical Chemistry","","","10.1134/S1061934826700474","https://link.springer.com/article/10.1134/S1061934826700474","","2026","2026-07-02 19:59:11","2026-07-10 01:00:28","","","","","","","Journal of Analytical Chemistry","","","","","","","","","","","","","","","","","","","","","","","","","","","","","","","","","","","","","","","","","","","","","","","","","","","","","","","","","","","","","","","","","",""
"CGE9XVNX","conferencePaper","2024","Madhusudan SinghIrish SinghDhananjay Singh","Exploring Quantum Machine Learning for Early Disease Detection: Perspectives, Challenges, and Opportunities","","","","10.1007/978-3-031-53827-8_22","https://link.springer.com/chapter/10.1007/978-3-031-53827-8_22","","2024","2026-07-02 19:59:11","2026-07-10 01:00:29","","","","","","","","","","","","","","","","","","","","","","","","","","","","","","","","","","","","","","","","","","","","","","","","","","","","","","","","","","Intelligent Human Computer Interaction","","","","","","","","","","","","","","",""
"JARLXW88","journalArticle","2026","R. BarendsF. K. Wilhelm","Performance-centric roadmap for building a superconducting quantum computer","EPJ Quantum Technology","","","10.1140/epjqt/s40507-026-00495-x","https://link.springer.com/article/10.1140/epjqt/s40507-026-00495-x","","2026","2026-07-02 19:59:11","2026-07-10 01:01:16","","","","","","","EPJ Quantum Technology","","","","","","","","","","","","","","","","","","","","","","","","","","","","","","","","","","","","","","","","","","","","","","","","","","","","","","","","","","","","","","","","","",""
"UFE8ST2B","journalArticle","2023","Andrei TchernykhReyes Juárez RamírezEsteban MocskosSergio Nesmachnow","Guest Editorial Special Issue “Recent Trends on Advanced Computing: The Converging Technologies”","Programming and Computer Software","","","10.1134/S0361768823080285","https://link.springer.com/article/10.1134/S0361768823080285","","2023","2026-07-02 19:59:11","2026-07-10 00:57:16","","","","","","","Programming and Computer Software","","","","","","","","","","","","","","","","","","","","","","","","","","","","","","","","","","","","","","","","","","","","","","","","","","","","","","","","","","","","","","","","","",""
"DYTFHMJB","journalArticle","2026","Mina AbbaszadehMariam ZomorodiMehrnoosh SadrzadehVahid SalariPhilip Kurian","Hybrid quantum–classical machine translation","Quantum Information Processing","","","10.1007/s11128-025-05032-w","https://link.springer.com/article/10.1007/s11128-025-05032-w","","2026","2026-07-02 19:59:11","2026-07-10 01:00:40","","","","","","","Quantum Information Processing","","","","","","","","","","","","","","","","","","","","","","","","","","","","","","","","","","","","","","","","","","","","","","","","","","","","","","","","","","","","","","","","","",""
"PICW4ZIU","journalArticle","2025","Walid El-ShafaiIman Almomani","A novel chaotic logistic-sine map-based quantum cryptosystem for secure video communication","Multimedia Tools and Applications","","","10.1007/s11042-025-20925-9","https://link.springer.com/article/10.1007/s11042-025-20925-9","","2025","2026-07-02 19:59:11","2026-07-10 01:02:38","","","","","","","Multimedia Tools and Applications","","","","","","","","","","","","","","","","","","","","","","","","","","","","","","","","","","","","","","","","","","","","","","","","","","","","","","","","","","","","","","","","","",""
"2IEYUBPU","journalArticle","2025","Hemangini RohitHiteshi Tandon","Conceptual density functional theory in drug discovery: an overview","Journal of Molecular Modeling","","","10.1007/s00894-025-06487-5","https://link.springer.com/article/10.1007/s00894-025-06487-5","","2025","2026-07-02 19:59:11","2026-07-10 00:58:29","","","","","","","Journal of Molecular Modeling","","","","","","","","","","","","","","","","","","","","","","","","","","","","","","","","","","","","","","","","","","","","","","","","","","","","","","","","","","","","","","","","","",""
"JWMXNXF7","journalArticle","2023","Kun FangJingtian ZhaoXiufan LiYifei LiRunyao Duan","Quantum NETwork: from theory to practice","Science China Information Sciences","","","10.1007/s11432-023-3773-4","https://link.springer.com/article/10.1007/s11432-023-3773-4","","2023","2026-07-02 19:59:11","2026-07-10 00:59:13","","","","","","","Science China Information Sciences","","","","","","","","","","","","","","","","","","","","","","","","","","","","","","","","","","","","","","","","","","","","","","","","","","","","","","","","","","","","","","","","","",""
"URDAM897","journalArticle","2024","Sieglinde M. -L. PfaendlerKonstantin KonsonFranziska Greinert","Advancements in Quantum Computing—Viewpoint: Building Adoption and Competency in Industry","Datenbank-Spektrum","","","10.1007/s13222-024-00467-4","https://link.springer.com/article/10.1007/s13222-024-00467-4","","2024","2026-07-02 19:59:11","2026-07-10 01:01:55","","","","","","","Datenbank-Spektrum","","","","","","","","","","","","","","","","","","","","","","","","","","","","","","","","","","","","","","","","","","","","","","","","","","","","","","","","","","","","","","","","","",""
"2VGDN9WS","journalArticle","2025","Laura PiispanenMarcel PfaffhauserJames WoottonJulian TogeliusAnnakaisa Kultima","Defining quantum games","EPJ Quantum Technology","","","10.1140/epjqt/s40507-025-00308-7","https://link.springer.com/article/10.1140/epjqt/s40507-025-00308-7","","2025","2026-07-02 19:59:11","2026-07-10 00:59:17","","","","","","","EPJ Quantum Technology","","","","","","","","","","","","","","","","","","","","","","","","","","","","","","","","","","","","","","","","","","","","","","","","","","","","","","","","","","","","","","","","","",""
"35GQBLAQ","bookSection","2026","Theodoros TrochatosChuanqi XuSanjay DeshpandeYao LuYongshan DingJakub Szefer","Trusted Execution Environments for Quantum Computers","Design Automation for Quantum Computing","","","10.1007/978-3-032-09303-5_13","https://link.springer.com/chapter/10.1007/978-3-032-09303-5_13","","2026","2026-07-02 19:59:11","2026-07-10 01:02:24","","","","","","","","","","","","","","","","","","","","","","","","","","","","","","","","","","","","","","","","","","","","","","","","","","","","","","","","","","","","","","","","","","","","","","","","",""
"8CNTUEUR","bookSection","2024","Lingala ThirupathiThejoramnaresh Reddy BoyaSaritha GattojuEttireddy Sriha Reddy","Quantum Computing and AI: Synergizing for Sustainable Disaster Management in Industry 6.0","The Rise of Quantum Computing in Industry 6.0 Towards Sustainability","","","10.1007/978-3-031-73350-5_3","https://link.springer.com/chapter/10.1007/978-3-031-73350-5_3","","2024","2026-07-02 19:59:11","2026-07-10 00:59:18","","","","","","","","","","","","","","","","","","","","","","","","","","","","","","","","","","","","","","","","","","","","","","","","","","","","","","","","","","","","","","","","","","","","","","","","",""
"U3CJD22V","conferencePaper","2024","Sardar M. N. IslamPrem KingerNeda FatimaAnish Kumar","Quantum Machine Learning: Bridging Classical and Quantum Frontiers","","","","10.1007/978-981-97-7831-7_21","https://link.springer.com/chapter/10.1007/978-981-97-7831-7_21","","2024","2026-07-02 19:59:11","2026-07-10 01:01:47","","","","","","","","","","","","","","","","","","","","","","","","","","","","","","","","","","","","","","","","","","","","","","","","","","","","","","","","","","Proceedings of 4th International Conference on ICT for Digital, Smart, and Sustainable Development","","","","","","","","","","","","","","",""
"TQF8BWBD","journalArticle","2025","Chanaprom CholsukAslí ÇakanVolker DeckertSujin SuwannaTobias Vogl","Raman signatures of single point defects in hexagonal boron nitride quantum emitters","npj Computational Materials","","","10.1038/s41524-025-01921-x","https://link.springer.com/article/10.1038/s41524-025-01921-x","","2025","2026-07-02 19:59:11","2026-07-10 00:57:30","","","","","","","npj Computational Materials","","","","","","","","","","","","","","","","","","","","","","","","","","","","","","","","","","","","","","","","","","","","","","","","","","","","","","","","","","","","","","","","","",""
"7B3X3WXC","bookSection","2022","Filip Wojcieszyn","Getting Started with QDK and Q#","Introduction to Quantum Computing with Q# and QDK","","","10.1007/978-3-030-99379-5_3","https://link.springer.com/chapter/10.1007/978-3-030-99379-5_3","","2022","2026-07-02 19:59:11","2026-07-10 00:58:11","","","","","","","","","","","","","","","","","","","","","","","","","","","","","","","","","","","","","","","","","","","","","","","","","","","","","","","","","","","","","","","","","","","","","","","","",""
"LFRI4HMQ","conferencePaper","2024","Vlad StirbuMajid Haghparast","Quantum Algorithm Cards: Streamlining the Development of Hybrid Classical-Quantum Applications","","","","10.1007/978-3-031-49269-3_13","https://link.springer.com/chapter/10.1007/978-3-031-49269-3_13","","2024","2026-07-02 19:59:11","2026-07-10 01:02:36","","","","","","","","","","","","","","","","","","","","","","","","","","","","","","","","","","","","","","","","","","","","","","","","","","","","","","","","","","Product-Focused Software Process Improvement","","","","","","","","","","","","","","",""
"JD39E2TW","conferencePaper","2024","Silvina Caino-LoresDaniel ClaudinoEugene DumitrescuTravis S. HumbleSonia Lopez AlarconElaine Wong","Rethinking Programming Paradigms in the QC-HPC Context","","","","10.1007/978-3-031-61763-8_8","https://link.springer.com/chapter/10.1007/978-3-031-61763-8_8","","2024","2026-07-02 19:59:11","2026-07-10 01:01:55","","","","","","","","","","","","","","","","","","","","","","","","","","","","","","","","","","","","","","","","","","","","","","","","","","","","","","","","","","Asynchronous Many-Task Systems and Applications","","","","","","","","","","","","","","",""
"3DU2NKUV","conferencePaper","2026","Movahhed SadeghiSoheil KhadirsharbiyaniMahmut Taylan Kandemir","Quantum Circuit Resizing via Serial Execution","","","","10.1007/978-3-032-02436-7_10","https://link.springer.com/chapter/10.1007/978-3-032-02436-7_10","","2026","2026-07-02 19:59:11","2026-07-10 01:00:45","","","","","","","","","","","","","","","","","","","","","","","","","","","","","","","","","","","","","","","","","","","","","","","","","","","","","","","","","","Languages and Compilers for Parallel Computing","","","","","","","","","","","","","","",""
"7TL6WVS9","journalArticle","2026","Konrad WojciechowskiKrzysztof KurowskiMateusz SlyszTomasz Pecyna","Open QBench: A benchmarking framework for evaluating quantum computing platforms","Quantum Information Processing","","","10.1007/s11128-026-05115-2","https://link.springer.com/article/10.1007/s11128-026-05115-2","","2026","2026-07-02 19:59:11","2026-07-10 00:59:10","","","","","","","Quantum Information Processing","","","","","","","","","","","","","","","","","","","","","","","","","","","","","","","","","","","","","","","","","","","","","","","","","","","","","","","","","","","","","","","","","",""
"45Y4SFKZ","bookSection","2025","Guadalupe Isaura Trujillo-TzanahuaJezreel Mejía","Trends in Software Engineering: A Bibliometric Study","New Challenges in Software Engineering","","","10.1007/978-3-031-90310-6_1","https://link.springer.com/chapter/10.1007/978-3-031-90310-6_1","","2025","2026-07-02 19:59:11","2026-07-10 00:58:22","","","","","","","","","","","","","","","","","","","","","","","","","","","","","","","","","","","","","","","","","","","","","","","","","","","","","","","","","","","","","","","","","","","","","","","","",""
"ZWANJFC6","journalArticle","2025","Ruchika MalhotraBhawna JainMarouane Kessentini","QNet: exploring deep learning for quantum code smell detection","Software Quality Journal","","","10.1007/s11219-025-09724-5","https://link.springer.com/article/10.1007/s11219-025-09724-5","","2025","2026-07-02 19:59:11","2026-07-10 01:01:27","","","","","","","Software Quality Journal","","","","","","","","","","","","","","","","","","","","","","","","","","","","","","","","","","","","","","","","","","","","","","","","","","","","","","","","","","","","","","","","","",""
"WKL4UFQW","conferencePaper","2021","Xinyi WangPaolo ArcainiTao YueShaukat Ali","Generating Failing Test Suites for Quantum Programs With Search","","","","10.1007/978-3-030-88106-1_2","https://link.springer.com/chapter/10.1007/978-3-030-88106-1_2","","2021","2026-07-02 19:59:11","2026-07-10 01:03:22","","","","","","","","","","","","","","","","","","","","","","","","","","","","","","","","","","","","","","","","","","","","","","","","","","","","","","","","","","Search-Based Software Engineering","","","","","","","","","","","","","","",""
"N45SFX4F","bookSection","2025","Vijayarangan Natarajan","Quantum Information Processing","Quantum Artificial Intelligence","","","10.1007/978-981-96-5051-4_1","https://link.springer.com/chapter/10.1007/978-981-96-5051-4_1","","2025","2026-07-02 19:59:11","2026-07-10 01:02:35","","","","","","","","","","","","","","","","","","","","","","","","","","","","","","","","","","","","","","","","","","","","","","","","","","","","","","","","","","","","","","","","","","","","","","","","",""
"MQR4AHSM","conferencePaper","2026","Elija Perrier","Quantum AIXI: Universal Intelligence via Quantum Information","","","","10.1007/978-3-032-00800-8_6","https://link.springer.com/chapter/10.1007/978-3-032-00800-8_6","","2026","2026-07-02 19:59:11","2026-07-10 00:57:48","","","","","","","","","","","","","","","","","","","","","","","","","","","","","","","","","","","","","","","","","","","","","","","","","","","","","","","","","","Artificial General Intelligence","","","","","","","","","","","","","","",""
"2MRE85VJ","bookSection","2025","Krishna GuptaPatnam JahnaviAbhishek HazraAnnushree Bablani","Quantum Machine Learning for Industry 5.0","Industry 5.0","","","10.1007/978-3-031-87837-4_7","https://link.springer.com/chapter/10.1007/978-3-031-87837-4_7","","2025","2026-07-02 19:59:11","2026-07-10 00:59:11","","","","","","","","","","","","","","","","","","","","","","","","","","","","","","","","","","","","","","","","","","","","","","","","","","","","","","","","","","","","","","","","","","","","","","","","",""
"4GSMPVZQ","conferencePaper","2026","Javier LazaroJuan-Ignacio VazquezPablo García Bringas","SimplyQRL: A Modular Benchmarking Library for Hybrid Quantum Reinforcement Learning","","","","10.1007/978-3-032-08462-0_19","https://link.springer.com/chapter/10.1007/978-3-032-08462-0_19","","2026","2026-07-02 19:59:11","2026-07-10 00:58:49","","","","","","","","","","","","","","","","","","","","","","","","","","","","","","","","","","","","","","","","","","","","","","","","","","","","","","","","","","Hybrid Artificial Intelligent Systems","","","","","","","","","","","","","","",""
"LYPT4J5W","journalArticle","2023","Alireza Zirak","XIRAC-Q: a near-real-time quantum operating system scheduling structure based on Shannon information theorem","Quantum Information Processing","","","10.1007/s11128-023-04155-2","https://link.springer.com/article/10.1007/s11128-023-04155-2","","2023","2026-07-02 19:59:11","2026-07-10 00:57:15","","","","","","","Quantum Information Processing","","","","","","","","","","","","","","","","","","","","","","","","","","","","","","","","","","","","","","","","","","","","","","","","","","","","","","","","","","","","","","","","","",""
"NYFNNWV8","journalArticle","2024","Alberto Boretti","Technical, economic, and societal risks in the progress of artificial intelligence driven quantum technologies","Discover Artificial Intelligence","","","10.1007/s44163-024-00171-y","https://link.springer.com/article/10.1007/s44163-024-00171-y","","2024","2026-07-02 19:59:11","2026-07-10 00:57:12","","","","","","","Discover Artificial Intelligence","","","","","","","","","","","","","","","","","","","","","","","","","","","","","","","","","","","","","","","","","","","","","","","","","","","","","","","","","","","","","","","","","",""
"8JL4G5NQ","conferencePaper","2023","Jaime Alvarado-ValienteJavier Romero-ÁlvarezEnrique MoguelJosé García-Alonso","Quantum Web Services Orchestration and Management Using DevOps Techniques","","","","10.1007/978-3-031-34444-2_33","https://link.springer.com/chapter/10.1007/978-3-031-34444-2_33","","2023","2026-07-02 19:59:11","2026-07-10 00:58:44","","","","","","","","","","","","","","","","","","","","","","","","","","","","","","","","","","","","","","","","","","","","","","","","","","","","","","","","","","Web Engineering","","","","","","","","","","","","","","",""
"J2LZA225","journalArticle","2024","Lixue ChengYu-Qin ChenShi-Xin ZhangShengyu Zhang","Quantum approximate optimization via learning-based adaptive optimization","Communications Physics","","","10.1038/s42005-024-01577-x","https://link.springer.com/article/10.1038/s42005-024-01577-x","","2024","2026-07-02 19:59:11","2026-07-10 00:59:19","","","","","","","Communications Physics","","","","","","","","","","","","","","","","","","","","","","","","","","","","","","","","","","","","","","","","","","","","","","","","","","","","","","","","","","","","","","","","","",""
"JYL7GFSU","conferencePaper","2021","Scott AaronsonJiahui LiuQipeng LiuMark ZhandryRuizhe Zhang","New Approaches for Quantum Copy-Protection","","","","10.1007/978-3-030-84242-0_19","https://link.springer.com/chapter/10.1007/978-3-030-84242-0_19","","2021","2026-07-02 19:59:11","2026-07-10 01:01:48","","","","","","","","","","","","","","","","","","","","","","","","","","","","","","","","","","","","","","","","","","","","","","","","","","","","","","","","","","Advances in Cryptology – CRYPTO 2021","","","","","","","","","","","","","","",""
"6LBKTDXL","conferencePaper","2026","Chitran PokhrelBabu R. Dawadi","Photonic Quantum Router-Repeater Architecture-Based Network Design for Urban Environments","","","","10.1007/978-981-96-9191-3_38","https://link.springer.com/chapter/10.1007/978-981-96-9191-3_38","","2026","2026-07-02 19:59:11","2026-07-10 00:57:32","","","","","","","","","","","","","","","","","","","","","","","","","","","","","","","","","","","","","","","","","","","","","","","","","","","","","","","","","","ICT for Intelligent Systems","","","","","","","","","","","","","","",""
"WZEBKBX8","journalArticle","2025","Hamid MoradiSeyed Ahmad ShayanniaAmir Gholam AbriMehdi Amirmiandaragh","A new design of an IoT-based industrial data management for smart manufacturing based on quantum circuits","Cluster Computing","","","10.1007/s10586-025-05387-w","https://link.springer.com/article/10.1007/s10586-025-05387-w","","2025","2026-07-02 19:59:11","2026-07-10 00:58:26","","","","","","","Cluster Computing","","","","","","","","","","","","","","","","","","","","","","","","","","","","","","","","","","","","","","","","","","","","","","","","","","","","","","","","","","","","","","","","","",""
"PW594UEA","journalArticle","2025","Ali A. AlaniAdil Al-Azzawi","Optimizing web page retrieval performance with advanced query expansion: leveraging ChatGPT and metadata-driven analysis","The Journal of Supercomputing","","","10.1007/s11227-025-07008-0","https://link.springer.com/article/10.1007/s11227-025-07008-0","","2025","2026-07-02 19:59:11","2026-07-10 00:57:15","","","","","","","The Journal of Supercomputing","","","","","","","","","","","","","","","","","","","","","","","","","","","","","","","","","","","","","","","","","","","","","","","","","","","","","","","","","","","","","","","","","",""
"3FUAUPGR","conferencePaper","2023","Manik Ratna ShahJay SarrafPrasant Kumar PattnaikAnjan Bandyopadhyay","Quantum-Inspired Neural Network on Handwriting Datasets","","","","10.1007/978-981-19-9483-8_25","https://link.springer.com/chapter/10.1007/978-981-19-9483-8_25","","2023","2026-07-02 19:59:11","2026-07-10 01:00:31","","","","","","","","","","","","","","","","","","","","","","","","","","","","","","","","","","","","","","","","","","","","","","","","","","","","","","","","","","Proceedings of the Fourth International Conference on Trends in Computational and Cognitive Engineering","","","","","","","","","","","","","","",""
"3YAZ85XR","conferencePaper","2024","Hermann FürntrattPaul SchnablFlorian KrebsRoland UnterbergerHerwig Zeiner","Towards Higher Abstraction Levels in Quantum Computing","","","","10.1007/978-981-97-0989-2_13","https://link.springer.com/chapter/10.1007/978-981-97-0989-2_13","","2024","2026-07-02 19:59:11","2026-07-10 00:58:30","","","","","","","","","","","","","","","","","","","","","","","","","","","","","","","","","","","","","","","","","","","","","","","","","","","","","","","","","","Service-Oriented Computing – ICSOC 2023 Workshops","","","","","","","","","","","","","","",""
"7P5ZEAG3","bookSection","2026","Peter Alexander Earls DavisMateo AboyTimo Minssen","Regulatory Challenges and Opportunities of Export Controls on Quantum Computing","Quantum Technology Governance I","","","10.1007/978-981-95-8371-3_6","https://link.springer.com/chapter/10.1007/978-981-95-8371-3_6","","2026","2026-07-02 19:59:11","2026-07-10 01:01:06","","","","","","","","","","","","","","","","","","","","","","","","","","","","","","","","","","","","","","","","","","","","","","","","","","","","","","","","","","","","","","","","","","","","","","","","",""
"JSH97YWH","journalArticle","2025","Elizabeth Gibney","Quantum computing ‘KPIs’ could distinguish true breakthroughs from spurious claims","Nature","","","10.1038/d41586-025-04063-8","https://www.nature.com/articles/d41586-025-04063-8","","2025","2026-07-02 19:59:11","2026-07-10 00:57:56","","","","","","","Nature","","","","","","","","","","","","","","","","","","","","","","","","","","","","","","","","","","","","","","","","","","","","","","","","","","","","","","","","","","","","","","","","","",""
"ZI4E468X","bookSection","2025","Chander VeluKeith NormanYuzhen ZhuFathiro Hutama Reksa PutraChristopher Noble","Quantum Computers and Computing a Better World","The Business of Quantum Technologies","","","10.1007/978-3-031-99808-9_2","https://link.springer.com/chapter/10.1007/978-3-031-99808-9_2","","2025","2026-07-02 19:59:11","2026-07-10 00:57:31","","","","","","","","","","","","","","","","","","","","","","","","","","","","","","","","","","","","","","","","","","","","","","","","","","","","","","","","","","","","","","","","","","","","","","","","",""
"47EVCSAZ","conferencePaper","2022","Nengkun Yu","Towards Efficient Reasoning of Quantum Programs","","","","10.1007/978-3-031-22308-2_2","https://link.springer.com/chapter/10.1007/978-3-031-22308-2_2","","2022","2026-07-02 19:59:11","2026-07-10 01:00:55","","","","","","","","","","","","","","","","","","","","","","","","","","","","","","","","","","","","","","","","","","","","","","","","","","","","","","","","","","Static Analysis","","","","","","","","","","","","","","",""
"6M5SQD36","conferencePaper","2026","V. KakulapatiK. Manoj ReddyT. Surya TejaD. Hari Chandan","Quantum-CNN Synergy: Redefining Early Prediction of Pancreatic Cancer","","","","10.1007/978-3-032-18346-0_9","https://link.springer.com/chapter/10.1007/978-3-032-18346-0_9","","2026","2026-07-02 19:59:11","2026-07-10 01:02:29","","","","","","","","","","","","","","","","","","","","","","","","","","","","","","","","","","","","","","","","","","","","","","","","","","","","","","","","","","Intelligent Computing and Communication","","","","","","","","","","","","","","",""
"DCEAAMUI","journalArticle","2025","Marianne Guenot","Can quantum computing crack the biggest challenges in health?","Nature Medicine","","","10.1038/s41591-024-03369-w","https://link.springer.com/article/10.1038/s41591-024-03369-w","","2025","2026-07-02 19:59:11","2026-07-10 01:00:33","","","","","","","Nature Medicine","","","","","","","","","","","","","","","","","","","","","","","","","","","","","","","","","","","","","","","","","","","","","","","","","","","","","","","","","","","","","","","","","",""
"VQ3MLVE4","journalArticle","2026","Jiawen LiDongdong LiZiyang WangHe SunHongzhen ChenTianxiang CuiYujian Ye","StateQ: A novel framework for intuitive and accessible quantum programming","Quantum Machine Intelligence","","","10.1007/s42484-026-00403-7","https://link.springer.com/article/10.1007/s42484-026-00403-7","","2026","2026-07-02 19:59:11","2026-07-10 00:58:55","","","","","","","Quantum Machine Intelligence","","","","","","","","","","","","","","","","","","","","","","","","","","","","","","","","","","","","","","","","","","","","","","","","","","","","","","","","","","","","","","","","","",""
"3GGCENDQ","journalArticle","2026","T. S. GururajaPadmapriya Pravinkumar","Quantum secure image encryption using hybrid QTRNG and QPRNG","Scientific Reports","","","10.1038/s41598-026-35111-6","https://link.springer.com/article/10.1038/s41598-026-35111-6","","2026","2026-07-02 19:59:11","2026-07-10 01:02:11","","","","","","","Scientific Reports","","","","","","","","","","","","","","","","","","","","","","","","","","","","","","","","","","","","","","","","","","","","","","","","","","","","","","","","","","","","","","","","","",""
"FZDN3EGB","conferencePaper","2026","Meghanshu VermaKrishna AroraPiyush KumarKrishiv TrivediJyoti YadavSumit Kumar Pandey","Quantum Convolutional Neural Networks with Residual Learning: Advancing Quantum Model Architectures","","","","10.1007/978-3-032-08511-5_33","https://link.springer.com/chapter/10.1007/978-3-032-08511-5_33","","2026","2026-07-02 19:59:11","2026-07-10 01:00:38","","","","","","","","","","","","","","","","","","","","","","","","","","","","","","","","","","","","","","","","","","","","","","","","","","","","","","","","","","Computer Vision, Pattern Recognition, Image Processing, and Graphics","","","","","","","","","","","","","","",""
"G4ULQLBT","conferencePaper","2025","Jun Inoue","Quantum Programming Without the Quantum Physics","","","","10.1007/978-981-97-8943-6_8","https://link.springer.com/chapter/10.1007/978-981-97-8943-6_8","","2025","2026-07-02 19:59:11","2026-07-10 00:59:01","","","","","","","","","","","","","","","","","","","","","","","","","","","","","","","","","","","","","","","","","","","","","","","","","","","","","","","","","","Programming Languages and Systems","","","","","","","","","","","","","","",""
"L3SB7NEY","journalArticle","2025","Y. M. ZhaoJ. Y. ZhangP. K. LiawT. Yang","Machine Learning-Based Computational Design Methods for High-Entropy Alloys","High Entropy Alloys & Materials","","","10.1007/s44210-025-00055-5","https://link.springer.com/article/10.1007/s44210-025-00055-5","","2025","2026-07-02 19:59:11","2026-07-10 01:02:53","","","","","","","High Entropy Alloys & Materials","","","","","","","","","","","","","","","","","","","","","","","","","","","","","","","","","","","","","","","","","","","","","","","","","","","","","","","","","","","","","","","","","",""
"2CKRQWTX","journalArticle","2024","Tian YangWeilong WangBo ZhaoLixin WangXiaodong DingChen LiangZheng Shan","A processor architecture design method for improving reusability of special-purpose superconducting quantum processor","Quantum Information Processing","","","10.1007/s11128-024-04425-7","https://link.springer.com/article/10.1007/s11128-024-04425-7","","2024","2026-07-02 19:59:11","2026-07-10 01:02:25","","","","","","","Quantum Information Processing","","","","","","","","","","","","","","","","","","","","","","","","","","","","","","","","","","","","","","","","","","","","","","","","","","","","","","","","","","","","","","","","","",""
"X82LDXRI","journalArticle","2024","Unai AseguinolazaNahual SobrinoGabriel SobrinoJoaquim Jornet-SomozaJuan Borge","Error estimation in current noisy quantum computers","Quantum Information Processing","","","10.1007/s11128-024-04384-z","https://link.springer.com/article/10.1007/s11128-024-04384-z","","2024","2026-07-02 19:59:11","2026-07-10 01:02:29","","","","","","","Quantum Information Processing","","","","","","","","","","","","","","","","","","","","","","","","","","","","","","","","","","","","","","","","","","","","","","","","","","","","","","","","","","","","","","","","","",""
"LBM7IAUY","bookSection","2026","Yuvalakshmi LogesanShrikaant KulkarniM. DivyaR. NishaP. Saranraj","Picotechnology in Computing and Communication","A Journey from Nanotechnology to Picotechnology","","","10.1007/978-3-032-07228-3_11","https://link.springer.com/chapter/10.1007/978-3-032-07228-3_11","","2026","2026-07-02 19:59:11","2026-07-10 01:03:00","","","","","","","","","","","","","","","","","","","","","","","","","","","","","","","","","","","","","","","","","","","","","","","","","","","","","","","","","","","","","","","","","","","","","","","","",""
"J2P5TEWS","conferencePaper","2026","Pooja VaikarAmol Potgantwar","A Detailed Survey and Analysis of Recent Advancements in Quantum Compiler Optimization Techniques","","","","10.1007/978-981-96-8043-6_52","https://link.springer.com/chapter/10.1007/978-981-96-8043-6_52","","2026","2026-07-02 19:59:11","2026-07-10 01:01:08","","","","","","","","","","","","","","","","","","","","","","","","","","","","","","","","","","","","","","","","","","","","","","","","","","","","","","","","","","Proceedings of Sixth Doctoral Symposium on Computational Intelligence","","","","","","","","","","","","","","",""
"5XE3T4ZL","journalArticle","2025","Hila SafiMedina BandicChristoph NiedermeierCarmen G. AlmudeverSebastian FeldWolfgang Mauerer","Stacking the odds: full-stack quantum system design space exploration","EPJ Quantum Technology","","","10.1140/epjqt/s40507-025-00413-7","https://link.springer.com/article/10.1140/epjqt/s40507-025-00413-7","","2025","2026-07-02 19:59:11","2026-07-10 00:58:30","","","","","","","EPJ Quantum Technology","","","","","","","","","","","","","","","","","","","","","","","","","","","","","","","","","","","","","","","","","","","","","","","","","","","","","","","","","","","","","","","","","",""
"IMLF4IP7","bookSection","2023","Dhairyya AgarwalShalini DSrinjoy Ganguly","Challenges and Risks in Productizing Quantum Computing","Productizing Quantum Computing","","","10.1007/978-1-4842-9985-2_9","https://link.springer.com/chapter/10.1007/978-1-4842-9985-2_9","","2023","2026-07-02 19:59:11","2026-07-10 00:57:43","","","","","","","","","","","","","","","","","","","","","","","","","","","","","","","","","","","","","","","","","","","","","","","","","","","","","","","","","","","","","","","","","","","","","","","","",""
"H2CU392U","journalArticle","2025","Q. Y. ShangJ. H. ZuD. LiuY. GaoW. F. LuoM. LiuH. D. WangY. BaiY. Wang","Finite Element Simulation of Dynamic Crack Growth of Plasma-Sprayed Thermal Barrier Coatings under Thermal Cycling Condition","Journal of Materials Engineering and Performance","","","10.1007/s11665-025-11417-w","https://link.springer.com/article/10.1007/s11665-025-11417-w","","2025","2026-07-02 19:59:11","2026-07-10 01:01:13","","","","","","","Journal of Materials Engineering and Performance","","","","","","","","","","","","","","","","","","","","","","","","","","","","","","","","","","","","","","","","","","","","","","","","","","","","","","","","","","","","","","","","","",""
"EHBC67ZZ","journalArticle","2025","Coral CaleroMacario PoloElena DesdentadoMª Ángeles Moraga","Consider the energy consumption of your quantum circuits","Nature Reviews Physics","","","10.1038/s42254-025-00846-0","https://link.springer.com/article/10.1038/s42254-025-00846-0","","2025","2026-07-02 19:59:11","2026-07-10 00:57:35","","","","","","","Nature Reviews Physics","","","","","","","","","","","","","","","","","","","","","","","","","","","","","","","","","","","","","","","","","","","","","","","","","","","","","","","","","","","","","","","","","",""
"X2GHLMNS","bookSection","2024","Viduranga Shenal Landers","Quantum Technologies for Space and Aerial Vehicles","Space Governance","","","10.1007/978-3-031-62228-1_4","https://link.springer.com/chapter/10.1007/978-3-031-62228-1_4","","2024","2026-07-02 19:59:11","2026-07-10 01:02:34","","","","","","","","","","","","","","","","","","","","","","","","","","","","","","","","","","","","","","","","","","","","","","","","","","","","","","","","","","","","","","","","","","","","","","","","",""
"2TVQMBHK","conferencePaper","2025","Nicola AssoliniAlessandra Di PierroIsabella Mastroeni","A Static Analysis of Entanglement","","","","10.1007/978-3-031-82703-7_3","https://link.springer.com/chapter/10.1007/978-3-031-82703-7_3","","2025","2026-07-02 19:59:11","2026-07-10 01:00:55","","","","","","","","","","","","","","","","","","","","","","","","","","","","","","","","","","","","","","","","","","","","","","","","","","","","","","","","","","Verification, Model Checking, and Abstract Interpretation","","","","","","","","","","","","","","",""
"Q6PURE8T","bookSection","2025","Sucheta PandaSushree Bibhuprada B. Priyadarshini","Security, Privacy, and Trust in Quantum Edge-Driven Intelligence: Challenges and Solutions","Advances in Quantum Inspired Artificial Intelligence","","","10.1007/978-3-031-89905-8_7","https://link.springer.com/chapter/10.1007/978-3-031-89905-8_7","","2025","2026-07-02 19:59:11","2026-07-10 01:01:58","","","","","","","","","","","","","","","","","","","","","","","","","","","","","","","","","","","","","","","","","","","","","","","","","","","","","","","","","","","","","","","","","","","","","","","","",""
"J266QNUY","journalArticle","2026","Da LinChunli YangShengyuan XuShizhu TianBing Sun","On the construction of quantum circuits for S-boxes with different criteria based on the SAT solver","Quantum Information Processing","","","10.1007/s11128-025-05049-1","https://link.springer.com/article/10.1007/s11128-025-05049-1","","2026","2026-07-02 19:59:11","2026-07-10 00:57:39","","","","","","","Quantum Information Processing","","","","","","","","","","","","","","","","","","","","","","","","","","","","","","","","","","","","","","","","","","","","","","","","","","","","","","","","","","","","","","","","","",""
"UYMJZNIF","conferencePaper","2024","Seongjun KwonKyunghwa HwangOhbyung Kwon","Exploring the Factors Influencing a Firm’s Intent to Adopt Quantum Computing Resources","","","","10.1007/978-981-99-8111-3_17","https://link.springer.com/chapter/10.1007/978-981-99-8111-3_17","","2024","2026-07-02 19:59:11","2026-07-10 01:01:49","","","","","","","","","","","","","","","","","","","","","","","","","","","","","","","","","","","","","","","","","","","","","","","","","","","","","","","","","","Intelligent Sustainable Systems","","","","","","","","","","","","","","",""
"NPINKLF3","conferencePaper","2023","Jaime Alvarado-ValienteJavier Romero-ÁlvarezEnrique MoguelJosé García-AlonsoJuan M. Murillo","Towards a Classical-Quantum Platform for Pharmacogenetic Simulations","","","","10.1007/978-3-031-29067-1_20","https://link.springer.com/chapter/10.1007/978-3-031-29067-1_20","","2023","2026-07-02 19:59:11","2026-07-10 00:58:45","","","","","","","","","","","","","","","","","","","","","","","","","","","","","","","","","","","","","","","","","","","","","","","","","","","","","","","","","","Gerontechnology V","","","","","","","","","","","","","","",""
"H2R7WYNY","journalArticle","2025","Yu ZhangJing ZhaoYanguo JiaXiumin Shen","An improved adaptive quantum genetic algorithm as classical optimizer for the quantum approximate optimization algorithm on MaxCut problem","Quantum Information Processing","","","10.1007/s11128-025-04776-9","https://link.springer.com/article/10.1007/s11128-025-04776-9","","2025","2026-07-02 19:59:11","2026-07-10 01:02:58","","","","","","","Quantum Information Processing","","","","","","","","","","","","","","","","","","","","","","","","","","","","","","","","","","","","","","","","","","","","","","","","","","","","","","","","","","","","","","","","","",""
"Z9845JH2","journalArticle","2024","Syed Masiur RahmanOmar Hamad AlkhalafMd Shafiul AlamSurya Prakash TiwariMd ShafiullahSarah Mohammed Al-JudaibiFahad Saleh Al-Ismail","Climate Change Through Quantum Lens: Computing and Machine Learning","Earth Systems and Environment","","","10.1007/s41748-024-00411-2","https://link.springer.com/article/10.1007/s41748-024-00411-2","","2024","2026-07-02 19:59:11","2026-07-10 01:02:02","","","","","","","Earth Systems and Environment","","","","","","","","","","","","","","","","","","","","","","","","","","","","","","","","","","","","","","","","","","","","","","","","","","","","","","","","","","","","","","","","","",""
"MFVBSSEY","bookSection","2026","S. SankarananthA. Saran KumarR. Gowrisankar","The Power of Environmental Data Analysis with Quantum AI-Powered and HPC Applications in Disaster Prediction","Quantum AI-Powered and HPC Applications for Sustainable Environment and Climate Change","","","10.1007/978-3-032-15188-9_2","https://link.springer.com/chapter/10.1007/978-3-032-15188-9_2","","2026","2026-07-02 19:59:11","2026-07-10 01:01:39","","","","","","","","","","","","","","","","","","","","","","","","","","","","","","","","","","","","","","","","","","","","","","","","","","","","","","","","","","","","","","","","","","","","","","","","",""
"FUCDKALB","conferencePaper","2024","Lodovica MarchesiMichele MarchesiRoberto Tonelli","Reviewing Crypto-Agility and Quantum Resistance in the Light of Agile Practices","","","","10.1007/978-3-031-48550-3_21","https://link.springer.com/chapter/10.1007/978-3-031-48550-3_21","","2024","2026-07-02 19:59:11","2026-07-10 00:59:20","","","","","","","","","","","","","","","","","","","","","","","","","","","","","","","","","","","","","","","","","","","","","","","","","","","","","","","","","","Agile Processes in Software Engineering and Extreme Programming – Workshops","","","","","","","","","","","","","","",""
"2JTZFUQX","journalArticle","2025","Karuna KadianSunita GarhwalAjay Kumar","ExQUAL: an explainable quantum machine learning classifier","Applied Intelligence","","","10.1007/s10489-025-06732-7","https://link.springer.com/article/10.1007/s10489-025-06732-7","","2025","2026-07-02 19:59:11","2026-07-10 00:59:08","","","","","","","Applied Intelligence","","","","","","","","","","","","","","","","","","","","","","","","","","","","","","","","","","","","","","","","","","","","","","","","","","","","","","","","","","","","","","","","","",""
"CGDMWPBX","journalArticle","2022","M. PompiliC. Delle DonneI. te RaaB. van der VechtM. SkrzypczykG. FerreiraL. de KluijverA. J. StolkS. L. N. HermansP. PawełczakW. KozlowskiR. HansonS. Wehner","Experimental demonstration of entanglement delivery using a quantum network stack","npj Quantum Information","","","10.1038/s41534-022-00631-2","https://link.springer.com/article/10.1038/s41534-022-00631-2","","2022","2026-07-02 19:59:11","2026-07-10 01:00:25","","","","","","","npj Quantum Information","","","","","","","","","","","","","","","","","","","","","","","","","","","","","","","","","","","","","","","","","","","","","","","","","","","","","","","","","","","","","","","","","",""
"3TZ9NKZN","journalArticle","2025","Morteza Sasani Ghamsari","Quantum computing applications in biology","Discover Computing","","","10.1007/s10791-025-09803-y","https://link.springer.com/article/10.1007/s10791-025-09803-y","","2025","2026-07-02 19:59:11","2026-07-10 01:00:44","","","","","","","Discover Computing","","","","","","","","","","","","","","","","","","","","","","","","","","","","","","","","","","","","","","","","","","","","","","","","","","","","","","","","","","","","","","","","","",""
"EW88J3GT","conferencePaper","2023","Prabhanjan AnanthFatih KaleogluQipeng Liu","Cloning Games: A General Framework for Unclonable Primitives","","","","10.1007/978-3-031-38554-4_3","https://link.springer.com/chapter/10.1007/978-3-031-38554-4_3","","2023","2026-07-02 19:59:11","2026-07-10 01:01:09","","","","","","","","","","","","","","","","","","","","","","","","","","","","","","","","","","","","","","","","","","","","","","","","","","","","","","","","","","Advances in Cryptology – CRYPTO 2023","","","","","","","","","","","","","","",""
"6HBZMRGI","bookSection","2025","Wasswa Shafik","Enhanced Optimization-Quantum Machine Learning","Quantum Machine Learning in Industrial Automation","","","10.1007/978-3-031-99786-0_2","https://link.springer.com/chapter/10.1007/978-3-031-99786-0_2","","2025","2026-07-02 19:59:11","2026-07-10 01:02:39","","","","","","","","","","","","","","","","","","","","","","","","","","","","","","","","","","","","","","","","","","","","","","","","","","","","","","","","","","","","","","","","","","","","","","","","",""
"8S9FUS9T","conferencePaper","2023","Javier Romero-ÁlvarezJaime Alvarado-ValienteEnrique MoguelJose Garcia-Alonso","Quantum Web Services: Development and Deployment","","","","10.1007/978-3-031-34444-2_39","https://link.springer.com/chapter/10.1007/978-3-031-34444-2_39","","2023","2026-07-02 19:59:11","2026-07-10 00:58:49","","","","","","","","","","","","","","","","","","","","","","","","","","","","","","","","","","","","","","","","","","","","","","","","","","","","","","","","","","Web Engineering","","","","","","","","","","","","","","",""
"R47NN2EZ","bookSection","2023","Gushu LiYufei DingYuan Xie","Towards Efficient Superconducting Quantum Processor Architecture Design","Design Automation of Quantum Computers","","","10.1007/978-3-031-15699-1_3","https://link.springer.com/chapter/10.1007/978-3-031-15699-1_3","","2023","2026-07-02 19:59:11","2026-07-10 00:58:22","","","","","","","","","","","","","","","","","","","","","","","","","","","","","","","","","","","","","","","","","","","","","","","","","","","","","","","","","","","","","","","","","","","","","","","","",""
"5TUH4MJY","conferencePaper","2023","Fuyuki KitagawaRyo NishimakiTakashi Yamakawa","Publicly Verifiable Deletion from Minimal Assumptions","","","","10.1007/978-3-031-48624-1_9","https://link.springer.com/chapter/10.1007/978-3-031-48624-1_9","","2023","2026-07-02 19:59:11","2026-07-10 00:58:16","","","","","","","","","","","","","","","","","","","","","","","","","","","","","","","","","","","","","","","","","","","","","","","","","","","","","","","","","","Theory of Cryptography","","","","","","","","","","","","","","",""
"F5CSTINY","conferencePaper","2023","M. P. CuéllarM. C. PegalajarL. G. B. RuizC. Cano","Time Series Forecasting with Quantum Neural Networks","","","","10.1007/978-3-031-43085-5_53","https://link.springer.com/chapter/10.1007/978-3-031-43085-5_53","","2023","2026-07-02 19:59:11","2026-07-10 01:00:24","","","","","","","","","","","","","","","","","","","","","","","","","","","","","","","","","","","","","","","","","","","","","","","","","","","","","","","","","","Advances in Computational Intelligence","","","","","","","","","","","","","","",""
"BJJFNYS9","journalArticle","2025","Andrew ForbesFazilah Nothlawala","How a thirty-year-old quantum tale of two photons became ghost imaging","Communications Physics","","","10.1038/s42005-025-02099-w","https://link.springer.com/article/10.1038/s42005-025-02099-w","","2025","2026-07-02 19:59:11","2026-07-10 00:57:17","","","","","","","Communications Physics","","","","","","","","","","","","","","","","","","","","","","","","","","","","","","","","","","","","","","","","","","","","","","","","","","","","","","","","","","","","","","","","","",""
"HSMYZ92Z","journalArticle","2024","F. F. MurzakhanovD. V. ShurtakovaE. I. OleynikovaG. V. MaminM. A. SadovnikovaO. P. KazarovaE. N. MokhovM. R. GafurovV. A. Soltamov","Spin Alignment of NV− Centers in 4H- and 6H-SiC Crystals Induced by IR and Visible Optical Excitation","Applied Magnetic Resonance","","","10.1007/s00723-024-01690-8","https://link.springer.com/article/10.1007/s00723-024-01690-8","","2024","2026-07-02 19:59:11","2026-07-10 00:58:01","","","","","","","Applied Magnetic Resonance","","","","","","","","","","","","","","","","","","","","","","","","","","","","","","","","","","","","","","","","","","","","","","","","","","","","","","","","","","","","","","","","","",""
"XQFS6G9W","journalArticle","2023","Daniel FryAmol DeshmukhSamuel Yen-Chi ChenVladimir RastunkovVanio Markov","Optimizing quantum noise-induced reservoir computing for nonlinear and chaotic time series prediction","Scientific Reports","","","10.1038/s41598-023-45015-4","https://link.springer.com/article/10.1038/s41598-023-45015-4","","2023","2026-07-02 19:59:11","2026-07-10 00:57:41","","","","","","","Scientific Reports","","","","","","","","","","","","","","","","","","","","","","","","","","","","","","","","","","","","","","","","","","","","","","","","","","","","","","","","","","","","","","","","","",""
"WKRN8Z5A","bookSection","2025","Shugufta FatimaShaik Amna HilalMarlia Mohad Hanafiah","Integrating Neural Networks with Quantum Chips: Converging Two Cutting-Edge Frontiers","Interplay of Artificial General Intelligence with Quantum Computing","","","10.1007/978-3-031-87931-9_17","https://link.springer.com/chapter/10.1007/978-3-031-87931-9_17","","2025","2026-07-02 19:59:11","2026-07-10 01:01:54","","","","","","","","","","","","","","","","","","","","","","","","","","","","","","","","","","","","","","","","","","","","","","","","","","","","","","","","","","","","","","","","","","","","","","","","",""
"G334R4HC","journalArticle","2024","Hamza Baniata","SoK: quantum computing methods for machine learning optimization","Quantum Machine Intelligence","","","10.1007/s42484-024-00180-1","https://link.springer.com/article/10.1007/s42484-024-00180-1","","2024","2026-07-02 19:59:11","2026-07-10 00:58:26","","","","","","","Quantum Machine Intelligence","","","","","","","","","","","","","","","","","","","","","","","","","","","","","","","","","","","","","","","","","","","","","","","","","","","","","","","","","","","","","","","","","",""
"GR643WNC","conferencePaper","2025","Constantinos BitsakosKonstantinos NikasNectarios Koziris","QuantuML: Machine Learning Algorithms and K-Means on Quantum Cloud Offering","","","","10.1007/978-3-031-94677-6_9","https://link.springer.com/chapter/10.1007/978-3-031-94677-6_9","","2025","2026-07-02 19:59:11","2026-07-10 00:57:34","","","","","","","","","","","","","","","","","","","","","","","","","","","","","","","","","","","","","","","","","","","","","","","","","","","","","","","","","","Algorithmic Aspects of Cloud Computing","","","","","","","","","","","","","","",""
"J3KWPS6P","journalArticle","2022","A. N. KlepachL. B. VodovatovE. A. Dmitrieva","Russian Science and Technology: Rise or Progressive Lag (Part I)","Studies on Russian Economic Development","","","10.1134/S1075700722060077","https://link.springer.com/article/10.1134/S1075700722060077","","2022","2026-07-02 19:59:11","2026-07-10 00:57:01","","","","","","","Studies on Russian Economic Development","","","","","","","","","","","","","","","","","","","","","","","","","","","","","","","","","","","","","","","","","","","","","","","","","","","","","","","","","","","","","","","","","",""
"D7BICR4H","journalArticle","2023","Jianfeng Ren","Autonomous driving operating system","Autonomous driving algorithms and its IC design - Part Two","","","10.1007/978-981-99-8040-6_5","https://link.springer.com/video/segment/10.1007/978-981-99-8040-6_5","","2023","2026-07-02 19:59:11","2026-07-10 00:58:54","","","","","","","Autonomous driving algorithms and its IC design - Part Two","","","","","","","","","","","","","","","","","","","","","","","","","","","","","","","","","","","","","","","","","","","","","","","","","","","","","","","","","","","","","","","","","",""
"X2YQTDB5","journalArticle","2023","Xin-miao ChenShi WangYong-jin YeYong-zheng WuBo Jiang","BQA: a high-performance quantum circuits scheduling strategy based on heuristic search","The Journal of Supercomputing","","","10.1007/s11227-023-05848-2","https://link.springer.com/article/10.1007/s11227-023-05848-2","","2023","2026-07-02 19:59:11","2026-07-10 01:03:22","","","","","","","The Journal of Supercomputing","","","","","","","","","","","","","","","","","","","","","","","","","","","","","","","","","","","","","","","","","","","","","","","","","","","","","","","","","","","","","","","","","",""
"T2EAUIR8","journalArticle","2025","Rocco BallesterJesus CerquidesLuis Artiles","Quantum federated learning: a comprehensive literature review of foundations, challenges, and future directions","Quantum Machine Intelligence","","","10.1007/s42484-025-00292-2","https://link.springer.com/article/10.1007/s42484-025-00292-2","","2025","2026-07-02 19:59:11","2026-07-10 01:01:26","","","","","","","Quantum Machine Intelligence","","","","","","","","","","","","","","","","","","","","","","","","","","","","","","","","","","","","","","","","","","","","","","","","","","","","","","","","","","","","","","","","","",""
"4ZFUE9WT","journalArticle","2025","Jinyang LiYuhong SongYipei LiuJianli PanLei YangTravis HumbleWeiwen Jiang","QuSplit: achieving both high fidelity and throughput via job splitting on noisy quantum computers","Quantum Machine Intelligence","","","10.1007/s42484-025-00319-8","https://link.springer.com/article/10.1007/s42484-025-00319-8","","2025","2026-07-02 19:59:11","2026-07-10 00:58:57","","","","","","","Quantum Machine Intelligence","","","","","","","","","","","","","","","","","","","","","","","","","","","","","","","","","","","","","","","","","","","","","","","","","","","","","","","","","","","","","","","","","",""
"BGH22UE8","journalArticle","2025","Akash SinhaAntonio MacalusoMatthias Klusch","Nav-Q: quantum deep reinforcement learning for collision-free navigation of self-driving cars","Quantum Machine Intelligence","","","10.1007/s42484-024-00226-4","https://link.springer.com/article/10.1007/s42484-024-00226-4","","2025","2026-07-02 19:59:11","2026-07-10 00:57:10","","","","","","","Quantum Machine Intelligence","","","","","","","","","","","","","","","","","","","","","","","","","","","","","","","","","","","","","","","","","","","","","","","","","","","","","","","","","","","","","","","","","",""
"NFNSUPZB","bookSection","2025","Dr. Mehdi Ghane","Observability Engineering Fundamentals","Observability Engineering with Cilium","","","10.1007/979-8-8688-1258-3_4","https://link.springer.com/chapter/10.1007/979-8-8688-1258-3_4","","2025","2026-07-02 19:59:11","2026-07-10 00:57:45","","","","","","","","","","","","","","","","","","","","","","","","","","","","","","","","","","","","","","","","","","","","","","","","","","","","","","","","","","","","","","","","","","","","","","","","",""
"MGQANAR8","journalArticle","2025","Suzhen YuanXianli LiShuyin XiaXianrong QingJermiah D. Deng","Quantum color image edge detection algorithm based on Sobel operator","Quantum Information Processing","","","10.1007/s11128-025-04819-1","https://link.springer.com/article/10.1007/s11128-025-04819-1","","2025","2026-07-02 19:59:11","2026-07-10 01:02:01","","","","","","","Quantum Information Processing","","","","","","","","","","","","","","","","","","","","","","","","","","","","","","","","","","","","","","","","","","","","","","","","","","","","","","","","","","","","","","","","","",""
"93DXBYDG","journalArticle","2025","Constantinos ValagiannopoulosVassilios Kovanis","Watson transform in quantum scattering","Scientific Reports","","","10.1038/s41598-025-19443-3","https://link.springer.com/article/10.1038/s41598-025-19443-3","","2025","2026-07-02 19:59:11","2026-07-10 00:57:35","","","","","","","Scientific Reports","","","","","","","","","","","","","","","","","","","","","","","","","","","","","","","","","","","","","","","","","","","","","","","","","","","","","","","","","","","","","","","","","",""
"QHH57IW5","journalArticle","2023","Muteeb Alahmari","Successful adoption of quantum technology in blockchain: a comprehensive framework","Soft Computing","","","10.1007/s00500-023-09248-9","https://link.springer.com/article/10.1007/s00500-023-09248-9","","2023","2026-07-02 19:59:11","2026-07-10 01:00:49","","","","","","","Soft Computing","","","","","","","","","","","","","","","","","","","","","","","","","","","","","","","","","","","","","","","","","","","","","","","","","","","","","","","","","","","","","","","","","",""
"UHXYEHDZ","conferencePaper","2025","Nicola AssoliniAlessandra Di PierroIsabella Mastroeni","Static Analysis of Quantum Programs","","","","10.1007/978-3-031-74776-2_1","https://link.springer.com/chapter/10.1007/978-3-031-74776-2_1","","2025","2026-07-02 19:59:11","2026-07-10 01:00:56","","","","","","","","","","","","","","","","","","","","","","","","","","","","","","","","","","","","","","","","","","","","","","","","","","","","","","","","","","Static Analysis","","","","","","","","","","","","","","",""
"SKJH3RZ7","bookSection","2026","Mateo AboyCristina CrespoTimo Minssen","Mapping the Patent Landscape of Quantum Technologies: Evolving Patenting Trends and Policy Implications (2025 Update)","Quantum Technology Governance I","","","10.1007/978-981-95-8371-3_4","https://link.springer.com/chapter/10.1007/978-981-95-8371-3_4","","2026","2026-07-02 19:59:11","2026-07-10 01:00:37","","","","","","","","","","","","","","","","","","","","","","","","","","","","","","","","","","","","","","","","","","","","","","","","","","","","","","","","","","","","","","","","","","","","","","","","",""
"XARB8T9K","journalArticle","2023","Francesco Di MarcantonioMassimiliano IncudiniDavide TezzaMichele Grossi","Quantum Advantage Seeker with Kernels (QuASK): a software framework to speed up the research in quantum machine learning","Quantum Machine Intelligence","","","10.1007/s42484-023-00107-2","https://link.springer.com/article/10.1007/s42484-023-00107-2","","2023","2026-07-02 19:59:11","2026-07-10 00:58:12","","","","","","","Quantum Machine Intelligence","","","","","","","","","","","","","","","","","","","","","","","","","","","","","","","","","","","","","","","","","","","","","","","","","","","","","","","","","","","","","","","","","",""
"R8DR3EW7","conferencePaper","2023","Daniel Escánez-ExpósitoPino Caballero-GilFrancisco Martín-Fernández","Study and Implementation of an Interactive Simulation of Quantum Key Distribution Using the E91 Cryptographic Protocol","","","","10.1007/978-3-031-21333-5_96","https://link.springer.com/chapter/10.1007/978-3-031-21333-5_96","","2023","2026-07-02 19:59:11","2026-07-10 00:57:41","","","","","","","","","","","","","","","","","","","","","","","","","","","","","","","","","","","","","","","","","","","","","","","","","","","","","","","","","","Proceedings of the International Conference on Ubiquitous Computing & Ambient Intelligence (UCAmI 2022)","","","","","","","","","","","","","","",""
"LL9KCZTK","bookSection","2025","Syed Atif Ali Shah","Quantum Computing: Transforming Cybersecurity and Social Media in the Digital Age","AI-Driven: Social Media Analytics and Cybersecurity","","","10.1007/978-3-031-80334-5_9","https://link.springer.com/chapter/10.1007/978-3-031-80334-5_9","","2025","2026-07-02 19:59:11","2026-07-10 01:02:01","","","","","","","","","","","","","","","","","","","","","","","","","","","","","","","","","","","","","","","","","","","","","","","","","","","","","","","","","","","","","","","","","","","","","","","","",""
"AHWRKVSA","journalArticle","2024","Vidhya Sagar JayaseelanRaj N. Singh","Processing of diamond films with azimuthal texture on silicon wafer for quantum systems","Journal of Materials Research","","","10.1557/s43578-023-01273-6","https://link.springer.com/article/10.1557/s43578-023-01273-6","","2024","2026-07-02 19:59:11","2026-07-10 01:02:34","","","","","","","Journal of Materials Research","","","","","","","","","","","","","","","","","","","","","","","","","","","","","","","","","","","","","","","","","","","","","","","","","","","","","","","","","","","","","","","","","",""
"5HUCR59Z","conferencePaper","2022","Teong Joo OngChye Cheah Tan","A Genetic Algorithm for Quantum Circuit Generation in OpenQASM","","","","10.1007/978-3-030-82196-8_8","https://link.springer.com/chapter/10.1007/978-3-030-82196-8_8","","2022","2026-07-02 19:59:11","2026-07-10 01:02:23","","","","","","","","","","","","","","","","","","","","","","","","","","","","","","","","","","","","","","","","","","","","","","","","","","","","","","","","","","Intelligent Systems and Applications","","","","","","","","","","","","","","",""
"C5KNPLPF","conferencePaper","2026","Elija PerrierMichael Timothy Bennett","Quantum AGI: Ontological Foundations","","","","10.1007/978-3-032-00800-8_8","https://link.springer.com/chapter/10.1007/978-3-032-00800-8_8","","2026","2026-07-02 19:59:11","2026-07-10 00:57:55","","","","","","","","","","","","","","","","","","","","","","","","","","","","","","","","","","","","","","","","","","","","","","","","","","","","","","","","","","Artificial General Intelligence","","","","","","","","","","","","","","",""
"AAHBS5NF","journalArticle","2021","Ricardo Pérez-CastilloLuis Jiménez-NavajasMario Piattini","QRev: migrating quantum code towards hybrid information systems","Software Quality Journal","","","10.1007/s11219-021-09574-x","https://link.springer.com/article/10.1007/s11219-021-09574-x","","2021","2026-07-02 19:59:11","2026-07-10 01:01:24","","","","","","","Software Quality Journal","","","","","","","","","","","","","","","","","","","","","","","","","","","","","","","","","","","","","","","","","","","","","","","","","","","","","","","","","","","","","","","","","",""
"AYJKU94F","bookSection","2025","S. AnandWan Mazlina Wan Mohamed","Toward Autonomous Quantum Systems: AGI-Driven Self-Optimization and Quantum Computing Synergy","Interplay of Artificial General Intelligence with Quantum Computing","","","10.1007/978-3-031-87931-9_12","https://link.springer.com/chapter/10.1007/978-3-031-87931-9_12","","2025","2026-07-02 19:59:11","2026-07-10 01:01:30","","","","","","","","","","","","","","","","","","","","","","","","","","","","","","","","","","","","","","","","","","","","","","","","","","","","","","","","","","","","","","","","","","","","","","","","",""
"JU3NERBC","bookSection","2022","Maha A. MetaweiHesham EldeebSalwa M. NassarMohamed Taher","Quantum Computing Meets Artificial Intelligence: Innovations and Challenges","Handbook on Artificial Intelligence-Empowered Applied Software Engineering","","","10.1007/978-3-031-08202-3_12","https://link.springer.com/chapter/10.1007/978-3-031-08202-3_12","","2022","2026-07-02 19:59:11","2026-07-10 01:00:29","","","","","","","","","","","","","","","","","","","","","","","","","","","","","","","","","","","","","","","","","","","","","","","","","","","","","","","","","","","","","","","","","","","","","","","","",""
"4CSSZL8J","conferencePaper","2023","Erik Terres EscuderoDanel Arias AlamoOier Mentxaka GómezPablo García Bringas","Assessing the Impact of Noise on Quantum Neural Networks: An Experimental Analysis","","","","10.1007/978-3-031-40725-3_27","https://link.springer.com/chapter/10.1007/978-3-031-40725-3_27","","2023","2026-07-02 19:59:11","2026-07-10 00:57:59","","","","","","","","","","","","","","","","","","","","","","","","","","","","","","","","","","","","","","","","","","","","","","","","","","","","","","","","","","Hybrid Artificial Intelligent Systems","","","","","","","","","","","","","","",""
"F35DWFDI","journalArticle","2023","Nadia NedjahSérgio RaposoLuiza de Macedo Mourelle","Dedicated hardware design for efficient quantum computations using classical logic gates","The Journal of Supercomputing","","","10.1007/s11227-023-05687-1","https://link.springer.com/article/10.1007/s11227-023-05687-1","","2023","2026-07-02 19:59:11","2026-07-10 01:00:52","","","","","","","The Journal of Supercomputing","","","","","","","","","","","","","","","","","","","","","","","","","","","","","","","","","","","","","","","","","","","","","","","","","","","","","","","","","","","","","","","","","",""
"8HTGXX5M","journalArticle","2023","Christoph GrögerHolger SchwarzTheo Härder","Editorial","Datenbank-Spektrum","","","10.1007/s13222-023-00451-4","https://link.springer.com/article/10.1007/s13222-023-00451-4","","2023","2026-07-02 19:59:11","2026-07-10 00:57:33","","","","","","","Datenbank-Spektrum","","","","","","","","","","","","","","","","","","","","","","","","","","","","","","","","","","","","","","","","","","","","","","","","","","","","","","","","","","","","","","","","","",""
"LCUYW6DB","conferencePaper","2022","Jiahui LiuQipeng LiuLuowen QianMark Zhandry","Collusion Resistant Copy-Protection for Watermarkable Functionalities","","","","10.1007/978-3-031-22318-1_11","https://link.springer.com/chapter/10.1007/978-3-031-22318-1_11","","2022","2026-07-02 19:59:11","2026-07-10 00:58:53","","","","","","","","","","","","","","","","","","","","","","","","","","","","","","","","","","","","","","","","","","","","","","","","","","","","","","","","","","Theory of Cryptography","","","","","","","","","","","","","","",""
"6RNJ6JGT","conferencePaper","2021","Fuyuki KitagawaRyo NishimakiTakashi Yamakawa","Secure Software Leasing from Standard Assumptions","","","","10.1007/978-3-030-90459-3_2","https://link.springer.com/chapter/10.1007/978-3-030-90459-3_2","","2021","2026-07-02 19:59:11","2026-07-10 00:58:15","","","","","","","","","","","","","","","","","","","","","","","","","","","","","","","","","","","","","","","","","","","","","","","","","","","","","","","","","","Theory of Cryptography","","","","","","","","","","","","","","",""
"P2FGLSCQ","conferencePaper","2024","Martin BeiselJohanna BarzenMarvin BechtoldFrank LeymannFelix TrugerBenjamin Weder","Metamodel and Formalization to Model, Transform, Deploy, and Execute Quantum Workflows","","","","10.1007/978-3-031-68165-3_6","https://link.springer.com/chapter/10.1007/978-3-031-68165-3_6","","2024","2026-07-02 19:59:11","2026-07-10 01:00:35","","","","","","","","","","","","","","","","","","","","","","","","","","","","","","","","","","","","","","","","","","","","","","","","","","","","","","","","","","Cloud Computing and Services Science","","","","","","","","","","","","","","",""
"SJS6KUCL","journalArticle","2025","Bisma MajidShabir Ahmed SofiZamrooda Jabeen","Quantum machine learning: a systematic categorization based on learning paradigms, NISQ suitability, and fault tolerance","Quantum Machine Intelligence","","","10.1007/s42484-025-00266-4","https://link.springer.com/article/10.1007/s42484-025-00266-4","","2025","2026-07-02 19:59:11","2026-07-10 00:57:24","","","","","","","Quantum Machine Intelligence","","","","","","","","","","","","","","","","","","","","","","","","","","","","","","","","","","","","","","","","","","","","","","","","","","","","","","","","","","","","","","","","","",""
"6TUB5DG2","conferencePaper","2024","Sachin NamdeoSachin KhuranaManisha J. Nene","Quantum-Enhanced Cognitive Systems: Harnessing Parameterized Quantum Circuits for Advanced Machine Learning Applications","","","","10.1007/978-3-031-69201-7_20","https://link.springer.com/chapter/10.1007/978-3-031-69201-7_20","","2024","2026-07-02 19:59:11","2026-07-10 01:01:42","","","","","","","","","","","","","","","","","","","","","","","","","","","","","","","","","","","","","","","","","","","","","","","","","","","","","","","","","","Innovations and Advances in Cognitive Systems","","","","","","","","","","","","","","",""
"8AC9AVV4","journalArticle","2024","Anita Chandran","Biopharma foresees a ‘quantum advantage’: they could be right","Nature Biotechnology","","","10.1038/s41587-024-02251-x","https://link.springer.com/article/10.1038/s41587-024-02251-x","","2024","2026-07-02 19:59:11","2026-07-10 00:57:18","","","","","","","Nature Biotechnology","","","","","","","","","","","","","","","","","","","","","","","","","","","","","","","","","","","","","","","","","","","","","","","","","","","","","","","","","","","","","","","","","",""
"KSLMTD26","journalArticle","2024","Fuyuki KitagawaRyo Nishimaki","Watermarking PRFs and PKE Against Quantum Adversaries","Journal of Cryptology","","","10.1007/s00145-024-09500-x","https://link.springer.com/article/10.1007/s00145-024-09500-x","","2024","2026-07-02 19:59:11","2026-07-10 00:58:14","","","","","","","Journal of Cryptology","","","","","","","","","","","","","","","","","","","","","","","","","","","","","","","","","","","","","","","","","","","","","","","","","","","","","","","","","","","","","","","","","",""
"WRXGMVRY","conferencePaper","2024","Himanshak ChawlaRitika WasonParul AroraGagandeep Singh Narula","An Empirical Investigation into Quantum Algorithms","","","","10.1007/978-981-97-2550-2_65","https://link.springer.com/chapter/10.1007/978-981-97-2550-2_65","","2024","2026-07-02 19:59:11","2026-07-10 00:58:31","","","","","","","","","","","","","","","","","","","","","","","","","","","","","","","","","","","","","","","","","","","","","","","","","","","","","","","","","","Proceedings of Fifth International Conference on Computing, Communications, and Cyber-Security","","","","","","","","","","","","","","",""
"S2QXIXZ9","journalArticle","2022","Rainer Alt","On the potentials of quantum computing – An interview with Heike Riel from IBM Research","Electronic Markets","","","10.1007/s12525-022-00616-1","https://link.springer.com/article/10.1007/s12525-022-00616-1","","2022","2026-07-02 19:59:11","2026-07-10 01:01:21","","","","","","","Electronic Markets","","","","","","","","","","","","","","","","","","","","","","","","","","","","","","","","","","","","","","","","","","","","","","","","","","","","","","","","","","","","","","","","","",""
"VUK2VYCL","journalArticle","2023","Xu ZhouDaowen QiuLe Luo","Distributed exact Grover’s algorithm","Frontiers of Physics","","","10.1007/s11467-023-1327-x","https://link.springer.com/article/10.1007/s11467-023-1327-x","","2023","2026-07-02 19:59:11","2026-07-10 01:03:23","","","","","","","Frontiers of Physics","","","","","","","","","","","","","","","","","","","","","","","","","","","","","","","","","","","","","","","","","","","","","","","","","","","","","","","","","","","","","","","","","",""
"ZNL3SURM","journalArticle","2023","Shubhangi ChourasiaS. M. PandeyAnup Kumar Keshri","Prospects and Challenges with Legal Informatics and Legal Metrology Framework in the Context of Industry 6.0","MAPAN","","","10.1007/s12647-023-00664-8","https://link.springer.com/article/10.1007/s12647-023-00664-8","","2023","2026-07-02 19:59:11","2026-07-10 01:01:54","","","","","","","MAPAN","","","","","","","","","","","","","","","","","","","","","","","","","","","","","","","","","","","","","","","","","","","","","","","","","","","","","","","","","","","","","","","","","",""
"3P4L3IWA","conferencePaper","2022","Javier Romero-ÁlvarezJaime Alvarado-ValienteJose Garcia-AlonsoEnrique MoguelJuan M. Murillo","A Graph-Based Healthcare System for Quantum Simulation of Medication Administration in the Aging People","","","","10.1007/978-3-030-97524-1_4","https://link.springer.com/chapter/10.1007/978-3-030-97524-1_4","","2022","2026-07-02 19:59:11","2026-07-10 00:58:50","","","","","","","","","","","","","","","","","","","","","","","","","","","","","","","","","","","","","","","","","","","","","","","","","","","","","","","","","","Gerontechnology IV","","","","","","","","","","","","","","",""
"KBX2VDYP","journalArticle","2025","Felix TennieSylvain LaizetSeth LloydLuca Magri","Quantum computing for nonlinear differential equations and turbulence","Nature Reviews Physics","","","10.1038/s42254-024-00799-w","https://link.springer.com/article/10.1038/s42254-024-00799-w","","2025","2026-07-02 19:59:12","2026-07-10 00:58:10","","","","","","","Nature Reviews Physics","","","","","","","","","","","","","","","","","","","","","","","","","","","","","","","","","","","","","","","","","","","","","","","","","","","","","","","","","","","","","","","","","",""
"MQKK5LKR","journalArticle","2025","Basil HanafiMohammad AliDevyaani Singh","Quantum algorithms for enhanced educational technologies","Discover Education","","","10.1007/s44217-025-00400-1","https://link.springer.com/article/10.1007/s44217-025-00400-1","","2025","2026-07-02 19:59:12","2026-07-10 00:57:23","","","","","","","Discover Education","","","","","","","","","","","","","","","","","","","","","","","","","","","","","","","","","","","","","","","","","","","","","","","","","","","","","","","","","","","","","","","","","",""
"7R54FGLW","journalArticle","2025","Hayato KannoShinichiro AkiyamaKotaro MurakamiShinji Takeda","Grassmann tensor renormalization group for the massive Schwinger model with a θ term using staggered fermions","Journal of High Energy Physics","","","10.1007/JHEP11(2025)036","https://link.springer.com/article/10.1007/JHEP11(2025)036","","2025","2026-07-02 19:59:12","2026-07-10 00:58:28","","","","","","","Journal of High Energy Physics","","","","","","","","","","","","","","","","","","","","","","","","","","","","","","","","","","","","","","","","","","","","","","","","","","","","","","","","","","","","","","","","","",""
"NVE47KYZ","bookSection","2025","Chander VeluKeith NormanYuzhen ZhuFathiro Hutama Reksa PutraChristopher Noble","Quantum Communications and Enhancing Security","The Business of Quantum Technologies","","","10.1007/978-3-031-99808-9_3","https://link.springer.com/chapter/10.1007/978-3-031-99808-9_3","","2025","2026-07-02 19:59:12","2026-07-10 00:57:31","","","","","","","","","","","","","","","","","","","","","","","","","","","","","","","","","","","","","","","","","","","","","","","","","","","","","","","","","","","","","","","","","","","","","","","","",""
"3M37NRWP","bookSection","2024","Thien NguyenDaanish AryaMarcus DohertyNils HerrmannJohannes KuhlmannFlorian PreisPat ScottSimon Yin","Software for Massively Parallel Quantum Computing","Quantum Computing","","","10.1007/978-3-031-37966-6_6","https://link.springer.com/chapter/10.1007/978-3-031-37966-6_6","","2024","2026-07-02 19:59:12","2026-07-10 01:02:25","","","","","","","","","","","","","","","","","","","","","","","","","","","","","","","","","","","","","","","","","","","","","","","","","","","","","","","","","","","","","","","","","","","","","","","","",""
"T5X4T6TE","journalArticle","2023","Ralf KrestelUdo KruschwitzMichael WiegandTheo Härder","Editorial","Datenbank-Spektrum","","","10.1007/s13222-023-00442-5","https://link.springer.com/article/10.1007/s13222-023-00442-5","","2023","2026-07-02 19:59:12","2026-07-10 01:01:22","","","","","","","Datenbank-Spektrum","","","","","","","","","","","","","","","","","","","","","","","","","","","","","","","","","","","","","","","","","","","","","","","","","","","","","","","","","","","","","","","","","",""
"MZLCZPFW","journalArticle","2022","Jaiteg SinghKamalpreet Singh Bhangu","Contemporary Quantum Computing Use Cases: Taxonomy, Review and Challenges","Archives of Computational Methods in Engineering","","","10.1007/s11831-022-09809-5","https://link.springer.com/article/10.1007/s11831-022-09809-5","","2022","2026-07-02 19:59:12","2026-07-10 00:58:47","","","","","","","Archives of Computational Methods in Engineering","","","","","","","","","","","","","","","","","","","","","","","","","","","","","","","","","","","","","","","","","","","","","","","","","","","","","","","","","","","","","","","","","",""
"FYXVRZ3N","bookSection","2024","Vladimir Silva","Start Your Engines: From Quantum Random Numbers to Teleportation and Super Dense Coding","Quantum Computing by Practice","","","10.1007/978-1-4842-9991-3_7","https://link.springer.com/chapter/10.1007/978-1-4842-9991-3_7","","2024","2026-07-02 19:59:12","2026-07-10 01:02:36","","","","","","","","","","","","","","","","","","","","","","","","","","","","","","","","","","","","","","","","","","","","","","","","","","","","","","","","","","","","","","","","","","","","","","","","",""
"6FGPZGX6","journalArticle","2022","Manfredi AvitabileGiovanni Amedeo CirilloMario SimoniGiovanna TurvaniMariagrazia Graziano","Development of a multi-technology, template-based quantum circuits compilation toolchain","Quantum Information Processing","","","10.1007/s11128-022-03649-9","https://link.springer.com/article/10.1007/s11128-022-03649-9","","2022","2026-07-02 19:59:12","2026-07-10 01:00:30","","","","","","","Quantum Information Processing","","","","","","","","","","","","","","","","","","","","","","","","","","","","","","","","","","","","","","","","","","","","","","","","","","","","","","","","","","","","","","","","","",""
"MLHD44GJ","journalArticle","2024","Mandeep KumarBhaskar Mondal","Study on Implementation of Shor’s Factorization Algorithm on Quantum Computer","SN Computer Science","","","10.1007/s42979-024-02771-y","https://link.springer.com/article/10.1007/s42979-024-02771-y","","2024","2026-07-02 19:59:12","2026-07-10 01:00:30","","","","","","","SN Computer Science","","","","","","","","","","","","","","","","","","","","","","","","","","","","","","","","","","","","","","","","","","","","","","","","","","","","","","","","","","","","","","","","","",""
"PNBVL2G2","journalArticle","2026","Daming ZhengTianyin MiaoZuhong ZhangKarol VegsoTao ZhuLuyao WangZhiyuan XuSami UllahLenka Pribusova SlusnaGunhee KimDingqin HuPatrick FongZonghao LiuJie LvPeter SiffalovicNada MrkyvkovaWei ChenAntonio AbateMeng LiGang Li","Omnidirectional ionic locking network for stable perovskite photovoltaics","Nature Photonics","","","10.1038/s41566-026-01918-y","https://link.springer.com/article/10.1038/s41566-026-01918-y","","2026","2026-07-02 19:59:12","2026-07-10 00:57:40","","","","","","","Nature Photonics","","","","","","","","","","","","","","","","","","","","","","","","","","","","","","","","","","","","","","","","","","","","","","","","","","","","","","","","","","","","","","","","","",""
"GLARXA28","journalArticle","2023","Sunil KumarIqra AliFaheem AbbasNimra KhanManoj K. GuptaManoj GargSaroj KumarDeepak Kumar","In-silico identification of small molecule benzofuran-1,2,3-triazole hybrids as potential inhibitors targeting EGFR in lung cancer via ligand-based pharmacophore modeling and molecular docking studies","In Silico Pharmacology","","","10.1007/s40203-023-00157-1","https://link.springer.com/article/10.1007/s40203-023-00157-1","","2023","2026-07-02 19:59:12","2026-07-10 01:01:59","","","","","","","In Silico Pharmacology","","","","","","","","","","","","","","","","","","","","","","","","","","","","","","","","","","","","","","","","","","","","","","","","","","","","","","","","","","","","","","","","","",""
"P6J2PN2V","journalArticle","2021","Diego H. UsecheAndres Giraldo-CarvajalHernan M. Zuluaga-BucheliJose A. Jaramillo-VillegasFabio A. González","Quantum measurement classification with qudits","Quantum Information Processing","","","10.1007/s11128-021-03363-y","https://link.springer.com/article/10.1007/s11128-021-03363-y","","2021","2026-07-02 19:59:12","2026-07-10 00:57:44","","","","","","","Quantum Information Processing","","","","","","","","","","","","","","","","","","","","","","","","","","","","","","","","","","","","","","","","","","","","","","","","","","","","","","","","","","","","","","","","","",""
"67LQM77M","journalArticle","2024","A. Lopez PachecoJ. Aguilar","Systematic literature review on quantum applications in nanotechnology","The Journal of Supercomputing","","","10.1007/s11227-024-06747-w","https://link.springer.com/article/10.1007/s11227-024-06747-w","","2024","2026-07-02 19:59:12","2026-07-10 00:56:33","","","","","","","The Journal of Supercomputing","","","","","","","","","","","","","","","","","","","","","","","","","","","","","","","","","","","","","","","","","","","","","","","","","","","","","","","","","","","","","","","","","",""
"S86UW3YD","journalArticle","2024","Josephine C. MeyerGina PassanteSteven J. PollockBethany R. Wilcox","Introductory quantum information science coursework at US institutions: content coverage","EPJ Quantum Technology","","","10.1140/epjqt/s40507-024-00226-0","https://link.springer.com/article/10.1140/epjqt/s40507-024-00226-0","","2024","2026-07-02 19:59:12","2026-07-10 00:59:00","","","","","","","EPJ Quantum Technology","","","","","","","","","","","","","","","","","","","","","","","","","","","","","","","","","","","","","","","","","","","","","","","","","","","","","","","","","","","","","","","","","",""
"4E8XN538","journalArticle","2021","Peter NimbeBenjamin Asubam WeyoriProsper Kandabongee Yeng","A Framework for Quantum-Classical Cryptographic Translation","International Journal of Theoretical Physics","","","10.1007/s10773-020-04698-5","https://link.springer.com/article/10.1007/s10773-020-04698-5","","2021","2026-07-02 19:59:12","2026-07-10 01:01:07","","","","","","","International Journal of Theoretical Physics","","","","","","","","","","","","","","","","","","","","","","","","","","","","","","","","","","","","","","","","","","","","","","","","","","","","","","","","","","","","","","","","","",""
"VQ54MSLD","journalArticle","2021","Tong HouDong DingCan WangXiao-chun ZhangYing-qiu He","Quantum Simulation of Generalized Hardy’s Paradox and Corresponding Hardy’s Inequality via Quantum Programming","International Journal of Theoretical Physics","","","10.1007/s10773-021-04815-y","https://link.springer.com/article/10.1007/s10773-021-04815-y","","2021","2026-07-02 19:59:12","2026-07-10 01:02:28","","","","","","","International Journal of Theoretical Physics","","","","","","","","","","","","","","","","","","","","","","","","","","","","","","","","","","","","","","","","","","","","","","","","","","","","","","","","","","","","","","","","","",""
"P6VABMJW","journalArticle","2022","S. I. ProtasovR. B. ZaripovI. T. KhairutdinovK. M. Salikhov","Analysis of Pulse Electron–Electron Double Resonance (PELDOR) Data on a Quantum Computer","Applied Magnetic Resonance","","","10.1007/s00723-022-01495-7","https://link.springer.com/article/10.1007/s00723-022-01495-7","","2022","2026-07-02 19:59:12","2026-07-10 01:01:33","","","","","","","Applied Magnetic Resonance","","","","","","","","","","","","","","","","","","","","","","","","","","","","","","","","","","","","","","","","","","","","","","","","","","","","","","","","","","","","","","","","","",""
"2MZAQED2","bookSection","2026","Ersin ElbasiYehia Ibrahim AlzoubiGreeshma VargheseAhmet E. Topcu","Introduction to Quantum Computing","Quantum Computing, Sensing and Communications for IoT","","","10.1007/978-981-95-6276-3_1","https://link.springer.com/chapter/10.1007/978-981-95-6276-3_1","","2026","2026-07-02 19:59:12","2026-07-10 00:57:59","","","","","","","","","","","","","","","","","","","","","","","","","","","","","","","","","","","","","","","","","","","","","","","","","","","","","","","","","","","","","","","","","","","","","","","","",""
"TUW4KLM7","journalArticle","2023","Michael NoferKevin BauerOliver HinzWil van der AalstChristof Weinhardt","Quantum Computing","Business & Information Systems Engineering","","","10.1007/s12599-023-00823-w","https://link.springer.com/article/10.1007/s12599-023-00823-w","","2023","2026-07-02 19:59:12","2026-07-10 01:00:39","","","","","","","Business & Information Systems Engineering","","","","","","","","","","","","","","","","","","","","","","","","","","","","","","","","","","","","","","","","","","","","","","","","","","","","","","","","","","","","","","","","","",""
"ID4SPT2S","journalArticle","2025","Shihao YuanDaming ZhengTing ZhangYafei WangFeng QianLei WangXiaobo LiHualin ZhengZecheng DiaoPeng ZhangThierry PauportéShibin Li","Scalable preparation of perovskite films with homogeneous structure via immobilizing strategy for high-performance solar modules","Nature Communications","","","10.1038/s41467-025-57303-w","https://link.springer.com/article/10.1038/s41467-025-57303-w","","2025","2026-07-02 19:59:12","2026-07-10 01:01:51","","","","","","","Nature Communications","","","","","","","","","","","","","","","","","","","","","","","","","","","","","","","","","","","","","","","","","","","","","","","","","","","","","","","","","","","","","","","","","",""
"AW8VRA7M","conferencePaper","2021","Johanna BarzenFrank LeymannMichael FalkenthalDaniel VietzBenjamin WederKaroline Wild","Relevance of Near-Term Quantum Computing in the Cloud: A Humanities Perspective","","","","10.1007/978-3-030-72369-9_2","https://link.springer.com/chapter/10.1007/978-3-030-72369-9_2","","2021","2026-07-02 19:59:12","2026-07-10 00:58:58","","","","","","","","","","","","","","","","","","","","","","","","","","","","","","","","","","","","","","","","","","","","","","","","","","","","","","","","","","Cloud Computing and Services Science","","","","","","","","","","","","","","",""
"G6HABLVQ","journalArticle","2022","Kumar PrateekNitish Kumar OjhaFahiem AltafSoumyadev Maity","Quantum secured 6G technology-based applications in Internet of Everything","Telecommunication Systems","","","10.1007/s11235-022-00979-y","https://link.springer.com/article/10.1007/s11235-022-00979-y","","2022","2026-07-02 19:59:12","2026-07-10 00:59:11","","","","","","","Telecommunication Systems","","","","","","","","","","","","","","","","","","","","","","","","","","","","","","","","","","","","","","","","","","","","","","","","","","","","","","","","","","","","","","","","","",""
"57YK3KAT","journalArticle","2023","Akel HashimStefan SeritanTimothy ProctorKenneth RudingerNoah GossRavi K. NaikJohn Mark KreikebaumDavid I. SantiagoIrfan Siddiqi","Benchmarking quantum logic operations relative to thresholds for fault tolerance","npj Quantum Information","","","10.1038/s41534-023-00764-y","https://link.springer.com/article/10.1038/s41534-023-00764-y","","2023","2026-07-02 19:59:12","2026-07-10 00:57:11","","","","","","","npj Quantum Information","","","","","","","","","","","","","","","","","","","","","","","","","","","","","","","","","","","","","","","","","","","","","","","","","","","","","","","","","","","","","","","","","",""
"ACVRHPMA","journalArticle","2022","Connor GregorDaniel AshlockGonzalo A. RuzDuncan MacKinnonDavid Kribs","A novel linear representation for evolving matrices","Soft Computing","","","10.1007/s00500-022-07043-6","https://link.springer.com/article/10.1007/s00500-022-07043-6","","2022","2026-07-02 19:59:12","2026-07-10 00:57:34","","","","","","","Soft Computing","","","","","","","","","","","","","","","","","","","","","","","","","","","","","","","","","","","","","","","","","","","","","","","","","","","","","","","","","","","","","","","","","",""
"955ZGBS3","conferencePaper","2023","James BartusekDakshita KhuranaAlexander Poremba","Publicly-Verifiable Deletion via Target-Collapsing Functions","","","","10.1007/978-3-031-38554-4_4","https://link.springer.com/chapter/10.1007/978-3-031-38554-4_4","","2023","2026-07-02 19:59:12","2026-07-10 00:58:47","","","","","","","","","","","","","","","","","","","","","","","","","","","","","","","","","","","","","","","","","","","","","","","","","","","","","","","","","","Advances in Cryptology – CRYPTO 2023","","","","","","","","","","","","","","",""
"U7W5MIGQ","conferencePaper","2022","Jaime Alvarado-ValienteJavier Romero-ÁlvarezJose Garcia-AlonsoJuan M. Murillo","A Guide for Quantum Web Services Deployment","","","","10.1007/978-3-031-09917-5_42","https://link.springer.com/chapter/10.1007/978-3-031-09917-5_42","","2022","2026-07-02 19:59:12","2026-07-10 00:58:46","","","","","","","","","","","","","","","","","","","","","","","","","","","","","","","","","","","","","","","","","","","","","","","","","","","","","","","","","","Web Engineering","","","","","","","","","","","","","","",""
"T5I2SDLL","journalArticle","2023","Mauritz Kop","Quantum-ELSPI: A Novel Field of Research","Digital Society","","","10.1007/s44206-023-00050-6","https://link.springer.com/article/10.1007/s44206-023-00050-6","","2023","2026-07-02 19:59:12","2026-07-10 01:00:38","","","","","","","Digital Society","","","","","","","","","","","","","","","","","","","","","","","","","","","","","","","","","","","","","","","","","","","","","","","","","","","","","","","","","","","","","","","","","",""
"RMUNPDL8","bookSection","2022","Bogart Yail MárquezJenniffer Deyanira CastilloArturo Realyvásquez-Vargas","The Use of Quantum Computing with 3D Modeling in the Industrial Sector","Algorithms and Computational Techniques Applied to Industry","","","10.1007/978-3-031-00856-6_7","https://link.springer.com/chapter/10.1007/978-3-031-00856-6_7","","2022","2026-07-02 19:59:12","2026-07-10 00:57:26","","","","","","","","","","","","","","","","","","","","","","","","","","","","","","","","","","","","","","","","","","","","","","","","","","","","","","","","","","","","","","","","","","","","","","","","",""
"F2JUML8G","bookSection","2024","Shugufta FatimaC Kishor Kumar ReddyAnindya NagSahithi Reddy Pullannagari","Leveraging Quantum Computing for Enhanced Decision Support in Disaster Management","The Rise of Quantum Computing in Industry 6.0 Towards Sustainability","","","10.1007/978-3-031-73350-5_6","https://link.springer.com/chapter/10.1007/978-3-031-73350-5_6","","2024","2026-07-02 19:59:12","2026-07-10 01:01:54","","","","","","","","","","","","","","","","","","","","","","","","","","","","","","","","","","","","","","","","","","","","","","","","","","","","","","","","","","","","","","","","","","","","","","","","",""
"PC7U327M","bookSection","2026","Patricia Yu","Competing on Aloha—A Strategy for Hawai‘i’s Economic Future","Economic Development in Hawai‘i","","","10.1007/978-3-032-15689-1_8","https://link.springer.com/chapter/10.1007/978-3-032-15689-1_8","","2026","2026-07-02 19:59:12","2026-07-10 01:01:06","","","","","","","","","","","","","","","","","","","","","","","","","","","","","","","","","","","","","","","","","","","","","","","","","","","","","","","","","","","","","","","","","","","","","","","","",""
"RVYBGEND","bookSection","2023","Do Thu HaTa Phuong BacKim Duc TranKim Phuc Tran","Efficient and Trustworthy Federated Learning-Based Explainable Anomaly Detection: Challenges, Methods, and Future Directions","Artificial Intelligence for Smart Manufacturing","","","10.1007/978-3-031-30510-8_8","https://link.springer.com/chapter/10.1007/978-3-031-30510-8_8","","2023","2026-07-02 19:59:12","2026-07-10 00:57:44","","","","","","","","","","","","","","","","","","","","","","","","","","","","","","","","","","","","","","","","","","","","","","","","","","","","","","","","","","","","","","","","","","","","","","","","",""
"X7CWMS9U","bookSection","2025","Dukuru ChiranjeviAnisha MishraRanjan Kumar BeheraTarun Biswas","Quantum Neural Networks: Exploring Quantum Enhancements in Deep Learning","Advances in Quantum Inspired Artificial Intelligence","","","10.1007/978-3-031-89905-8_11","https://link.springer.com/chapter/10.1007/978-3-031-89905-8_11","","2025","2026-07-02 19:59:12","2026-07-10 00:57:46","","","","","","","","","","","","","","","","","","","","","","","","","","","","","","","","","","","","","","","","","","","","","","","","","","","","","","","","","","","","","","","","","","","","","","","","",""
"3XLVCAZD","journalArticle","2025","Drífa AtladóttirNeele RochMatthias LeeseVerena Zimmermann","A Quantum of Responsibility? A Comparison of National Quantum Governance Frameworks and Expert Views","Digital Society","","","10.1007/s44206-025-00205-7","https://link.springer.com/article/10.1007/s44206-025-00205-7","","2025","2026-07-02 19:59:12","2026-07-10 00:57:46","","","","","","","Digital Society","","","","","","","","","","","","","","","","","","","","","","","","","","","","","","","","","","","","","","","","","","","","","","","","","","","","","","","","","","","","","","","","","",""
"9WAHJEJ2","journalArticle","2026","Akash KunduLeopoldo Sarra","Reinforcement learning with learned gadgets to tackle hard quantum problems on real hardware","Communications Physics","","","10.1038/s42005-025-02475-6","https://link.springer.com/article/10.1038/s42005-025-02475-6","","2026","2026-07-02 19:59:12","2026-07-10 00:57:10","","","","","","","Communications Physics","","","","","","","","","","","","","","","","","","","","","","","","","","","","","","","","","","","","","","","","","","","","","","","","","","","","","","","","","","","","","","","","","",""
"6F7J2PVN","bookSection","2023","","The Development of Information Technology","China Internet Development Report 2020","","","10.1007/978-981-16-9901-6_3","https://link.springer.com/chapter/10.1007/978-981-16-9901-6_3","","2023","2026-07-02 19:59:12","2026-07-10 01:03:06","","","","","","","","","","","","","","","","","","","","","","","","","","","","","","","","","","","","","","","","","","","","","","","","","","","","","","","","","","","","","","","","","","","","","","","","",""
"ZG45XC57","journalArticle","2023","Riya AroraG. V. Eswara RaoShashwati BanerjeaRajitha B.","MLDC: multi-lung disease classification using quantum classifier and artificial neural networks","Neural Computing and Applications","","","10.1007/s00521-023-09207-3","https://link.springer.com/article/10.1007/s00521-023-09207-3","","2023","2026-07-02 19:59:12","2026-07-10 01:01:25","","","","","","","Neural Computing and Applications","","","","","","","","","","","","","","","","","","","","","","","","","","","","","","","","","","","","","","","","","","","","","","","","","","","","","","","","","","","","","","","","","",""
"QN4S9XQB","bookSection","2024","Shishir Kumar ShandilyaAgni DattaYash KartikAtulya Nagar","Thriving in the Quantum Era","Digital Resilience: Navigating Disruption and Safeguarding Data Privacy","","","10.1007/978-3-031-53290-0_7","https://link.springer.com/chapter/10.1007/978-3-031-53290-0_7","","2024","2026-07-02 19:59:12","2026-07-10 01:01:53","","","","","","","","","","","","","","","","","","","","","","","","","","","","","","","","","","","","","","","","","","","","","","","","","","","","","","","","","","","","","","","","","","","","","","","","",""
"KBGT55QV","journalArticle","2023","Run-Hong HeFeng-Hua RenYang-Yang XieArapat AblimitZhao-Ming Wang","Approximate quantum gates compilation for superconducting transmon qubits with self-navigation algorithm","Quantum Information Processing","","","10.1007/s11128-023-04125-8","https://link.springer.com/article/10.1007/s11128-023-04125-8","","2023","2026-07-02 19:59:12","2026-07-10 01:01:27","","","","","","","Quantum Information Processing","","","","","","","","","","","","","","","","","","","","","","","","","","","","","","","","","","","","","","","","","","","","","","","","","","","","","","","","","","","","","","","","","",""
"4SGK8MN6","conferencePaper","2023","Daniel Escanez-ExpositoPino Caballero-Gil","QuantumSolver Composer: Automatic Quantum Transformation of Classical Circuits","","","","10.1007/978-3-031-42519-6_10","https://link.springer.com/chapter/10.1007/978-3-031-42519-6_10","","2023","2026-07-02 19:59:12","2026-07-10 00:57:41","","","","","","","","","","","","","","","","","","","","","","","","","","","","","","","","","","","","","","","","","","","","","","","","","","","","","","","","","","International Joint Conference 16th International Conference on Computational Intelligence in Security for Information Systems (CISIS 2023)  14th International Conference on EUropean Transnational Education (ICEUTE 2023)","","","","","","","","","","","","","","",""
"PMBSY3AL","journalArticle","2025","Dakota Root","Quantum Technologies in the Context of Climate Change: Emphasizing Sustainability in a Responsible Innovation Approach to Quantum Innovation","NanoEthics","","","10.1007/s11569-025-00468-x","https://link.springer.com/article/10.1007/s11569-025-00468-x","","2025","2026-07-02 19:59:12","2026-07-10 00:57:39","","","","","","","NanoEthics","","","","","","","","","","","","","","","","","","","","","","","","","","","","","","","","","","","","","","","","","","","","","","","","","","","","","","","","","","","","","","","","","",""
"MTJICYZ8","bookSection","2024","Albert FrischAlexander ErhardThomas FeldkerFlorian GirtlerMax HettrichWilfried HussGeorg JacobChristine MaierGregor MayramhofDaniel NiggChristian SommerJuris UlmanisEtienne WodeyMederika ZangerlThomas Monz","Trapped-Ion Quantum Computing","Quantum Software","","","10.1007/978-3-031-64136-7_10","https://link.springer.com/chapter/10.1007/978-3-031-64136-7_10","","2024","2026-07-02 19:59:12","2026-07-10 00:57:12","","","","","","","","","","","","","","","","","","","","","","","","","","","","","","","","","","","","","","","","","","","","","","","","","","","","","","","","","","","","","","","","","","","","","","","","",""
"ZFQRM9EN","bookSection","2022","","The Development of World Information Technology","World Internet Development Report 2020","","","10.1007/978-981-16-9388-5_3","https://link.springer.com/chapter/10.1007/978-981-16-9388-5_3","","2022","2026-07-02 19:59:12","2026-07-10 01:03:05","","","","","","","","","","","","","","","","","","","","","","","","","","","","","","","","","","","","","","","","","","","","","","","","","","","","","","","","","","","","","","","","","","","","","","","","",""
"I3FB4JPG","bookSection","2026","Marcus Stephen Edwards","Cloud Quantum Computing","An Introduction to Quantum Computing for Computer Engineers","","","10.1007/978-3-032-03650-6_10","https://link.springer.com/chapter/10.1007/978-3-032-03650-6_10","","2026","2026-07-02 19:59:12","2026-07-10 01:00:32","","","","","","","","","","","","","","","","","","","","","","","","","","","","","","","","","","","","","","","","","","","","","","","","","","","","","","","","","","","","","","","","","","","","","","","","",""
"Z42MPCTH","journalArticle","2026","Waldemir CambiucciRegina Melo SilveiraWilson Vicente Ruggiero","Co-design threading model and circuit cutting for static and adaptive quantum circuits","Quantum Information Processing","","","10.1007/s11128-026-05136-x","https://link.springer.com/article/10.1007/s11128-026-05136-x","","2026","2026-07-02 19:59:12","2026-07-10 01:02:38","","","","","","","Quantum Information Processing","","","","","","","","","","","","","","","","","","","","","","","","","","","","","","","","","","","","","","","","","","","","","","","","","","","","","","","","","","","","","","","","","",""
"FF29LGZR","bookSection","2023","Jianfeng RenDong Xia","Autonomous Driving Operating Systems","Autonomous driving algorithms and Its IC Design","","","10.1007/978-981-99-2897-2_11","https://link.springer.com/chapter/10.1007/978-981-99-2897-2_11","","2023","2026-07-02 19:59:12","2026-07-10 00:58:55","","","","","","","","","","","","","","","","","","","","","","","","","","","","","","","","","","","","","","","","","","","","","","","","","","","","","","","","","","","","","","","","","","","","","","","","",""
"RRUMA62H","conferencePaper","2023","Liliane-Joy DandyEmmanuel JeandelVladimir Zamdzhiev","Type-safe Quantum Programming in Idris","","","","10.1007/978-3-031-30044-8_19","https://link.springer.com/chapter/10.1007/978-3-031-30044-8_19","","2023","2026-07-02 19:59:12","2026-07-10 00:59:18","","","","","","","","","","","","","","","","","","","","","","","","","","","","","","","","","","","","","","","","","","","","","","","","","","","","","","","","","","Programming Languages and Systems","","","","","","","","","","","","","","",""
"U8YZZY9K","bookSection","2022","Stanislav AbaimovMaurizio Martellini","Understanding Machine Learning","Machine Learning for Cyber Agents","","","10.1007/978-3-030-91585-8_2","https://link.springer.com/chapter/10.1007/978-3-030-91585-8_2","","2022","2026-07-02 19:59:12","2026-07-10 01:01:57","","","","","","","","","","","","","","","","","","","","","","","","","","","","","","","","","","","","","","","","","","","","","","","","","","","","","","","","","","","","","","","","","","","","","","","","",""
"L3F6WBKN","journalArticle","2023","Shinichiro AkiyamaYoshinobu Kuramashi","Critical endpoint of (3+1)-dimensional finite density ℤ3 gauge-Higgs model with tensor renormalization group","Journal of High Energy Physics","","","10.1007/JHEP10(2023)077","https://link.springer.com/article/10.1007/JHEP10(2023)077","","2023","2026-07-02 19:59:12","2026-07-10 01:01:52","","","","","","","Journal of High Energy Physics","","","","","","","","","","","","","","","","","","","","","","","","","","","","","","","","","","","","","","","","","","","","","","","","","","","","","","","","","","","","","","","","","",""
"64BLSZ8K","conferencePaper","2025","Zhiyuan AnFangguo Zhang","Deny Whatever You Want: Dual-Deniable Public-Key Encryption","","","","10.1007/978-3-031-91829-2_8","https://link.springer.com/chapter/10.1007/978-3-031-91829-2_8","","2025","2026-07-02 19:59:12","2026-07-10 01:03:03","","","","","","","","","","","","","","","","","","","","","","","","","","","","","","","","","","","","","","","","","","","","","","","","","","","","","","","","","","Public-Key Cryptography – PKC 2025","","","","","","","","","","","","","","",""
"LP7EXW8V","conferencePaper","2023","Hardeer KaurJai Sukh Paul Singh","Comparative Analysis of Secure QKD Protocols for Small Satellites Constellation","","","","10.1007/978-981-19-8555-3_21","https://link.springer.com/chapter/10.1007/978-981-19-8555-3_21","","2023","2026-07-02 19:59:12","2026-07-10 00:58:27","","","","","","","","","","","","","","","","","","","","","","","","","","","","","","","","","","","","","","","","","","","","","","","","","","","","","","","","","","Computer Aided Constellation Management and Communication Satellites","","","","","","","","","","","","","","",""
"HL9E82HT","journalArticle","2025","","SI - Quantum Computing Algorithms, Systems, and Applications","","","","","https://link.springer.com/collections/ehjbabafic","","2025","2026-07-02 19:59:12","2026-07-10 01:03:08","","","","","","","","","","","","","","","","","","","","","","","","","","","","","","","","","","","","","","","","","","","","","","","","","","","","","","","","","","","","","","","","","","","","","","","","",""
"QGARVFRY","journalArticle","2025","Valarmathi K.Mohnish Karthikeyan B.Navaneetha Krishnan S.","An efficient prediction-based dynamic resource allocation framework in quantum cloud using knowledge-based offline reinforcement learning","Quantum Machine Intelligence","","","10.1007/s42484-025-00257-5","https://link.springer.com/article/10.1007/s42484-025-00257-5","","2025","2026-07-02 19:59:12","2026-07-10 01:02:31","","","","","","","Quantum Machine Intelligence","","","","","","","","","","","","","","","","","","","","","","","","","","","","","","","","","","","","","","","","","","","","","","","","","","","","","","","","","","","","","","","","","",""
"VVKDEAJY","journalArticle","2023","Niels M. P. NeumannPaolo B. U. L. de HeerFrank Phillipson","Quantum reinforcement learning","Quantum Information Processing","","","10.1007/s11128-023-03867-9","https://link.springer.com/article/10.1007/s11128-023-03867-9","","2023","2026-07-02 19:59:12","2026-07-10 01:00:56","","","","","","","Quantum Information Processing","","","","","","","","","","","","","","","","","","","","","","","","","","","","","","","","","","","","","","","","","","","","","","","","","","","","","","","","","","","","","","","","","",""
"Z82YEUAB","journalArticle","2024","Teppei SuzukiTakashi HasebeTsubasa Miyazaki","Quantum support vector machines for classification and regression on a trapped-ion quantum computer","Quantum Machine Intelligence","","","10.1007/s42484-024-00165-0","https://link.springer.com/article/10.1007/s42484-024-00165-0","","2024","2026-07-02 19:59:12","2026-07-10 01:02:24","","","","","","","Quantum Machine Intelligence","","","","","","","","","","","","","","","","","","","","","","","","","","","","","","","","","","","","","","","","","","","","","","","","","","","","","","","","","","","","","","","","","",""
"IS2553FW","journalArticle","2026","Aaron MillerAdam GlosZoltán Zimborás","Treespilation: architecture- and state-optimised fermion-to-qubit mappings","npj Quantum Information","","","10.1038/s41534-025-01170-2","https://link.springer.com/article/10.1038/s41534-025-01170-2","","2026","2026-07-02 19:59:12","2026-07-10 00:57:06","","","","","","","npj Quantum Information","","","","","","","","","","","","","","","","","","","","","","","","","","","","","","","","","","","","","","","","","","","","","","","","","","","","","","","","","","","","","","","","","",""
"FHKZEENY","journalArticle","2023","Dominik VerenoAmin KhodaeiChristian NeureiterSebastian Lehnhoff","Quantum–classical co-simulation for smart grids: a proof-of-concept study on feasibility and obstacles","Energy Informatics","","","10.1186/s42162-023-00292-1","https://link.springer.com/article/10.1186/s42162-023-00292-1","","2023","2026-07-02 19:59:12","2026-07-10 00:57:45","","","","","","","Energy Informatics","","","","","","","","","","","","","","","","","","","","","","","","","","","","","","","","","","","","","","","","","","","","","","","","","","","","","","","","","","","","","","","","","",""
"3KZYQ7PP","journalArticle","2026","Rami Ahmad El-NabulsiWaranont Anukool","Black–scholes equation in quantitative finance with variable parameters: a path to a generalized schrodinger equation","Financial Innovation","","","10.1186/s40854-025-00877-7","https://link.springer.com/article/10.1186/s40854-025-00877-7","","2026","2026-07-02 19:59:12","2026-07-10 01:01:23","","","","","","","Financial Innovation","","","","","","","","","","","","","","","","","","","","","","","","","","","","","","","","","","","","","","","","","","","","","","","","","","","","","","","","","","","","","","","","","",""
"ZHPHIL4C","conferencePaper","2022","Ji GuanNengkun Yu","A Probabilistic Logic for Verifying Continuous-time Markov Chains","","","","10.1007/978-3-030-99527-0_1","https://link.springer.com/chapter/10.1007/978-3-030-99527-0_1","","2022","2026-07-02 19:59:12","2026-07-10 00:58:52","","","","","","","","","","","","","","","","","","","","","","","","","","","","","","","","","","","","","","","","","","","","","","","","","","","","","","","","","","Tools and Algorithms for the Construction and Analysis of Systems","","","","","","","","","","","","","","",""
"TQ5YPTPK","bookSection","2022","Fabio CavaliereRana Pratap SircarTommaso Catuogno","The Future Quantum Internet","Quantum Computing Environments","","","10.1007/978-3-030-89746-8_3","https://link.springer.com/chapter/10.1007/978-3-030-89746-8_3","","2022","2026-07-02 19:59:12","2026-07-10 00:58:10","","","","","","","","","","","","","","","","","","","","","","","","","","","","","","","","","","","","","","","","","","","","","","","","","","","","","","","","","","","","","","","","","","","","","","","","",""
"J2GM3IBT","journalArticle","2023","S. P. Kulik","Quantum Computing: Predictions and Challenges","Bulletin of the Lebedev Physics Institute","","","10.3103/S1068335623602273","https://link.springer.com/article/10.3103/S1068335623602273","","2023","2026-07-02 19:59:12","2026-07-10 01:01:36","","","","","","","Bulletin of the Lebedev Physics Institute","","","","","","","","","","","","","","","","","","","","","","","","","","","","","","","","","","","","","","","","","","","","","","","","","","","","","","","","","","","","","","","","","",""
"8D5NJL75","conferencePaper","2022","Fuyuki KitagawaRyo Nishimaki","Watermarking PRFs Against Quantum Adversaries","","","","10.1007/978-3-031-07082-2_18","https://link.springer.com/chapter/10.1007/978-3-031-07082-2_18","","2022","2026-07-02 19:59:12","2026-07-10 00:58:14","","","","","","","","","","","","","","","","","","","","","","","","","","","","","","","","","","","","","","","","","","","","","","","","","","","","","","","","","","Advances in Cryptology – EUROCRYPT 2022","","","","","","","","","","","","","","",""
"IQB34SUR","conferencePaper","2023","Yanbin ChenYannick Stade","Quantum Constant Propagation","","","","10.1007/978-3-031-44245-2_9","https://link.springer.com/chapter/10.1007/978-3-031-44245-2_9","","2023","2026-07-02 19:59:12","2026-07-10 01:02:55","","","","","","","","","","","","","","","","","","","","","","","","","","","","","","","","","","","","","","","","","","","","","","","","","","","","","","","","","","Static Analysis","","","","","","","","","","","","","","",""
"AZ3NVL3G","journalArticle","2021","Ming-Sheng YingYuan FengSheng-Gang Ying","Optimal Policies for Quantum Markov Decision Processes","International Journal of Automation and Computing","","","10.1007/s11633-021-1278-z","https://link.springer.com/article/10.1007/s11633-021-1278-z","","2021","2026-07-02 19:59:12","2026-07-10 01:00:41","","","","","","","International Journal of Automation and Computing","","","","","","","","","","","","","","","","","","","","","","","","","","","","","","","","","","","","","","","","","","","","","","","","","","","","","","","","","","","","","","","","","",""
"NGX587GN","journalArticle","2023","Yinan LiYouming QiaoAvi WigdersonYuval WigdersonChuanqi Zhang","Connections between graphs and matrix spaces","Israel Journal of Mathematics","","","10.1007/s11856-023-2515-7","https://link.springer.com/article/10.1007/s11856-023-2515-7","","2023","2026-07-02 19:59:12","2026-07-10 01:02:56","","","","","","","Israel Journal of Mathematics","","","","","","","","","","","","","","","","","","","","","","","","","","","","","","","","","","","","","","","","","","","","","","","","","","","","","","","","","","","","","","","","","",""
"T6U4SDXT","journalArticle","2025","Longshan XuEdwin Hsing-Mean ShaYuhong SongQingfeng Zhuge","QMin: Quantum Circuit Minimization via Gate Fusions for Efficient State Vector Simulation","Quantum Information Processing","","","10.1007/s11128-025-05028-6","https://link.springer.com/article/10.1007/s11128-025-05028-6","","2025","2026-07-02 19:59:12","2026-07-10 00:59:20","","","","","","","Quantum Information Processing","","","","","","","","","","","","","","","","","","","","","","","","","","","","","","","","","","","","","","","","","","","","","","","","","","","","","","","","","","","","","","","","","",""
"7JHE8WUW","journalArticle","2021","Wen-Jun ShiQin-Xiang CaoYu-Xin DengHan-Ru JiangYuan Feng","Symbolic Reasoning About Quantum Circuits in Coq","Journal of Computer Science and Technology","","","10.1007/s11390-021-1637-9","https://link.springer.com/article/10.1007/s11390-021-1637-9","","2021","2026-07-02 19:59:12","2026-07-10 01:02:46","","","","","","","Journal of Computer Science and Technology","","","","","","","","","","","","","","","","","","","","","","","","","","","","","","","","","","","","","","","","","","","","","","","","","","","","","","","","","","","","","","","","","",""
"S3VCVFM7","bookSection","2024","Samarjit RoyDebadrita PandaByung-Gyu KimPalash BairagiTamal MondalSirshendu AroshSuprabhat SinhaDebashis DeYingwei WangKarolj SkalaDavor Davidovic","DewMetrics: Demystification of the Dew Computing in Sustainable Internet of Things","Dew Computing","","","10.1007/978-981-99-4590-0_1","https://link.springer.com/chapter/10.1007/978-981-99-4590-0_1","","2024","2026-07-02 19:59:12","2026-07-10 01:01:43","","","","","","","","","","","","","","","","","","","","","","","","","","","","","","","","","","","","","","","","","","","","","","","","","","","","","","","","","","","","","","","","","","","","","","","","",""
"M5CFKW8E","conferencePaper","2023","Mark Zhandry","Tracing Quantum State Distinguishers via Backtracking","","","","10.1007/978-3-031-38554-4_1","https://link.springer.com/chapter/10.1007/978-3-031-38554-4_1","","2023","2026-07-02 19:59:12","2026-07-10 01:00:34","","","","","","","","","","","","","","","","","","","","","","","","","","","","","","","","","","","","","","","","","","","","","","","","","","","","","","","","","","Advances in Cryptology – CRYPTO 2023","","","","","","","","","","","","","","",""
"MDA7DSIY","bookSection","2023","Kutub ThakurAl-Sakib Khan PathanSadia Ismat","Quantum Computing","Emerging ICT Technologies and Cybersecurity","","","10.1007/978-3-031-27765-8_8","https://link.springer.com/chapter/10.1007/978-3-031-27765-8_8","","2023","2026-07-02 19:59:12","2026-07-10 00:59:13","","","","","","","","","","","","","","","","","","","","","","","","","","","","","","","","","","","","","","","","","","","","","","","","","","","","","","","","","","","","","","","","","","","","","","","","",""
"QUQHQ4UQ","journalArticle","2026","Maria MannoneNorbert Marwan","Quantum-inspired density-matrix recurrence analysis of brain time series","The European Physical Journal Special Topics","","","10.1140/epjs/s11734-026-02340-9","https://link.springer.com/article/10.1140/epjs/s11734-026-02340-9","","2026","2026-07-02 19:59:12","2026-07-10 01:00:32","","","","","","","The European Physical Journal Special Topics","","","","","","","","","","","","","","","","","","","","","","","","","","","","","","","","","","","","","","","","","","","","","","","","","","","","","","","","","","","","","","","","","",""
"XE2XV7WL","bookSection","2026","Alexey PyrkovAlex AliperDmitry BezrukovAlex Zhavoronkov","Drug Discovery with Quantum Machine Learning","Applied Artificial Intelligence for Drug Discovery","","","10.1007/978-3-031-98022-0_10","https://link.springer.com/chapter/10.1007/978-3-031-98022-0_10","","2026","2026-07-02 19:59:12","2026-07-10 00:57:14","","","","","","","","","","","","","","","","","","","","","","","","","","","","","","","","","","","","","","","","","","","","","","","","","","","","","","","","","","","","","","","","","","","","","","","","",""
"IYCCUEBW","conferencePaper","2022","Lewis Westfall","A Quantum Architecture Based Decoherence Model","","","","10.1007/978-3-030-98012-2_33","https://link.springer.com/chapter/10.1007/978-3-030-98012-2_33","","2022","2026-07-02 19:59:12","2026-07-10 00:59:17","","","","","","","","","","","","","","","","","","","","","","","","","","","","","","","","","","","","","","","","","","","","","","","","","","","","","","","","","","Advances in Information and Communication","","","","","","","","","","","","","","",""
"VCYRNP2Y","journalArticle","2024","Wei-Ting KaoChien-Ying HuangTung-Ju TsaiShih-Hsuan ChenSheng-Yan SunYu-Cheng LiTeh-Lu LiaoChih-Sung ChuuHe LuChe-Ming Li","Scalable determination of multipartite entanglement in quantum networks","npj Quantum Information","","","10.1038/s41534-024-00867-0","https://link.springer.com/article/10.1038/s41534-024-00867-0","","2024","2026-07-02 19:59:12","2026-07-10 01:02:46","","","","","","","npj Quantum Information","","","","","","","","","","","","","","","","","","","","","","","","","","","","","","","","","","","","","","","","","","","","","","","","","","","","","","","","","","","","","","","","","",""
"UI54IVCQ","journalArticle","2023","Guus AvisFrancisco Ferreira da SilvaTim CoopmansAxel DahlbergHana JirovskáDavid MaierJulian RabbieAriana Torres-KnoopStephanie Wehner","Requirements for a processing-node quantum repeater on a real-world fiber grid","npj Quantum Information","","","10.1038/s41534-023-00765-x","https://link.springer.com/article/10.1038/s41534-023-00765-x","","2023","2026-07-02 19:59:12","2026-07-10 00:58:22","","","","","","","npj Quantum Information","","","","","","","","","","","","","","","","","","","","","","","","","","","","","","","","","","","","","","","","","","","","","","","","","","","","","","","","","","","","","","","","","",""
"B463QQNF","bookSection","2022","Alexandr Alexandrovich KuznetsovOleksandr Volodymyrovych PotiiNikolay Alexandrovich PoluyanenkoYurii Ivanovich GorbenkoNatalia Kryvinska","Stream Symmetric Cipher “Strumok”","Stream Ciphers in Modern Real-time IT Systems","","","10.1007/978-3-030-79770-6_16","https://link.springer.com/chapter/10.1007/978-3-030-79770-6_16","","2022","2026-07-02 19:59:12","2026-07-10 00:57:14","","","","","","","","","","","","","","","","","","","","","","","","","","","","","","","","","","","","","","","","","","","","","","","","","","","","","","","","","","","","","","","","","","","","","","","","",""
"76GEXMQH","journalArticle","2022","Wei HuYang YangWeiye XiaJiawei PiEnyi HuangXin-Ding ZhangHua Xu","Performance of superconducting quantum computing chips under different architecture designs","Quantum Information Processing","","","10.1007/s11128-022-03571-0","https://link.springer.com/article/10.1007/s11128-022-03571-0","","2022","2026-07-02 19:59:12","2026-07-10 01:02:46","","","","","","","Quantum Information Processing","","","","","","","","","","","","","","","","","","","","","","","","","","","","","","","","","","","","","","","","","","","","","","","","","","","","","","","","","","","","","","","","","",""
"38NPX8R3","conferencePaper","2021","Anne BroadbentStacey JefferySébastien LordSupartha PodderAarthi Sundaram","Secure Software Leasing Without Assumptions","","","","10.1007/978-3-030-90459-3_4","https://link.springer.com/chapter/10.1007/978-3-030-90459-3_4","","2021","2026-07-02 19:59:12","2026-07-10 00:57:19","","","","","","","","","","","","","","","","","","","","","","","","","","","","","","","","","","","","","","","","","","","","","","","","","","","","","","","","","","Theory of Cryptography","","","","","","","","","","","","","","",""
"JIL4ZZ6F","journalArticle","2025","Mogens DalgaardAntoine BoulangerAlexander PapenRune T. HansenThomas FiigJanus Wesenberg","Application of quantum computing in choice-based network revenue management","Journal of Revenue and Pricing Management","","","10.1057/s41272-025-00527-8","https://link.springer.com/article/10.1057/s41272-025-00527-8","","2025","2026-07-02 19:59:12","2026-07-10 01:00:42","","","","","","","Journal of Revenue and Pricing Management","","","","","","","","","","","","","","","","","","","","","","","","","","","","","","","","","","","","","","","","","","","","","","","","","","","","","","","","","","","","","","","","","",""
"6YW7QHMH","journalArticle","2023","Sandeep Kumar SoodMonika Agrewal","Quantum Machine Learning for Computational Methods in Engineering: A Systematic Review","Archives of Computational Methods in Engineering","","","10.1007/s11831-023-10027-w","https://link.springer.com/article/10.1007/s11831-023-10027-w","","2023","2026-07-02 19:59:12","2026-07-10 01:01:43","","","","","","","Archives of Computational Methods in Engineering","","","","","","","","","","","","","","","","","","","","","","","","","","","","","","","","","","","","","","","","","","","","","","","","","","","","","","","","","","","","","","","","","",""
"I3DJUFBK","journalArticle","2026","Paolo FranceschiniAndrea TognazziEvgenii MenshikovLeonid Y. BeliaevRadu MalureanuOsamu TakayamaIvano AlessandriAlfonso Carmelo CinoDomenico de CegliaAndrei V. LavrinenkoCostantino De Angelis","Intrapulse multimodal four-wave sum mixing in the visible range from high contrast index grating with PMMA layer","Light: Science & Applications","","","10.1038/s41377-025-02090-8","https://link.springer.com/article/10.1038/s41377-025-02090-8","","2026","2026-07-02 19:59:12","2026-07-10 01:01:04","","","","","","","Light: Science & Applications","","","","","","","","","","","","","","","","","","","","","","","","","","","","","","","","","","","","","","","","","","","","","","","","","","","","","","","","","","","","","","","","","",""
"G4FC49SY","journalArticle","2024","Shinichiro AkiyamaYoshinobu Kuramashi","Tensor renormalization group study of (1 + 1)-dimensional U(1) gauge-Higgs model at θ = π with Lüscher’s admissibility condition","Journal of High Energy Physics","","","10.1007/JHEP09(2024)086","https://link.springer.com/article/10.1007/JHEP09(2024)086","","2024","2026-07-02 19:59:12","2026-07-10 01:01:52","","","","","","","Journal of High Energy Physics","","","","","","","","","","","","","","","","","","","","","","","","","","","","","","","","","","","","","","","","","","","","","","","","","","","","","","","","","","","","","","","","","",""
"ZPJBN8UP","bookSection","2022","Bob CoeckeGiovanni de FeliceKonstantinos MeichanetzidisAlexis Toumi","How to Make Qubits Speak","Quantum Computing in the Arts and Humanities","","","10.1007/978-3-030-95538-0_8","https://link.springer.com/chapter/10.1007/978-3-030-95538-0_8","","2022","2026-07-02 19:59:12","2026-07-10 00:57:25","","","","","","","","","","","","","","","","","","","","","","","","","","","","","","","","","","","","","","","","","","","","","","","","","","","","","","","","","","","","","","","","","","","","","","","","",""
"5QPC5F46","bookSection","2022","Rajalakshmi KrishnamurthiArpita Jadhav BhattNeetu Sardana","A Comprehensive Overview of Quantum Internet: Architecture, Protocol and Challenges","Quantum and Blockchain for Modern Computing Systems: Vision and Advancements","","","10.1007/978-3-031-04613-1_8","https://link.springer.com/chapter/10.1007/978-3-031-04613-1_8","","2022","2026-07-02 19:59:12","2026-07-10 01:01:22","","","","","","","","","","","","","","","","","","","","","","","","","","","","","","","","","","","","","","","","","","","","","","","","","","","","","","","","","","","","","","","","","","","","","","","","",""
"7XY5H5I5","journalArticle","2025","Diego AbreuArthur PimentelDavid MouraChristian RothenbergAntônio Abelém","A two-stage Q-learning routing approach for quantum entanglement networks","Annals of Telecommunications","","","10.1007/s12243-025-01090-4","https://link.springer.com/article/10.1007/s12243-025-01090-4","","2025","2026-07-02 19:59:12","2026-07-10 00:57:44","","","","","","","Annals of Telecommunications","","","","","","","","","","","","","","","","","","","","","","","","","","","","","","","","","","","","","","","","","","","","","","","","","","","","","","","","","","","","","","","","","",""
"X3PJCHEP","conferencePaper","2021","Marie SalmJohanna BarzenFrank LeymannBenjamin WederKaroline Wild","Automating the Comparison of Quantum Compilers for Quantum Circuits","","","","10.1007/978-3-030-87568-8_4","https://link.springer.com/chapter/10.1007/978-3-030-87568-8_4","","2021","2026-07-02 19:59:12","2026-07-10 01:00:33","","","","","","","","","","","","","","","","","","","","","","","","","","","","","","","","","","","","","","","","","","","","","","","","","","","","","","","","","","Service-Oriented Computing","","","","","","","","","","","","","","",""
"FTR8C9HL","journalArticle","2024","Abhishek SadhuAritra SarkarAkash Kundu","A quantum information theoretic analysis of reinforcement learning-assisted quantum architecture search","Quantum Machine Intelligence","","","10.1007/s42484-024-00181-0","https://link.springer.com/article/10.1007/s42484-024-00181-0","","2024","2026-07-02 19:59:12","2026-07-10 00:57:06","","","","","","","Quantum Machine Intelligence","","","","","","","","","","","","","","","","","","","","","","","","","","","","","","","","","","","","","","","","","","","","","","","","","","","","","","","","","","","","","","","","","",""
"GCFDJR3Z","bookSection","2024","Fengzhou FangXichun LuoGaoliang DaiYasuhiro TakayaWei GaoKornel Ehmann","Atomic and Close-to-Atomic Scale Manufacturing: The Fundamental Technology of Manufacturing III","CIRP Novel Topics in Production Engineering: Volume 1","","","10.1007/978-3-031-54034-9_9","https://link.springer.com/chapter/10.1007/978-3-031-54034-9_9","","2024","2026-07-02 19:59:12","2026-07-10 00:58:11","","","","","","","","","","","","","","","","","","","","","","","","","","","","","","","","","","","","","","","","","","","","","","","","","","","","","","","","","","","","","","","","","","","","","","","","",""
"YA86WI6P","bookSection","2021","","Development of Network Information Technology","China Internet Development Report 2019","","","10.1007/978-981-33-6930-6_2","https://link.springer.com/chapter/10.1007/978-981-33-6930-6_2","","2021","2026-07-02 19:59:12","2026-07-10 01:03:04","","","","","","","","","","","","","","","","","","","","","","","","","","","","","","","","","","","","","","","","","","","","","","","","","","","","","","","","","","","","","","","","","","","","","","","","",""
"DPR7NT3T","journalArticle","2021","Henri de BoutrayHamza JaffaliFrédéric HolweckAlain GiorgettiPierre-Alain Masson","Mermin polynomials for non-locality and entanglement detection in Grover’s algorithm and Quantum Fourier Transform","Quantum Information Processing","","","10.1007/s11128-020-02976-z","https://link.springer.com/article/10.1007/s11128-020-02976-z","","2021","2026-07-02 19:59:12","2026-07-10 00:58:29","","","","","","","Quantum Information Processing","","","","","","","","","","","","","","","","","","","","","","","","","","","","","","","","","","","","","","","","","","","","","","","","","","","","","","","","","","","","","","","","","",""
"UUE6VUMA","journalArticle","2023","Sourav MondalAlessandro Lunghi","Spin-phonon decoherence in solid-state paramagnetic defects from first principles","npj Computational Materials","","","10.1038/s41524-023-01082-9","https://link.springer.com/article/10.1038/s41524-023-01082-9","","2023","2026-07-02 19:59:12","2026-07-10 01:01:56","","","","","","","npj Computational Materials","","","","","","","","","","","","","","","","","","","","","","","","","","","","","","","","","","","","","","","","","","","","","","","","","","","","","","","","","","","","","","","","","",""
"QUQPCJPU","bookSection","2022","Filip Wojcieszyn","Algorithms","Introduction to Quantum Computing with Q# and QDK","","","10.1007/978-3-030-99379-5_7","https://link.springer.com/chapter/10.1007/978-3-030-99379-5_7","","2022","2026-07-02 19:59:12","2026-07-10 00:58:11","","","","","","","","","","","","","","","","","","","","","","","","","","","","","","","","","","","","","","","","","","","","","","","","","","","","","","","","","","","","","","","","","","","","","","","","",""
"HC87YP3D","conferencePaper","2022","Prabhanjan AnanthFatih KaleogluXingjian LiQipeng LiuMark Zhandry","On the Feasibility of Unclonable Encryption, and More","","","","10.1007/978-3-031-15979-4_8","https://link.springer.com/chapter/10.1007/978-3-031-15979-4_8","","2022","2026-07-02 19:59:12","2026-07-10 01:01:09","","","","","","","","","","","","","","","","","","","","","","","","","","","","","","","","","","","","","","","","","","","","","","","","","","","","","","","","","","Advances in Cryptology – CRYPTO 2022","","","","","","","","","","","","","","",""
"ZJEQBMXW","journalArticle","2024","Wenliang TangYifan Gao","Application solutions of highway freight information systems based on quantum communication","Scientific Reports","","","10.1038/s41598-024-52987-4","https://link.springer.com/article/10.1038/s41598-024-52987-4","","2024","2026-07-02 19:59:12","2026-07-10 01:03:15","","","","","","","Scientific Reports","","","","","","","","","","","","","","","","","","","","","","","","","","","","","","","","","","","","","","","","","","","","","","","","","","","","","","","","","","","","","","","","","",""
"TLIM79MV","journalArticle","2025","Mohammad Mahdi SayyadnejadAli AsgariAshkan SamiHooman Tahayori","Exploring the black box: analysing explainable AI challenges and best practices through stack exchange discussions","Empirical Software Engineering","","","10.1007/s10664-025-10710-5","https://link.springer.com/article/10.1007/s10664-025-10710-5","","2025","2026-07-02 19:59:12","2026-07-10 01:00:42","","","","","","","Empirical Software Engineering","","","","","","","","","","","","","","","","","","","","","","","","","","","","","","","","","","","","","","","","","","","","","","","","","","","","","","","","","","","","","","","","","",""
"5F9Y9PUL","journalArticle","2024","Giuseppe BuonaiutoFrancesco GargiuloGiuseppe De PietroMassimo EspositoMarco Pota","The effects of quantum hardware properties on the performances of variational quantum learning algorithms","Quantum Machine Intelligence","","","10.1007/s42484-024-00144-5","https://link.springer.com/article/10.1007/s42484-024-00144-5","","2024","2026-07-02 19:59:12","2026-07-10 00:58:21","","","","","","","Quantum Machine Intelligence","","","","","","","","","","","","","","","","","","","","","","","","","","","","","","","","","","","","","","","","","","","","","","","","","","","","","","","","","","","","","","","","","",""
"GGETJ7XA","bookSection","2023","Aakash R. ShindeShailesh P. Bendale","Evolution of Quantum Machine Learning and an Attempt of Its Application for SDN Intrusion Detection","Quantum Computing: A Shift from Bits to Qubits","","","10.1007/978-981-19-9530-9_22","https://link.springer.com/chapter/10.1007/978-981-19-9530-9_22","","2023","2026-07-02 19:59:12","2026-07-10 00:57:05","","","","","","","","","","","","","","","","","","","","","","","","","","","","","","","","","","","","","","","","","","","","","","","","","","","","","","","","","","","","","","","","","","","","","","","","",""
"6753BQTQ","journalArticle","2024","Franziska GreinertMalte S. UbbenIsmet N. DoganDagmar Hilfert-RüppellRainer Müller","Advancing quantum technology workforce: industry insights into qualification and training needs","EPJ Quantum Technology","","","10.1140/epjqt/s40507-024-00294-2","https://link.springer.com/article/10.1140/epjqt/s40507-024-00294-2","","2024","2026-07-02 19:59:12","2026-07-10 00:58:13","","","","","","","EPJ Quantum Technology","","","","","","","","","","","","","","","","","","","","","","","","","","","","","","","","","","","","","","","","","","","","","","","","","","","","","","","","","","","","","","","","","",""
"ZE3E8CP2","journalArticle","2024","Riddhi S. GuptaNeereja SundaresanThomas AlexanderChristopher J. WoodSeth T. MerkelMichael B. HealyMarius HillenbrandTomas Jochym-O’ConnorJames R. WoottonTheodore J. YoderAndrew W. CrossMaika TakitaBenjamin J. Brown","Encoding a magic state with beyond break-even fidelity","Nature","","","10.1038/s41586-023-06846-3","https://link.springer.com/article/10.1038/s41586-023-06846-3","","2024","2026-07-02 19:59:12","2026-07-10 01:01:25","","","","","","","Nature","","","","","","","","","","","","","","","","","","","","","","","","","","","","","","","","","","","","","","","","","","","","","","","","","","","","","","","","","","","","","","","","","",""
"G5YUPQF4","conferencePaper","2022","Teresa GuardaWashington TorresMaria Fernanda Augusto","The Impact of Quantum Computing on Businesses","","","","10.1007/978-3-031-10542-5_1","https://link.springer.com/chapter/10.1007/978-3-031-10542-5_1","","2022","2026-07-02 19:59:12","2026-07-10 01:02:24","","","","","","","","","","","","","","","","","","","","","","","","","","","","","","","","","","","","","","","","","","","","","","","","","","","","","","","","","","Computational Science and Its Applications – ICCSA 2022 Workshops","","","","","","","","","","","","","","",""
"HSZF3GS3","journalArticle","2022","Jánošíková RadoslavaAdamčíkova Katarína","Development and changes in pathogens population causing Dothistroma needle blight in Pinus nigra plantation in Strážovské vrchy Mts","Biologia","","","10.1007/s11756-022-01135-2","https://link.springer.com/article/10.1007/s11756-022-01135-2","","2022","2026-07-02 19:59:12","2026-07-10 00:58:48","","","","","","","Biologia","","","","","","","","","","","","","","","","","","","","","","","","","","","","","","","","","","","","","","","","","","","","","","","","","","","","","","","","","","","","","","","","","",""
"NVHATZNX","journalArticle","2024","Sandeep Kumar SoodManmohan SinghMunish Bhatia","Extraction of emerging trends in quantum algorithm archives","Neural Computing and Applications","","","10.1007/s00521-024-10198-y","https://link.springer.com/article/10.1007/s00521-024-10198-y","","2024","2026-07-02 19:59:12","2026-07-10 01:01:43","","","","","","","Neural Computing and Applications","","","","","","","","","","","","","","","","","","","","","","","","","","","","","","","","","","","","","","","","","","","","","","","","","","","","","","","","","","","","","","","","","",""
"I6MAYJZA","journalArticle","2021","Michal Krelina","Quantum technology for military applications","EPJ Quantum Technology","","","10.1140/epjqt/s40507-021-00113-y","https://link.springer.com/article/10.1140/epjqt/s40507-021-00113-y","","2021","2026-07-02 19:59:12","2026-07-10 01:00:40","","","","","","","EPJ Quantum Technology","","","","","","","","","","","","","","","","","","","","","","","","","","","","","","","","","","","","","","","","","","","","","","","","","","","","","","","","","","","","","","","","","",""
"R8JKWKBJ","journalArticle","2023","William M. WatkinsSamuel Yen-Chi ChenShinjae Yoo","Quantum machine learning with differential privacy","Scientific Reports","","","10.1038/s41598-022-24082-z","https://link.springer.com/article/10.1038/s41598-022-24082-z","","2023","2026-07-02 19:59:12","2026-07-10 01:03:16","","","","","","","Scientific Reports","","","","","","","","","","","","","","","","","","","","","","","","","","","","","","","","","","","","","","","","","","","","","","","","","","","","","","","","","","","","","","","","","",""
"D2C9HLY8","conferencePaper","2021","Heinz W. Schmidt","How to Bake Quantum into Your Pet Petri Nets and Have Your Net Theory Too","","","","10.1007/978-3-030-87568-8_1","https://link.springer.com/chapter/10.1007/978-3-030-87568-8_1","","2021","2026-07-02 19:59:12","2026-07-10 00:58:29","","","","","","","","","","","","","","","","","","","","","","","","","","","","","","","","","","","","","","","","","","","","","","","","","","","","","","","","","","Service-Oriented Computing","","","","","","","","","","","","","","",""
"494QWSMW","conferencePaper","2022","Ilya PiatrenkaMarian Rusek","Quantum Variational Multi-class Classifier for the Iris Data Set","","","","10.1007/978-3-031-08760-8_21","https://link.springer.com/chapter/10.1007/978-3-031-08760-8_21","","2022","2026-07-02 19:59:12","2026-07-10 00:58:33","","","","","","","","","","","","","","","","","","","","","","","","","","","","","","","","","","","","","","","","","","","","","","","","","","","","","","","","","","Computational Science – ICCS 2022","","","","","","","","","","","","","","",""
"48EYZBYC","journalArticle","2023","Gines CarrascalGuillermo BotellaAlberto del BarrioDavid Kremer","A Bayesian-network-based quantum procedure for failure risk analysis","EPJ Quantum Technology","","","10.1140/epjqt/s40507-023-00171-4","https://link.springer.com/article/10.1140/epjqt/s40507-023-00171-4","","2023","2026-07-02 19:59:12","2026-07-10 00:58:20","","","","","","","EPJ Quantum Technology","","","","","","","","","","","","","","","","","","","","","","","","","","","","","","","","","","","","","","","","","","","","","","","","","","","","","","","","","","","","","","","","","",""
"WSVVABFU","journalArticle","2024","Sarallah KeshavarzMohammad Reza ReshadinezhadShekoofeh Moghimi","T-count and T-depth efficient fault-tolerant quantum arithmetic and logic unit","Quantum Information Processing","","","10.1007/s11128-024-04456-0","https://link.springer.com/article/10.1007/s11128-024-04456-0","","2024","2026-07-02 19:59:12","2026-07-10 01:01:47","","","","","","","Quantum Information Processing","","","","","","","","","","","","","","","","","","","","","","","","","","","","","","","","","","","","","","","","","","","","","","","","","","","","","","","","","","","","","","","","","",""
"2DRXDDHA","journalArticle","2022","Zheng ShanYu ZhuBo Zhao","A high-performance compilation strategy for multiplexing quantum control architecture","Scientific Reports","","","10.1038/s41598-022-11154-3","https://link.springer.com/article/10.1038/s41598-022-11154-3","","2022","2026-07-02 19:59:12","2026-07-10 01:03:02","","","","","","","Scientific Reports","","","","","","","","","","","","","","","","","","","","","","","","","","","","","","","","","","","","","","","","","","","","","","","","","","","","","","","","","","","","","","","","","",""
"TPGPSUPQ","journalArticle","2022","Akshay AjagekarFengqi You","New frontiers of quantum computing in chemical engineering","Korean Journal of Chemical Engineering","","","10.1007/s11814-021-1027-6","https://link.springer.com/article/10.1007/s11814-021-1027-6","","2022","2026-07-02 19:59:12","2026-07-10 00:57:11","","","","","","","Korean Journal of Chemical Engineering","","","","","","","","","","","","","","","","","","","","","","","","","","","","","","","","","","","","","","","","","","","","","","","","","","","","","","","","","","","","","","","","","",""
"GKR77NMY","bookSection","2021","Santanu Ganguly","Quantum Information Science","Quantum Machine Learning: An Applied Approach","","","10.1007/978-1-4842-7098-1_4","https://link.springer.com/chapter/10.1007/978-1-4842-7098-1_4","","2021","2026-07-02 19:59:12","2026-07-10 01:01:47","","","","","","","","","","","","","","","","","","","","","","","","","","","","","","","","","","","","","","","","","","","","","","","","","","","","","","","","","","","","","","","","","","","","","","","","",""
"SIEUHQ56","journalArticle","2021","Murray Thom","Solving problems with quantum annealing","Digitale Welt","","","10.1007/s42354-021-0341-9","https://link.springer.com/article/10.1007/s42354-021-0341-9","","2021","2026-07-02 19:59:12","2026-07-10 01:00:48","","","","","","","Digitale Welt","","","","","","","","","","","","","","","","","","","","","","","","","","","","","","","","","","","","","","","","","","","","","","","","","","","","","","","","","","","","","","","","","",""
"5R2CTRBE","conferencePaper","2021","Harshil Singh BhatiaFrank Phillipson","Performance Analysis of Support Vector Machine Implementations on the D-Wave Quantum Annealer","","","","10.1007/978-3-030-77980-1_7","https://link.springer.com/chapter/10.1007/978-3-030-77980-1_7","","2021","2026-07-02 19:59:12","2026-07-10 00:58:27","","","","","","","","","","","","","","","","","","","","","","","","","","","","","","","","","","","","","","","","","","","","","","","","","","","","","","","","","","Computational Science – ICCS 2021","","","","","","","","","","","","","","",""
"3MHXWR7Q","journalArticle","2023","Karen WinterspergerFlorian DommertThomas EhmerAndrey HoursanovJohannes KlepschWolfgang MauererGeorg ReuberThomas StrohmMing YinSebastian Luber","Neutral atom quantum computing hardware: performance and end-user perspective","EPJ Quantum Technology","","","10.1140/epjqt/s40507-023-00190-1","https://link.springer.com/article/10.1140/epjqt/s40507-023-00190-1","","2023","2026-07-02 19:59:12","2026-07-10 00:59:07","","","","","","","EPJ Quantum Technology","","","","","","","","","","","","","","","","","","","","","","","","","","","","","","","","","","","","","","","","","","","","","","","","","","","","","","","","","","","","","","","","","",""
"AX3IXKWI","journalArticle","2022","Enrique BallinasOscar Montiel","Hybrid quantum genetic algorithm with adaptive rotation angle for the 0-1 Knapsack problem in the IBM Qiskit simulator","Soft Computing","","","10.1007/s00500-022-07460-7","https://link.springer.com/article/10.1007/s00500-022-07460-7","","2022","2026-07-02 19:59:12","2026-07-10 00:57:57","","","","","","","Soft Computing","","","","","","","","","","","","","","","","","","","","","","","","","","","","","","","","","","","","","","","","","","","","","","","","","","","","","","","","","","","","","","","","","",""
"UP5BKRGZ","bookSection","2024","Shengjie PengPeng Li","Applications of Nanomaterials and Nanotechnology in Electronic Information","Nanomaterials and Nanotechnology","","","10.1007/978-981-97-8433-2_9","https://link.springer.com/chapter/10.1007/978-981-97-8433-2_9","","2024","2026-07-02 19:59:12","2026-07-10 01:01:51","","","","","","","","","","","","","","","","","","","","","","","","","","","","","","","","","","","","","","","","","","","","","","","","","","","","","","","","","","","","","","","","","","","","","","","","",""
"45KZTMIN","conferencePaper","2021","Indika KumaraWillem-Jan Van Den HeuvelDamian A. Tamburri","QSOC: Quantum Service-Oriented Computing","","","","10.1007/978-3-030-87568-8_3","https://link.springer.com/chapter/10.1007/978-3-030-87568-8_3","","2021","2026-07-02 19:59:12","2026-07-10 00:58:34","","","","","","","","","","","","","","","","","","","","","","","","","","","","","","","","","","","","","","","","","","","","","","","","","","","","","","","","","","Service-Oriented Computing","","","","","","","","","","","","","","",""
"CSTIJI83","conferencePaper","2022","Muneer AlshowkanNageswara S. V. RaoJoseph C. ChapmanBrian P. WilliamsPhilip G. EvansRaphael C. PooserJoseph M. LukensNicholas A. Peters","Lessons Learned on the Interface Between Quantum and Conventional Networking","","","","10.1007/978-3-030-96498-6_15","https://link.springer.com/chapter/10.1007/978-3-030-96498-6_15","","2022","2026-07-02 19:59:12","2026-07-10 01:00:48","","","","","","","","","","","","","","","","","","","","","","","","","","","","","","","","","","","","","","","","","","","","","","","","","","","","","","","","","","Driving Scientific and Engineering Discoveries Through the Integration of Experiment, Big Data, and Modeling and Simulation","","","","","","","","","","","","","","",""
"6UDYHE2P","conferencePaper","2023","Fuyuki KitagawaRyo Nishimaki","One-Out-of-Many Unclonable Cryptography: Definitions, Constructions, and More","","","","10.1007/978-3-031-48624-1_10","https://link.springer.com/chapter/10.1007/978-3-031-48624-1_10","","2023","2026-07-02 19:59:12","2026-07-10 00:58:14","","","","","","","","","","","","","","","","","","","","","","","","","","","","","","","","","","","","","","","","","","","","","","","","","","","","","","","","","","Theory of Cryptography","","","","","","","","","","","","","","",""
"36KE7XZM","conferencePaper","2022","Gilberto J. Díaz TCarlos J. Barrios H.Luiz A. SteffenelJean F. Couturier","Nearly Quantum Computing by Simulation","","","","10.1007/978-3-031-23821-5_15","https://link.springer.com/chapter/10.1007/978-3-031-23821-5_15","","2022","2026-07-02 19:59:12","2026-07-10 00:58:20","","","","","","","","","","","","","","","","","","","","","","","","","","","","","","","","","","","","","","","","","","","","","","","","","","","","","","","","","","High Performance Computing","","","","","","","","","","","","","","",""
"LCYIKVVV","journalArticle","2023","Wenyao LiuHong Ding","Roadmap of the iron-based superconductor Majorana platform","Science China Physics, Mechanics & Astronomy","","","10.1007/s11433-022-2063-7","https://link.springer.com/article/10.1007/s11433-022-2063-7","","2023","2026-07-02 19:59:12","2026-07-10 01:03:16","","","","","","","Science China Physics, Mechanics & Astronomy","","","","","","","","","","","","","","","","","","","","","","","","","","","","","","","","","","","","","","","","","","","","","","","","","","","","","","","","","","","","","","","","","",""
"QIKTAAQU","journalArticle","2023","Lirandë PiraChris Ferrie","An invitation to distributed quantum neural networks","Quantum Machine Intelligence","","","10.1007/s42484-023-00114-3","https://link.springer.com/article/10.1007/s42484-023-00114-3","","2023","2026-07-02 19:59:12","2026-07-10 00:59:19","","","","","","","Quantum Machine Intelligence","","","","","","","","","","","","","","","","","","","","","","","","","","","","","","","","","","","","","","","","","","","","","","","","","","","","","","","","","","","","","","","","","",""
"W3ETLE64","journalArticle","2024","Fei YanAbdullah M. IliyasuNianqiao LiAhmed S. SalamaKaoru Hirota","Quantum robotics: a review of emerging trends","Quantum Machine Intelligence","","","10.1007/s42484-024-00225-5","https://link.springer.com/article/10.1007/s42484-024-00225-5","","2024","2026-07-02 19:59:12","2026-07-10 00:58:10","","","","","","","Quantum Machine Intelligence","","","","","","","","","","","","","","","","","","","","","","","","","","","","","","","","","","","","","","","","","","","","","","","","","","","","","","","","","","","","","","","","","",""
"Z6YF4SRV","conferencePaper","2022","Karen WinterspergerHila SafiWolfgang Mauerer","QPU-System Co-design for Quantum HPC Accelerators","","","","10.1007/978-3-031-21867-5_7","https://link.springer.com/chapter/10.1007/978-3-031-21867-5_7","","2022","2026-07-02 19:59:12","2026-07-10 00:59:08","","","","","","","","","","","","","","","","","","","","","","","","","","","","","","","","","","","","","","","","","","","","","","","","","","","","","","","","","","Architecture of Computing Systems","","","","","","","","","","","","","","",""
"ZH4DBPIY","journalArticle","2023","Troy LeeAdi Shraibman","Around the log-rank conjecture","Israel Journal of Mathematics","","","10.1007/s11856-023-2517-5","https://link.springer.com/article/10.1007/s11856-023-2517-5","","2023","2026-07-02 19:59:12","2026-07-10 01:02:28","","","","","","","Israel Journal of Mathematics","","","","","","","","","","","","","","","","","","","","","","","","","","","","","","","","","","","","","","","","","","","","","","","","","","","","","","","","","","","","","","","","","",""
"WR2P6V2U","bookSection","2022","Eduardo Reck MirandaRichie YeungAnna PearsonKonstantinos MeichanetzidisBob Coecke","A Quantum Natural Language Processing Approach to Musical Intelligence","Quantum Computer Music","","","10.1007/978-3-031-13909-3_13","https://link.springer.com/chapter/10.1007/978-3-031-13909-3_13","","2022","2026-07-02 19:59:12","2026-07-10 00:57:47","","","","","","","","","","","","","","","","","","","","","","","","","","","","","","","","","","","","","","","","","","","","","","","","","","","","","","","","","","","","","","","","","","","","","","","","",""
"DPL2UXK9","conferencePaper","2021","Frank PhillipsonRobert S. WezemanIrina Chiscop","Three Quantum Machine Learning Approaches for Mobile User Indoor-Outdoor Detection","","","","10.1007/978-3-030-70866-5_11","https://link.springer.com/chapter/10.1007/978-3-030-70866-5_11","","2021","2026-07-02 19:59:12","2026-07-10 00:58:13","","","","","","","","","","","","","","","","","","","","","","","","","","","","","","","","","","","","","","","","","","","","","","","","","","","","","","","","","","Machine Learning for Networking","","","","","","","","","","","","","","",""
"NCN4APQR","journalArticle","2022","Jinjing ShiShuhui ChenTian ChenTongge ZhaoJiuqi TangQin LiChunlin YuHeyuan Shi","Image encryption with quantum cellular neural network","Quantum Information Processing","","","10.1007/s11128-022-03555-0","https://link.springer.com/article/10.1007/s11128-022-03555-0","","2022","2026-07-02 19:59:12","2026-07-10 00:58:57","","","","","","","Quantum Information Processing","","","","","","","","","","","","","","","","","","","","","","","","","","","","","","","","","","","","","","","","","","","","","","","","","","","","","","","","","","","","","","","","","",""
"Y7SBNLWP","journalArticle","2021","Junhua LiuKwan Hui LimKristin L. WoodWei HuangChu GuoHe-Liang Huang","Hybrid quantum-classical convolutional neural networks","Science China Physics, Mechanics & Astronomy","","","10.1007/s11433-021-1734-3","https://link.springer.com/article/10.1007/s11433-021-1734-3","","2021","2026-07-02 19:59:12","2026-07-10 00:59:02","","","","","","","Science China Physics, Mechanics & Astronomy","","","","","","","","","","","","","","","","","","","","","","","","","","","","","","","","","","","","","","","","","","","","","","","","","","","","","","","","","","","","","","","","","",""
"J458NMAE","journalArticle","2021","Alexander G. DonchevAndrew G. TaubeElizabeth DecolvenaereCory HargusRobert T. McGibbonKa-Hei LawBrent A. GregersenJe-Luen LiKim PalmoKarthik SivaMichael BergdorfJohn L. KlepeisDavid E. Shaw","Quantum chemical benchmark databases of gold-standard dimer interaction energies","Scientific Data","","","10.1038/s41597-021-00833-x","https://link.springer.com/article/10.1038/s41597-021-00833-x","","2021","2026-07-02 19:59:12","2026-07-10 00:57:13","","","","","","","Scientific Data","","","","","","","","","","","","","","","","","","","","","","","","","","","","","","","","","","","","","","","","","","","","","","","","","","","","","","","","","","","","","","","","","",""
"VCKXWEFL","bookSection","2022","Rainer Stark","The Big Picture—Information Technology in Enterprises","Virtual Product Creation in Industry","","","10.1007/978-3-662-64301-3_3","https://link.springer.com/chapter/10.1007/978-3-662-64301-3_3","","2022","2026-07-02 19:59:12","2026-07-10 01:01:22","","","","","","","","","","","","","","","","","","","","","","","","","","","","","","","","","","","","","","","","","","","","","","","","","","","","","","","","","","","","","","","","","","","","","","","","",""
"PWAGEAYP","bookSection","2022","Filip Wojcieszyn","Quantum Computing","Introduction to Quantum Computing with Q# and QDK","","","10.1007/978-3-030-99379-5_4","https://link.springer.com/chapter/10.1007/978-3-030-99379-5_4","","2022","2026-07-02 19:59:12","2026-07-10 00:58:12","","","","","","","","","","","","","","","","","","","","","","","","","","","","","","","","","","","","","","","","","","","","","","","","","","","","","","","","","","","","","","","","","","","","","","","","",""
"G4NCCXCN","bookSection","2023","","Overview","World Internet Development Report 2021","","","10.1007/978-981-19-9323-7_1","https://link.springer.com/chapter/10.1007/978-981-19-9323-7_1","","2023","2026-07-02 19:59:12","2026-07-10 01:03:05","","","","","","","","","","","","","","","","","","","","","","","","","","","","","","","","","","","","","","","","","","","","","","","","","","","","","","","","","","","","","","","","","","","","","","","","",""
"7HJNQNIZ","journalArticle","2021","Timothy ProctorKenneth RudingerKevin YoungErik NielsenRobin Blume-Kohout","Measuring the capabilities of quantum computers","Nature Physics","","","10.1038/s41567-021-01409-7","https://link.springer.com/article/10.1038/s41567-021-01409-7","","2021","2026-07-02 19:59:12","2026-07-10 01:02:26","","","","","","","Nature Physics","","","","","","","","","","","","","","","","","","","","","","","","","","","","","","","","","","","","","","","","","","","","","","","","","","","","","","","","","","","","","","","","","",""
"9FTQBJYZ","journalArticle","2021","Andre LuckowJohannes KlepschJosef Pichlmeier","Quantum Computing: Towards Industry Reference Problems","Digitale Welt","","","10.1007/s42354-021-0335-7","https://link.springer.com/article/10.1007/s42354-021-0335-7","","2021","2026-07-02 19:59:12","2026-07-10 00:57:16","","","","","","","Digitale Welt","","","","","","","","","","","","","","","","","","","","","","","","","","","","","","","","","","","","","","","","","","","","","","","","","","","","","","","","","","","","","","","","","",""
"UC298Y72","conferencePaper","2021","Prabhanjan AnanthRolando L. La Placa","Secure Software Leasing","","","","10.1007/978-3-030-77886-6_17","https://link.springer.com/chapter/10.1007/978-3-030-77886-6_17","","2021","2026-07-02 19:59:12","2026-07-10 01:01:10","","","","","","","","","","","","","","","","","","","","","","","","","","","","","","","","","","","","","","","","","","","","","","","","","","","","","","","","","","Advances in Cryptology – EUROCRYPT 2021","","","","","","","","","","","","","","",""
"AS5UXTK4","bookSection","2021","Ajey Lele","Quantum Internet","Quantum Technologies and Military Strategy","","","10.1007/978-3-030-72721-5_6","https://link.springer.com/chapter/10.1007/978-3-030-72721-5_6","","2021","2026-07-02 19:59:12","2026-07-10 00:57:09","","","","","","","","","","","","","","","","","","","","","","","","","","","","","","","","","","","","","","","","","","","","","","","","","","","","","","","","","","","","","","","","","","","","","","","","",""
"QEX75VK5","journalArticle","2021","Jonas SteinLothar BorrmannSebastian FeldThomas GaborChristoph RochLeo SünkelSebastian ZielinskiClaudia Linnhoff-Popien","Wie gelingt meinem Unternehmen der Einstieg ins Quantencomputing? Über das Ökosystem für die Quantencomputing-Anwenderkompetenz des QAR-Lab","Digitale Welt","","","10.1007/s42354-021-0331-y","https://link.springer.com/article/10.1007/s42354-021-0331-y","","2021","2026-07-02 19:59:12","2026-07-10 00:58:59","","","","","","","Digitale Welt","","","","","","","","","","","","","","","","","","","","","","","","","","","","","","","","","","","","","","","","","","","","","","","","","","","","","","","","","","","","","","","","","",""
"LB3PDCYB","journalArticle","2023","Apoorva D. Patel","The Quantum Density Matrix and Its Many Uses","Journal of the Indian Institute of Science","","","10.1007/s41745-023-00406-4","https://link.springer.com/article/10.1007/s41745-023-00406-4","","2023","2026-07-02 19:59:12","2026-07-10 00:57:20","","","","","","","Journal of the Indian Institute of Science","","","","","","","","","","","","","","","","","","","","","","","","","","","","","","","","","","","","","","","","","","","","","","","","","","","","","","","","","","","","","","","","","",""
"6CS6QJ2W","journalArticle","2022","Daming ZhengFlorian RaffinPolina VolovitchThierry Pauporté","Control of perovskite film crystallization and growth direction to target homogeneous monolithic structures","Nature Communications","","","10.1038/s41467-022-34332-3","https://link.springer.com/article/10.1038/s41467-022-34332-3","","2022","2026-07-02 19:59:13","2026-07-10 00:57:40","","","","","","","Nature Communications","","","","","","","","","","","","","","","","","","","","","","","","","","","","","","","","","","","","","","","","","","","","","","","","","","","","","","","","","","","","","","","","","",""
"AK8YLE4F","journalArticle","2021","Giovanni AcamporaRoberto Schiattarella","Deep neural networks for quantum circuit mapping","Neural Computing and Applications","","","10.1007/s00521-021-06009-3","https://link.springer.com/article/10.1007/s00521-021-06009-3","","2021","2026-07-02 19:59:13","2026-07-10 00:58:21","","","","","","","Neural Computing and Applications","","","","","","","","","","","","","","","","","","","","","","","","","","","","","","","","","","","","","","","","","","","","","","","","","","","","","","","","","","","","","","","","","",""
"RHV6SI8B","journalArticle","2021","Jie SuXuchao GuoChengqi LiuShuhan LuLin Li","An improved novel quantum image representation and its experimental test on IBM quantum experience","Scientific Reports","","","10.1038/s41598-021-93471-7","https://link.springer.com/article/10.1038/s41598-021-93471-7","","2021","2026-07-02 19:59:13","2026-07-10 00:58:56","","","","","","","Scientific Reports","","","","","","","","","","","","","","","","","","","","","","","","","","","","","","","","","","","","","","","","","","","","","","","","","","","","","","","","","","","","","","","","","",""
"H49G78HQ","journalArticle","2022","Massimiliano IncudiniFabio TaroccoRiccardo MengoniAlessandra Di PierroAntonio Mandarino","Computing graph edit distance on quantum devices","Quantum Machine Intelligence","","","10.1007/s42484-022-00077-x","https://link.springer.com/article/10.1007/s42484-022-00077-x","","2022","2026-07-02 19:59:13","2026-07-10 01:00:37","","","","","","","Quantum Machine Intelligence","","","","","","","","","","","","","","","","","","","","","","","","","","","","","","","","","","","","","","","","","","","","","","","","","","","","","","","","","","","","","","","","","",""
"3CMHR2E2","journalArticle","2022","Omar MalikXiangyi MengShlomo HavlinGyorgy KornissBoleslaw Karol SzymanskiJianxi Gao","Concurrence percolation threshold of large-scale quantum networks","Communications Physics","","","10.1038/s42005-022-00958-4","https://link.springer.com/article/10.1038/s42005-022-00958-4","","2022","2026-07-02 19:59:13","2026-07-10 01:00:59","","","","","","","Communications Physics","","","","","","","","","","","","","","","","","","","","","","","","","","","","","","","","","","","","","","","","","","","","","","","","","","","","","","","","","","","","","","","","","",""
"2QY78AK4","journalArticle","2021","Vicente MartinJuan Pedro BritoCarmen EscribanoMarco MenchettiCatherine WhiteAndrew LordFelix WisselMatthias GunkelPaulette GavignetNaveena GenayOlivier Le MoultCarlos AbellánAntonio ManzaliniAntonio Pastor-PeralesVictor LópezDiego López","Quantum technologies in the telecommunications industry","EPJ Quantum Technology","","","10.1140/epjqt/s40507-021-00108-9","https://link.springer.com/article/10.1140/epjqt/s40507-021-00108-9","","2021","2026-07-02 19:59:13","2026-07-10 01:02:33","","","","","","","EPJ Quantum Technology","","","","","","","","","","","","","","","","","","","","","","","","","","","","","","","","","","","","","","","","","","","","","","","","","","","","","","","","","","","","","","","","","",""
"HZZL9URS","journalArticle","2021","Nina M. ĆulumTyler T. CooperGillian I. BellDavid A. HessFrançois Lagugné-Labarthet","Characterization of extracellular vesicles derived from mesenchymal stromal cells by surface-enhanced Raman spectroscopy","Analytical and Bioanalytical Chemistry","","","10.1007/s00216-021-03464-8","https://link.springer.com/article/10.1007/s00216-021-03464-8","","2021","2026-07-02 19:59:13","2026-07-10 01:00:57","","","","","","","Analytical and Bioanalytical Chemistry","","","","","","","","","","","","","","","","","","","","","","","","","","","","","","","","","","","","","","","","","","","","","","","","","","","","","","","","","","","","","","","","","",""
"RUU6UJSG","journalArticle","2022","Yannick DevilleAlain DevilleAli MansourCornel Ioana","Statistical intrusion detection and eavesdropping in quantum channels with coupling: multiple-preparation and single-preparation methods","Quantum Information Processing","","","10.1007/s11128-022-03436-6","https://link.springer.com/article/10.1007/s11128-022-03436-6","","2022","2026-07-02 19:59:13","2026-07-10 01:02:55","","","","","","","Quantum Information Processing","","","","","","","","","","","","","","","","","","","","","","","","","","","","","","","","","","","","","","","","","","","","","","","","","","","","","","","","","","","","","","","","","",""
"Z3VQPMUV","bookSection","2021","N. AresA. N. PearsonG. A. D. Briggs","Eight Oxford Questions: Quantum Mechanics Under a New Light","Do Wave Functions Jump?","","","10.1007/978-3-030-46777-7_25","https://link.springer.com/chapter/10.1007/978-3-030-46777-7_25","","2021","2026-07-02 19:59:13","2026-07-10 01:00:49","","","","","","","","","","","","","","","","","","","","","","","","","","","","","","","","","","","","","","","","","","","","","","","","","","","","","","","","","","","","","","","","","","","","","","","","",""
"ITYKAVQU","journalArticle","2022","Randy KuangMichel Barbeau","Quantum permutation pad for universal quantum-safe cryptography","Quantum Information Processing","","","10.1007/s11128-022-03557-y","https://link.springer.com/article/10.1007/s11128-022-03557-y","","2022","2026-07-02 19:59:13","2026-07-10 01:01:23","","","","","","","Quantum Information Processing","","","","","","","","","","","","","","","","","","","","","","","","","","","","","","","","","","","","","","","","","","","","","","","","","","","","","","","","","","","","","","","","","",""
"XYYUTQGD","conferencePaper","2021","Bohdan Yavorskyy","Computer Simulation for Quantum Tomography","","","","10.1007/978-3-030-63270-0_41","https://link.springer.com/chapter/10.1007/978-3-030-63270-0_41","","2021","2026-07-02 19:59:13","2026-07-10 00:57:26","","","","","","","","","","","","","","","","","","","","","","","","","","","","","","","","","","","","","","","","","","","","","","","","","","","","","","","","","","Advances in Intelligent Systems and Computing V","","","","","","","","","","","","","","",""
"2A7WUFSL","journalArticle","2021","Anthony Alexiades ArmenakasOliver K. Baker","Implementation and analysis of quantum computing application to Higgs boson reconstruction at the large Hadron Collider","Scientific Reports","","","10.1038/s41598-021-01552-4","https://link.springer.com/article/10.1038/s41598-021-01552-4","","2021","2026-07-02 19:59:13","2026-07-10 00:57:19","","","","","","","Scientific Reports","","","","","","","","","","","","","","","","","","","","","","","","","","","","","","","","","","","","","","","","","","","","","","","","","","","","","","","","","","","","","","","","","",""
"8HES9NFK","journalArticle","2022","Elija Perrier","The Quantum Governance Stack: Models of Governance for Quantum Information Technologies","Digital Society","","","10.1007/s44206-022-00019-x","https://link.springer.com/article/10.1007/s44206-022-00019-x","","2022","2026-07-02 19:59:13","2026-07-10 00:57:47","","","","","","","Digital Society","","","","","","","","","","","","","","","","","","","","","","","","","","","","","","","","","","","","","","","","","","","","","","","","","","","","","","","","","","","","","","","","","",""
"YQVMGHFQ","journalArticle","2023","Chong-Qiang YeJian LiXiu-Bo ChenYanyan HouZhuo Wang","Security and application of semi-quantum key distribution protocol for users with different quantum capabilities","EPJ Quantum Technology","","","10.1140/epjqt/s40507-023-00180-3","https://link.springer.com/article/10.1140/epjqt/s40507-023-00180-3","","2023","2026-07-02 19:59:13","2026-07-10 00:57:33","","","","","","","EPJ Quantum Technology","","","","","","","","","","","","","","","","","","","","","","","","","","","","","","","","","","","","","","","","","","","","","","","","","","","","","","","","","","","","","","","","","",""
"XY2GLQ6Q","journalArticle","2021","Peter NimbeBenjamin Asubam WeyoriAdebayo Felix Adekoya","Models in quantum computing: a systematic review","Quantum Information Processing","","","10.1007/s11128-021-03021-3","https://link.springer.com/article/10.1007/s11128-021-03021-3","","2021","2026-07-02 19:59:13","2026-07-10 01:01:07","","","","","","","Quantum Information Processing","","","","","","","","","","","","","","","","","","","","","","","","","","","","","","","","","","","","","","","","","","","","","","","","","","","","","","","","","","","","","","","","","",""
"CWZD7QEZ","journalArticle","2021","Emanuele PelucchiGiorgos FagasIgor AharonovichDirk EnglundEden FigueroaQihuang GongHübel HannesJin LiuChao-Yang LuNobuyuki MatsudaJian-Wei PanFlorian SchreckFabio SciarrinoChristine SilberhornJianwei WangKlaus D. Jöns","The potential and global outlook of integrated photonics for quantum technologies","Nature Reviews Physics","","","10.1038/s42254-021-00398-z","https://link.springer.com/article/10.1038/s42254-021-00398-z","","2021","2026-07-02 19:59:13","2026-07-10 00:57:56","","","","","","","Nature Reviews Physics","","","","","","","","","","","","","","","","","","","","","","","","","","","","","","","","","","","","","","","","","","","","","","","","","","","","","","","","","","","","","","","","","",""
"GFX8XDNY","journalArticle","2022","Luka MusicCéline ChevalierElham Kashefi","Dispelling myths on superposition attacks: formal security model and attack analyses","Designs, Codes and Cryptography","","","10.1007/s10623-022-01017-3","https://link.springer.com/article/10.1007/s10623-022-01017-3","","2022","2026-07-02 19:59:13","2026-07-10 00:59:22","","","","","","","Designs, Codes and Cryptography","","","","","","","","","","","","","","","","","","","","","","","","","","","","","","","","","","","","","","","","","","","","","","","","","","","","","","","","","","","","","","","","","",""
"L72CFDBQ","bookSection","2021","Robert U. Ayres","The Internet and the World Wide Web","The History and Future of Technology","","","10.1007/978-3-030-71393-5_20","https://link.springer.com/chapter/10.1007/978-3-030-71393-5_20","","2021","2026-07-02 19:59:13","2026-07-10 01:01:25","","","","","","","","","","","","","","","","","","","","","","","","","","","","","","","","","","","","","","","","","","","","","","","","","","","","","","","","","","","","","","","","","","","","","","","","",""
"ESQYQ6EG","journalArticle","2025","Muhammad AbuGhanem","IBM quantum computers: evolution, performance, and future directions","The Journal of Supercomputing","","","10.1007/s11227-025-07047-7","https://link.springer.com/article/10.1007/s11227-025-07047-7","","2025","2026-07-02 19:59:13","2026-07-10 01:00:45","","","","","","","The Journal of Supercomputing","","","","","","","","","","","","","","","","","","","","","","","","","","","","","","","","","","","","","","","","","","","","","","","","","","","","","","","","","","","","","","","","","",""
"FD2TRMMC","journalArticle","2022","Byeongdeuk JangJae-Yong ChoungInje Kang","Knowledge production patterns of China and the US: quantum technology","Scientometrics","","","10.1007/s11192-022-04478-4","https://link.springer.com/article/10.1007/s11192-022-04478-4","","2022","2026-07-02 19:59:13","2026-07-10 00:57:26","","","","","","","Scientometrics","","","","","","","","","","","","","","","","","","","","","","","","","","","","","","","","","","","","","","","","","","","","","","","","","","","","","","","","","","","","","","","","","",""
"PGUZE4S2","bookSection","2021","Santanu Ganguly","Deep Quantum Learning","Quantum Machine Learning: An Applied Approach","","","10.1007/978-1-4842-7098-1_8","https://link.springer.com/chapter/10.1007/978-1-4842-7098-1_8","","2021","2026-07-02 19:59:13","2026-07-10 01:01:46","","","","","","","","","","","","","","","","","","","","","","","","","","","","","","","","","","","","","","","","","","","","","","","","","","","","","","","","","","","","","","","","","","","","","","","","",""
"7IQPUDHL","bookSection","2021","Santanu Ganguly","QML Algorithms I","Quantum Machine Learning: An Applied Approach","","","10.1007/978-1-4842-7098-1_5","https://link.springer.com/chapter/10.1007/978-1-4842-7098-1_5","","2021","2026-07-02 19:59:13","2026-07-10 01:01:47","","","","","","","","","","","","","","","","","","","","","","","","","","","","","","","","","","","","","","","","","","","","","","","","","","","","","","","","","","","","","","","","","","","","","","","","",""
"W6TVV25M","journalArticle","2021","Anubhab BaksiKyungbae JangGyeongju SongHwajeong SeoZejun Xiang","Quantum implementation and resource estimates for Rectangle and Knot","Quantum Information Processing","","","10.1007/s11128-021-03307-6","https://link.springer.com/article/10.1007/s11128-021-03307-6","","2021","2026-07-02 19:59:13","2026-07-10 00:57:20","","","","","","","Quantum Information Processing","","","","","","","","","","","","","","","","","","","","","","","","","","","","","","","","","","","","","","","","","","","","","","","","","","","","","","","","","","","","","","","","","",""
"M79KF2B9","bookSection","2021","Volker Lang","Quantum Computing","Digital Fluency","","","10.1007/978-1-4842-6774-5_2","https://link.springer.com/chapter/10.1007/978-1-4842-6774-5_2","","2021","2026-07-02 19:59:13","2026-07-10 01:02:37","","","","","","","","","","","","","","","","","","","","","","","","","","","","","","","","","","","","","","","","","","","","","","","","","","","","","","","","","","","","","","","","","","","","","","","","",""
"RBW2A2LI","journalArticle","2022","Cynthia OlveraOscar MontielYoshio Rubio","Quantum-inspired evolutionary algorithms on continuous space multiobjective problems","Soft Computing","","","10.1007/s00500-022-06916-0","https://link.springer.com/article/10.1007/s00500-022-06916-0","","2022","2026-07-02 19:59:13","2026-07-10 00:57:35","","","","","","","Soft Computing","","","","","","","","","","","","","","","","","","","","","","","","","","","","","","","","","","","","","","","","","","","","","","","","","","","","","","","","","","","","","","","","","",""
"ZI7575IT","journalArticle","2023","Jie XuRi-Gui Zhou","Asymmetric bidirectional cyclic controlled quantum teleportation in noisy environment","Quantum Information Processing","","","10.1007/s11128-023-04116-9","https://link.springer.com/article/10.1007/s11128-023-04116-9","","2023","2026-07-02 19:59:13","2026-07-10 00:58:56","","","","","","","Quantum Information Processing","","","","","","","","","","","","","","","","","","","","","","","","","","","","","","","","","","","","","","","","","","","","","","","","","","","","","","","","","","","","","","","","","",""
"QBPQSJX7","journalArticle","2021","Gary WolfowiczF. Joseph HeremansChristopher P. AndersonShun KanaiHosung SeoAdam GaliGiulia GalliDavid D. Awschalom","Quantum guidelines for solid-state spin defects","Nature Reviews Materials","","","10.1038/s41578-021-00306-y","https://link.springer.com/article/10.1038/s41578-021-00306-y","","2021","2026-07-02 19:59:13","2026-07-10 00:58:19","","","","","","","Nature Reviews Materials","","","","","","","","","","","","","","","","","","","","","","","","","","","","","","","","","","","","","","","","","","","","","","","","","","","","","","","","","","","","","","","","","",""
"9LJCYN3T","journalArticle","2022","Yuting ZhengChengming LiJinlong LiuJunjun WeiXiaotong ZhangHaitao YeXiaoping Ouyang","Chemical vapor deposited diamond with versatile grades: from gemstone to quantum electronics","Frontiers of Materials Science","","","10.1007/s11706-022-0590-z","https://link.springer.com/article/10.1007/s11706-022-0590-z","","2022","2026-07-02 19:59:13","2026-07-10 01:02:59","","","","","","","Frontiers of Materials Science","","","","","","","","","","","","","","","","","","","","","","","","","","","","","","","","","","","","","","","","","","","","","","","","","","","","","","","","","","","","","","","","","",""
"RQ7SBYTH","bookSection","2021","Venkateswaran Kasirajan","Quantum Circuits and DiVincenzo Criteria","Fundamentals of Quantum Computing","","","10.1007/978-3-030-63689-0_5","https://link.springer.com/chapter/10.1007/978-3-030-63689-0_5","","2021","2026-07-02 19:59:13","2026-07-10 01:02:33","","","","","","","","","","","","","","","","","","","","","","","","","","","","","","","","","","","","","","","","","","","","","","","","","","","","","","","","","","","","","","","","","","","","","","","","",""
"4H87884N","conferencePaper","2025","Xiaoan Lin","An Evidence of Addressing Coherence Errors in VQE Observables by Pulse-Level VQE Approach","","","","10.1007/978-3-031-84460-7_6","https://link.springer.com/chapter/10.1007/978-3-031-84460-7_6","","2025","2026-07-03 13:55:15","2026-07-03 13:55:15","","","","","","","","","","","","","","","","","","","","","","","","","","","","","","","","","","","","","","","","","","","","","","","","","","","","","","","","","","Advances in Information and Communication","","","","","","","","","","","","","","",""
"NBY3AAWF","conferencePaper","2024","Asmar MuqeetShaukat AliPaolo Arcaini","Approximating Stochastic Quantum Noise Through Genetic Programming","","","","10.1007/978-3-031-64573-0_5","https://link.springer.com/chapter/10.1007/978-3-031-64573-0_5","","2024","2026-07-03 13:55:14","2026-07-03 13:55:14","","","","","","","","","","","","","","","","","","","","","","","","","","","","","","","","","","","","","","","","","","","","","","","","","","","","","","","","","","Search-Based Software Engineering","","","","","","","","","","","","","","",""
"BL2ZMJ9S","bookSection","2026","Archisman GhoshAvimita ChatterjeeSwaroop Ghosh","Design Automation in Quantum Error Correction","Design Automation for Quantum Computing","","","10.1007/978-3-032-09303-5_6","https://link.springer.com/chapter/10.1007/978-3-032-09303-5_6","","2026","2026-07-03 13:55:12","2026-07-03 13:55:12","","","","","","","","","","","","","","","","","","","","","","","","","","","","","","","","","","","","","","","","","","","","","","","","","","","","","","","","","","","","","","","","","","","","","","","","",""
"KGZVJGNP","conferencePaper","2026","Javier Romero-ÁlvarezJaime Alvarado-ValienteAntonio Jesus Sanchez-GilEnrique MoguelJose Garcia-Alonso","AI-Driven Resource Optimization of Quantum Service Computing","","","","10.1007/978-981-95-5015-9_26","https://link.springer.com/chapter/10.1007/978-981-95-5015-9_26","","2026","2026-07-03 13:55:11","2026-07-03 13:55:11","","","","","","","","","","","","","","","","","","","","","","","","","","","","","","","","","","","","","","","","","","","","","","","","","","","","","","","","","","Service-Oriented Computing","","","","","","","","","","","","","","",""
"WXBK86ZA","journalArticle","2025","Paul D. NationAbdullah Ash SakiSebastian BrandhoferLuciano BelloShelly GarionMatthew TreinishAli Javadi-Abhari","Benchmarking the performance of quantum computing software for quantum circuit creation, manipulation and compilation","Nature Computational Science","","","10.1038/s43588-025-00792-y","https://link.springer.com/article/10.1038/s43588-025-00792-y","","2025","2026-07-03 13:55:11","2026-07-03 13:55:11","","","","","","","Nature Computational Science","","","","","","","","","","","","","","","","","","","","","","","","","","","","","","","","","","","","","","","","","","","","","","","","","","","","","","","","","","","","","","","","","",""
"7F2MVLEF","conferencePaper","2025","Yu-Fang ChenKai-Min ChungMin-Hsiu HsiehWei-Jia HuangOndřej LengálJyun-Ao LinWei-Lun Tsai","AutoQ 2.0: From Verification of Quantum Circuits to Verification of Quantum Programs","","","","10.1007/978-3-031-90660-2_5","https://link.springer.com/chapter/10.1007/978-3-031-90660-2_5","","2025","2026-07-03 13:55:10","2026-07-03 13:55:10","","","","","","","","","","","","","","","","","","","","","","","","","","","","","","","","","","","","","","","","","","","","","","","","","","","","","","","","","","Tools and Algorithms for the Construction and Analysis of Systems","","","","","","","","","","","","","","",""
"8B9PPGYQ","journalArticle","2025","Nils QuetschlichOlivia Di Matteo","An experience-based classification of quantum bugs in quantum software","Computing","","","10.1007/s00607-025-01547-3","https://link.springer.com/article/10.1007/s00607-025-01547-3","","2025","2026-07-03 13:55:10","2026-07-03 13:55:10","","","","","","","Computing","","","","","","","","","","","","","","","","","","","","","","","","","","","","","","","","","","","","","","","","","","","","","","","","","","","","","","","","","","","","","","","","","",""
"96ASVHL2","journalArticle","2025","Mir Mohammad YousufShabir Ahmad Sofi","Bug Classification in quantum software: a rule-based framework and its evaluation","Automated Software Engineering","","","10.1007/s10515-025-00585-7","https://link.springer.com/article/10.1007/s10515-025-00585-7","","2025","2026-07-03 13:55:10","2026-07-03 13:55:10","","","","","","","Automated Software Engineering","","","","","","","","","","","","","","","","","","","","","","","","","","","","","","","","","","","","","","","","","","","","","","","","","","","","","","","","","","","","","","","","","",""
"MQJJTT4V","conferencePaper","2025","T. Li; Z. Zhao; J. Yin","AutoFid: Adaptive and Noise-Aware Fidelity Measurement for Quantum Programs via Circuit Graph Analysis","2025 40th IEEE/ACM International Conference on Automated Software Engineering (ASE)","2643-1572","","10.1109/ASE63991.2025.00216","","Quantum computers in the Noisy Intermediate-Scale Quantum (NISQ) era face significant challenges due to inherent noise and limited qubit coherence. Accurate fidelity evaluation of quantum states necessitates multiple repeated measurements to obtain statistical results. But determining the optimal number of measurements remains an open problem due to the dynamic, device-dependent nature of quantum noise. Existing methods either assume prior knowledge of the noise model or inherently employ a fixed measurement strategy, which limits their applicability in practical deployment scenarios. This paper presents AutoFid, an adaptive and noise-aware fidelity measurement framework that automatically determines the number of required tests based on circuit structure and hardware feedback. AutoFid models quantum circuits as Directed Acyclic Graphs and estimates structural complexity via random walks, enabling estimation of measurement effort. It further incorporates transpilation-aware features such as gate fidelity, depth inflation, and crosstalk to refine iteration budgets. During runtime, AutoFid dynamically samples fidelity results and employs an early stopping strategy based on confidence intervals to reduce redundant measurements while preserving accuracy guarantees. We evaluate AutoFid on 18 quantum benchmarks executed on real IBMQ hardware platforms. Experimental results show that AutoFid reduces measurement costs by more than 50% compared to both fixed-shot and learning-based baselines, while consistently maintaining fidelity bias below 0.01. Additional analysis using classical software testing metrics and ablation studies demonstrate its effectiveness, robustness, and adaptability across a wide range of quantum workloads.","2025-11-16","2026-07-03 13:55:09","2026-07-03 13:55:09","","2631-2643","","","","","","","","","","","","","","","","","","","","Journal Abbreviation: 2025 40th IEEE/ACM International Conference on Automated Software Engineering (ASE)","","","","Accuracy; Hardware; Noise measurement; Integrated circuit modeling; Benchmark testing; Estimation; Complexity theory; Noise; Adaptation models; Software testing; Quantum software testing; Adaptive fidelity estimation; Confidence intervals; Mixing time","","","","","","","","","","","","","","","","","","","","","","","","","","","","","","","","2025 40th IEEE/ACM International Conference on Automated Software Engineering (ASE)","","","","","","","","","","","","","","",""
"TSEEWJKJ","journalArticle","2025","N. Sato; R. Katsube","Bug-Locating Method Based on Statistical Testing for Quantum Programs","IEEE Transactions on Software Engineering","","1939-3520","10.1109/TSE.2025.3597316","","When a bug is detected by testing a quantum program on a quantum computer, we want to determine its location to fix it. To locate the bug, the quantum program is divided into several segments, and each segment is tested. However, to prepare a quantum state that is input to a segment, it is necessary to execute all the segments ahead of that segment in a quantum computer. This means that the cost of testing each segment depends on its location. We can also locate a buggy segment only if it is confirmed that there are no bugs in all segments ahead of that buggy segment. Since a quantum program is tested statistically on the basis of measurement results, there is a tradeoff between testing accuracy and cost. These characteristics are unique to quantum programs and complicate locating bugs. We propose an efficient bug-locating method consisting of four approaches, i.e., cost-based binary search, early determination, finalization, and looking back, which take these characteristics into account. We present experimental results indicating that the proposed method can reduce bug-locating cost, represented as the number of executed quantum gates, compared with naive methods that do not use the four approaches. The limitations and usefulness of the proposed method are also discussed on the basis of the experimental results.","2025-10","2026-07-03 13:55:09","2026-07-03 13:55:09","","2804-2829","","10","51","","IEEE Transactions on Software Engineering","","","","","","","","","","","","","","","","","","","Quantum state; Accuracy; Quantum circuit; Computer bugs; Debugging; Logic gates; Qubit; Costs; Runtime; Testing; statistical methods; Testing and debugging; testing strategies","","","","","","","","","","","","","","","","","","","","","","","","","","","","","","","","","","","","","","","","","","","","","","",""
"8D7UTDZM","conferencePaper","2024","M. Lewis; P. Zuliani; S. Soudjani","Automated Verification of Silq Quantum Programs using SMT Solvers","2024 IEEE International Conference on Quantum Software (QSW)","","","10.1109/QSW62656.2024.00027","","We present SilVer (Silq Verification), an automated tool for verifying behaviors of quantum programs written in Silq, which is a high-level programming language for quantum computing. The goal of the verification is to ensure correctness of the Silq quantum program against user-defined specifications using SMT solvers. We introduce a programming model that is based on a quantum RAM-style computer as an interface between Silq programs and SMT proof obligations, allowing for control of quantum operations using both classical and quantum conditions. Additionally, users can employ measurement flags within the specification to easily specify conditions that measurement results require to satisfy for being a valid behavior. We provide case studies on the verification of generating entangled states and multiple oracle-based algorithms.","2024-07-07","2026-07-03 13:55:09","2026-07-03 13:55:09","","125-134","","","","","","","","","","","","","","","","","","","","Journal Abbreviation: 2024 IEEE International Conference on Quantum Software (QSW)","","","","Quantum entanglement; Programming; Quantum computing; Computational modeling; Computer languages; Adaptation models; Intermediate representation; Program verification; Quantum programs; Silq; Silver; SMT Solvers","","","","","","","","","","","","","","","","","","","","","","","","","","","","","","","","2024 IEEE International Conference on Quantum Software (QSW)","","","","","","","","","","","","","","",""
"42MD9S2K","conferencePaper","2023","C. K. -U. Becker; I. -D. Gheorghe-Pop; N. Tcholtchev","A Testing Pipeline for Quantum Computing Applications","2023 IEEE International Conference on Quantum Software (QSW)","","","10.1109/QSW59989.2023.00016","","As the scientific community is increasing the coverage of the quantum computing domain ranging from theoretical physics to financial applications, so does the number of quantum computing applications being developed for quantum computing hardware that is available today. As this hardware evolves towards increased capacity in terms of qubit number and increased fidelity, so does the complexity of quantum computing applications that implement the state-of-the-art of (hybrid) quantum algorithms. With this comes an increased demand for quantum software engineering practices where testing is a crucial part of the development process. Hence, a robust approach that addresses certain challenges and peculiarities related to the quantum computing domain is needed for the testing process. This paper proposes a standard-ready testing pipeline that covers the requirements of testing in a continuous development cycle as part of a modern quantum software engineering lifecycle.","2023-07-02","2026-07-03 13:55:09","2026-07-03 13:55:09","","54-59","","","","","","","","","","","","","","","","","","","","Journal Abbreviation: 2023 IEEE International Conference on Quantum Software (QSW)","","","","Software; Quantum computing; Debugging; NISQ; Qubit; Quantum mechanics; Testing; Pipelines; Quantum Software Engineering; Writing","","","","","","","","","","","","","","","","","","","","","","","","","","","","","","","","2023 IEEE International Conference on Quantum Software (QSW)","","","","","","","","","","","","","","",""
"IDITARSM","conferencePaper","2021","P. Zhao; J. Zhao; Z. Miao; S. Lan","Bugs4Q: A Benchmark of Real Bugs for Quantum Programs","2021 36th IEEE/ACM International Conference on Automated Software Engineering (ASE)","2643-1572","","10.1109/ASE51524.2021.9678908","","Realistic benchmarks of reproducible bugs and fixes are vital to good experimental evaluation of debugging and testing approaches. However, there is no suitable benchmark suite that can systematically evaluate the debugging and testing methods of quantum programs until now. This paper proposes Bugs4Q, a benchmark of thirty-six real, manually validated Qiskit bugs from four popular Qiskit elements (Terra, Aer, Ignis, and Aqua), supplemented with the test cases for reproducing buggy behaviors. Bugs4Q also provides interfaces for accessing the buggy and fixed versions of the Qiskit programs and executing the corresponding test cases, facilitating the reproducible empirical studies and comparisons of Qiskit program debugging and testing tools. Bugs4Q is publicly available at https://github.com/Z-928/Bugs4Q","2021-11-15","2026-07-03 13:55:08","2026-07-03 13:55:08","","1373-1376","","","","","","","","","","","","","","","","","","","","Journal Abbreviation: 2021 36th IEEE/ACM International Conference on Automated Software Engineering (ASE)","","","","Software; Computer bugs; Debugging; Software engineering; Benchmark testing; Qiskit; Quantum software testing; benchmark suite; Bugs4Q; quantum program debugging","","","","","","","","","","","","","","","","","","","","","","","","","","","","","","","","2021 36th IEEE/ACM International Conference on Automated Software Engineering (ASE)","","","","","","","","","","","","","","",""
"CTANQGSJ","conferencePaper","2025","M. Roth; D. A. Kreplin; D. Basilewitsch; J. F. Bravo; D. Klau; M. Marinov; D. Pranjić; P. Schichtel; H. Stuehler; M. Willmann; M. -A. Zöller","AutoQML: A Framework for Automated Quantum Machine Learning","2025 IEEE International Conference on Quantum Software (QSW)","","","10.1109/QSW67625.2025.00019","","Automated Machine Learning (AutoML) has significantly advanced the efficiency of ML-focused software development by automating hyperparameter optimization and pipeline construction, reducing the need for manual intervention. Quantum Machine Learning (QML) offers the potential to surpass classical machine learning (ML) capabilities by utilizing quantum computing. However, the complexity of QML presents substantial entry barriers. We introduce AutoQML, a novel framework that adapts the AutoML approach to QML, providing a modular and unified programming interface to facilitate the development of QML pipelines. AutoQML leverages the QML library sQUlearn to support a variety of QML algorithms. The framework is capable of constructing end-to-end pipelines for supervised learning tasks, ensuring accessibility and efficacy. We evaluate AutoQML across four industrial use cases, demonstrating its ability to generate high-performing QML pipelines that are competitive with both classical ML models and manually crafted quantum solutions.","2025-07-07","2026-07-03 13:55:07","2026-07-03 13:55:07","","81-91","","","","","","","","","","","","","","","","","","","","Journal Abbreviation: 2025 IEEE International Conference on Quantum Software (QSW)","","","","Software; Quantum computing; Software development management; Benchmark testing; Quantum Computing; Libraries; Quantum Machine Learning; Pipelines; Python; Automated machine learning; AutoML; Hyperparameter optimization; Machine Learning; Python Library; Supervised learning","","","","","","","","","","","","","","","","","","","","","","","","","","","","","","","","2025 IEEE International Conference on Quantum Software (QSW)","","","","","","","","","","","","","","",""
"4436U25P","conferencePaper","2022","S. A. Metwalli; R. Van Meter","A Tool For Debugging Quantum Circuits","2022 IEEE International Conference on Quantum Computing and Engineering (QCE)","","","10.1109/QCE53715.2022.00085","","As the scale of quantum programs grows to match that of classical software, the nascent field of quantum software engineering must mature and tools such as debuggers will become increasingly important. However, developing a quantum debugger is challenging due to the nature of a quantum computer; sneaking a peek at the value of a quantum state will cause either partial or complete collapse of the superposition and may destroy the necessary entanglement. As a first step to developing a full quantum circuit debugger, we have designed and implemented a quantum circuit debugging tool. The tool allows the user to divide the circuit vertically or horizontally into smaller chunks known as slices, and manage their simulation or execution for either interactive debugging or automated testing. The tool also enables developers to track gates within the overall circuit and each chunk to understand their behavior better. Feedback on usefulness and usability from early users shows that using the tool to slice and test their circuits has helped make the debugging process more time-efficient for them.","2022-09-18","2026-07-03 13:55:07","2026-07-03 13:55:07","","624-634","","","","","","","","","","","","","","","","","","","","Journal Abbreviation: 2022 IEEE International Conference on Quantum Computing and Engineering (QCE)","","","","Quantum state; Quantum circuit; Quantum entanglement; Software; Debugging; Quantum circuits; Logic gates; Quantum Software; Usability","","","","","","","","","","","","","","","","","","","","","","","","","","","","","","","","2022 IEEE International Conference on Quantum Computing and Engineering (QCE)","","","","","","","","","","","","","","",""
"23DV4LA2","conferencePaper","2021","S. Brandhofer; S. Devitt; I. Polian","ArsoNISQ: Analyzing Quantum Algorithms on Near-Term Architectures","2021 IEEE European Test Symposium (ETS)","1558-1780","","10.1109/ETS50041.2021.9465414","","While scalable, fully error corrected quantum computing is years or even decades away, there is considerable interest in noisy intermediate-scale quantum computing (NISQ). In this paper, we introduce the ArsoNISQ framework that determines the tolerable error rate of a given quantum algorithm computation, i.e. quantum circuits, and the success probability of the computation given a success criterion and a NISQ computer. ArsoNISQ is based on simulations of quantum circuits subject to errors according to the Pauli error model.ArsoNISQ was evaluated on a set of quantum algorithms that can incur a quantum speedup or are otherwise relevant to NISQ computing. Despite optimistic expectations in recent literature, we did not observe quantum algorithms with intrinsic robustness, i.e. algorithms that tolerate one error on average, in this evaluation. The evaluation demonstrated, however, that the quantum circuit size sets an upper bound for its tolerable error rate and quantified the difference in tolerate error rates for quantum circuits of similar sizes. Thus, the framework can assist quantum algorithm developers in improving their implementation and selecting a suitable NISQ computing platform. Extrapolating the results into the quantum advantage regime suggests that the error rate of larger quantum computers must decrease substantially or active quantum error correction will need to be deployed for most of the evaluated algorithms.","2021-05-24","2026-07-03 13:55:07","2026-07-03 13:55:07","","1-6","","","","","","","","","","","","","","","","","","","","Journal Abbreviation: 2021 IEEE European Test Symposium (ETS)","","","","Logic gates; Computational modeling; Quantum Computing; Quantum algorithm; Error analysis; Upper bound; Robustness; Quantum Algorithm Design; Error correction; Error Simulation; Error Tolerance Analysis; NISQ Computing","","","","","","","","","","","","","","","","","","","","","","","","","","","","","","","","2021 IEEE European Test Symposium (ETS)","","","","","","","","","","","","","","",""
"5J7WS33U","journalArticle","2021","S. Diadamo; J. Nötzel; B. Zanger; M. M. Beşe","QuNetSim: A Software Framework for Quantum Networks","IEEE Transactions on Quantum Engineering","","2689-1808","10.1109/TQE.2021.3092395","","As quantum network technologies develop, the need for teaching and engineering tools such as simulators and emulators rises. QuNetSim addresses this need. QuNetSim is a Python software framework that delivers an easy-to-use interface for simulating quantum networks at the network layer, which can be extended at little effort of the user to implement the corresponding link layer protocols. The goal of QuNetSim is to make it easier to investigate and test quantum networking protocols over various quantum network configurations and parameters. The framework incorporates many known quantum network protocols so that users can quickly build simulations using a quantum-networking toolbox in a few lines of code and so that beginners can easily learn to implement their own quantum networking protocols. Unlike most current tools, QuNetSim simulates with real time and is, therefore, well suited to control laboratory hardware. Here, we present a software design overview of QuNetSim and demonstrate examples of protocols implemented with it. We describe ongoing work, which uses QuNetSim as a library, and describe possible future directions for the development of QuNetSim.","2021","2026-07-03 13:55:06","2026-07-03 13:55:06","","1-12","","","2","","IEEE Transactions on Quantum Engineering","","","","","","","","","","","","","","","","","","","Protocols; Quantum entanglement; Computational modeling; Qubit; Physical layer; Quantum Internet; quantum networking; Quantum networks; quantum simulation; quantum software; Task analysis","","","","","","","","","","","","","","","","","","","","","","","","","","","","","","","","","","","","","","","","","","","","","","",""